<?xml version="1.0" encoding="ISO-8859-1"?>
<matrix_reduce>
<meta>
	<time>04-09-2018 09:53:26</time>
	<source>curated_db.meme</source>
	<comment>meme2psam.py</comment>
	<nsites>100</nsites>
	<e-value>0.0</e-value>
</meta>

<directionality>forward</directionality>
<psam_length>17</psam_length>
<optimal_sequence>TAAACTAATTAGCTGAG</optimal_sequence>

<psam>
# A            C            G            T             # no. opt  
# +============+============+============+============ # ==+===+==
  0.555556     0.0555556    0.240741     1             #   1   T  
  1            0.540541     0.648649     0.513514      #   2   A  
  1            0.439024     0.390244     0.609756      #   3   A  
  1            0.283019     0.433962     0.169811      #   4   A  
  0.0833333    1            0.0208333    0.979167      #   5   C  
  0            0.0869565    0            1             #   6   T  
  1            0.010101     0            0             #   7   A  
  1            0            0.010101     0             #   8   A  
  0            0.010101     0            1             #   9   T  
  0            0            0.010101     1             #  10   T  
  1            0            0.0879121    0.010989      #  11   A  
  0.979167     0.0208333    1            0.0833333     #  12   G  
  0.181818     1            0.113636     0.977273      #  13   C  
  0.102941     0.220588     0.147059     1             #  14   T  
  0.705882     0.794118     1            0.441176      #  15   G  
  1            0.44186      0.325581     0.55814       #  16   A  
  0.928571     0.892857     1            0.714286      #  17   G  
</psam>
</matrix_reduce>
