<?xml version="1.0" encoding="ISO-8859-1"?>
<matrix_reduce>
<meta>
	<time>04-09-2018 09:53:26</time>
	<source>curated_db.meme</source>
	<comment>meme2psam.py</comment>
	<nsites>1000</nsites>
	<e-value>0.0</e-value>
</meta>

<directionality>forward</directionality>
<psam_length>10</psam_length>
<optimal_sequence>GCTAATTAGC</optimal_sequence>

<psam>
# A            C            G            T             # no. opt  
# +============+============+============+============ # ==+===+==
  0.614833     0.425837     1            0.351675      #   1   G  
  0.286017     1            0.368644     0.457627      #   2   C  
  0.118243     0.525338     0.0456081    1             #   3   T  
  1            0.0610329    0.0410798    0.0680751     #   4   A  
  1            0.0308183    0.0127524    0.0191286     #   5   A  
  0.00611621   0.011213     0.00203874   1             #   6   T  
  0.0429379    0.0440678    0.039548     1             #   7   T  
  1            0.0199115    0.00553097   0.0807522     #   8   A  
  0.941691     0.504373     1            0.469388      #   9   G  
  0.55774      1            0.513514     0.385749      #  10   C  
</psam>
</matrix_reduce>
