<?xml version="1.0" encoding="ISO-8859-1"?>
<matrix_reduce>
<meta>
	<time>04-09-2018 09:53:26</time>
	<source>curated_db.meme</source>
	<comment>meme2psam.py</comment>
	<nsites>1000</nsites>
	<e-value>0.0</e-value>
</meta>

<directionality>forward</directionality>
<psam_length>10</psam_length>
<optimal_sequence>TCTAATTAAA</optimal_sequence>

<psam>
# A            C            G            T             # no. opt  
# +============+============+============+============ # ==+===+==
  0.369767     0.64186      0.313953     1             #   1   T  
  0.289352     1            0.337963     0.6875        #   2   C  
  0.176        0.746        0.076        1             #   3   T  
  1            0.0640704    0.111809     0.080402      #   4   A  
  1            0.0402174    0.0173913    0.0293478     #   5   A  
  0.00917431   0.00917431   0.00101937   1             #   6   T  
  0.0883777    0.0920097    0.0302663    1             #   7   T  
  1            0.057211     0.0107271    0.123957      #   8   A  
  1            0.642424     0.848485     0.539394      #   9   A  
  1            0.888571     0.545714     0.422857      #  10   A  
</psam>
</matrix_reduce>
