<?xml version="1.0" encoding="ISO-8859-1"?>
<matrix_reduce>
<meta>
	<time>04-09-2018 09:53:26</time>
	<source>curated_db.meme</source>
	<comment>meme2psam.py</comment>
	<nsites>1000</nsites>
	<e-value>0.0</e-value>
</meta>

<directionality>forward</directionality>
<psam_length>13</psam_length>
<optimal_sequence>CTAATTTAATTAA</optimal_sequence>

<psam>
# A            C            G            T             # no. opt  
# +============+============+============+============ # ==+===+==
  0.828221     1            0.453988     0.785276      #   1   C  
  0.172414     0.0855683    0.0178799    1             #   2   T  
  1            0.0103806    0.0495963    0.0899654     #   3   A  
  1            0.00302725   0.00201816   0.00100908    #   4   A  
  0.0503226    0.215484     0.0232258    1             #   5   T  
  0.0785855    0.726916     0.159136     1             #   6   T  
  0.873457     0.709877     0.503086     1             #   7   T  
  1            0.174174     0.282282     0.045045      #   8   A  
  1            0.0403691    0.0818916    0.0299885     #   9   A  
  0.00202224   0.00606673   0.00202224   1             #  10   T  
  0.152882     0.0889724    0.0112782    1             #  11   T  
  1            0.0235018    0.0434783    0.108108      #  12   A  
  1            0.879365     0.625397     0.669841      #  13   A  
</psam>
</matrix_reduce>
