<?xml version="1.0" encoding="ISO-8859-1"?>
<matrix_reduce>
<meta>
	<time>04-09-2018 09:53:26</time>
	<source>curated_db.meme</source>
	<comment>meme2psam.py</comment>
	<nsites>1000</nsites>
	<e-value>0.0</e-value>
</meta>

<directionality>forward</directionality>
<psam_length>17</psam_length>
<optimal_sequence>AGGTACACGGTGTACCC</optimal_sequence>

<psam>
# A            C            G            T             # no. opt  
# +============+============+============+============ # ==+===+==
  1            0.245238     0.554762     0.57381       #   1   A  
  0.662732     0.00505902   1            0.0168634     #   2   G  
  0.00202224   0            1            0.0091001     #   3   G  
  0.636905     0.210317     0.136905     1             #   4   T  
  1            0            0.00100806   0.00403226    #   5   A  
  0            1            0.00100806   0.00604839    #   6   C  
  1            0.00549451   0.332418     0.0357143     #   7   A  
  0.349138     1            0.219828     0.586207      #   8   C  
  0.282979     0.582979     1            0.261702      #   9   G  
  0.809756     0.212195     1            0.414634      #  10   G  
  0.03207      0.421283     0.00437318   1             #  11   T  
  0.00301508   0            1            0.00201005    #  12   G  
  0.00708502   0            0.00506073   1             #  13   T  
  1            0.0912863    0.232365     0.744813      #  14   A  
  0.00707071   1            0            0.0030303     #  15   C  
  0.00930851   1            0.00930851   0.30984       #  16   C  
  0.214286     1            0.208163     0.616327      #  17   C  
</psam>
</matrix_reduce>
