<?xml version="1.0" encoding="ISO-8859-1"?>
<matrix_reduce>
<meta>
	<time>04-09-2018 09:53:26</time>
	<source>curated_db.meme</source>
	<comment>meme2psam.py</comment>
	<nsites>24</nsites>
	<e-value>0.0</e-value>
</meta>

<directionality>forward</directionality>
<psam_length>22</psam_length>
<optimal_sequence>ATAAGAACATCGTGTACCCGAC</optimal_sequence>

<psam>
# A            C            G            T             # no. opt  
# +============+============+============+============ # ==+===+==
  1            0.777778     0.111111     0.666667      #   1   A  
  0.9          0.1          0.3          1             #   2   T  
  1            0.3          0.3          0.7           #   3   A  
  1            0.0625       0.4375       0             #   4   A  
  0            0            1            0.0454545     #   5   G  
  1            0.5          0.0833333    0.333333      #   6   A  
  1            0.047619     0            0.047619      #   7   A  
  0            1            0            0             #   8   C  
  1            0            0.466667     0.0666667     #   9   A  
  0.444444     1            0.111111     1             #  10   T  
  0.4          1            0.1          0.6           #  11   C  
  0.666667     1            1            0             #  12   G  
  0.2          0.266667     0.0666667    1             #  13   T  
  0            0            1            0             #  14   G  
  0.210526     0            0            1             #  15   T  
  1            0.4          0.1          0.7           #  16   A  
  0.0454545    1            0.0454545    0             #  17   C  
  0.1875       1            0.0625       0.25          #  18   C  
  0.857143     1            0.571429     0.857143      #  19   C  
  0.666667     0.444444     1            0.444444      #  20   G  
  1            1            0            0.3           #  21   A  
  0.4          1            0.6          0.1           #  22   C  
</psam>
</matrix_reduce>
