<?xml version="1.0" encoding="ISO-8859-1"?>
<matrix_reduce>
<meta>
	<time>04-09-2018 09:53:26</time>
	<source>curated_db.meme</source>
	<comment>meme2psam.py</comment>
	<nsites>1000</nsites>
	<e-value>0.0</e-value>
</meta>

<directionality>forward</directionality>
<psam_length>17</psam_length>
<optimal_sequence>GGGTACACGGTGTACCG</optimal_sequence>

<psam>
# A            C            G            T             # no. opt  
# +============+============+============+============ # ==+===+==
  0.783133     0.421687     1            0.807229      #   1   G  
  0.573333     0.0133333    1            0.08          #   2   G  
  0            0            1            0.0319917     #   3   G  
  0.350427     0.232479     0.126496     1             #   4   T  
  1            0            0.00308325   0.024666      #   5   A  
  0            1            0            0.00502513    #   6   C  
  1            0            0.352354     0.0741797     #   7   A  
  0.150754     1            0.442211     0.919598      #   8   C  
  0.410256     0.512821     1            0.638462      #   9   G  
  0.596806     0.197605     1            0.201597      #  10   G  
  0.03625      0.21         0.00375      1             #  11   T  
  0.001001     0            1            0             #  12   G  
  0.0163265    0            0.00306122   1             #  13   T  
  1            0.101313     0.30394      0.470919      #  14   A  
  0.0463646    1            0.00210748   0.00421496    #  15   C  
  0.0862676    1            0.0475352    0.625         #  16   C  
  0.731959     0.762887     1            0.941581      #  17   G  
</psam>
</matrix_reduce>
