<?xml version="1.0" encoding="ISO-8859-1"?>
<matrix_reduce>
<meta>
	<time>04-09-2018 09:53:26</time>
	<source>curated_db.meme</source>
	<comment>meme2psam.py</comment>
	<nsites>1000</nsites>
	<e-value>0.0</e-value>
</meta>

<directionality>forward</directionality>
<psam_length>17</psam_length>
<optimal_sequence>GGGAACACGGTGTACCC</optimal_sequence>

<psam>
# A            C            G            T             # no. opt  
# +============+============+============+============ # ==+===+==
  0.704591     0.107784     1            0.183633      #   1   G  
  0.423022     0.00719424   1            0.00863309    #   2   G  
  0.00200803   0            1            0.00200803    #   3   G  
  1            0.243792     0.153499     0.860045      #   4   A  
  1            0.00201005   0.00100503   0.00100503    #   5   A  
  0.00201005   1            0.00201005   0.00100503    #   6   C  
  1            0.00922722   0.136101     0.00461361    #   7   A  
  0.160966     1            0.265594     0.579477      #   8   C  
  0.566038     0.617251     1            0.512129      #   9   G  
  0.450777     0.148532     1            0.122625      #  10   G  
  0.0135135    0.109234     0.00337838   1             #  11   T  
  0            0.001001     1            0             #  12   G  
  0.00807265   0.00100908   0            1             #  13   T  
  1            0.0947137    0.19163      0.9163        #  14   A  
  0.00302115   1            0            0.0040282     #  15   C  
  0.0202808    1            0.00156006   0.538222      #  16   C  
  0.394402     1            0.312977     0.83715       #  17   C  
</psam>
</matrix_reduce>
