<?xml version="1.0" encoding="ISO-8859-1"?>
<matrix_reduce>
<meta>
	<time>04-09-2018 09:53:26</time>
	<source>curated_db.meme</source>
	<comment>meme2psam.py</comment>
	<nsites>130</nsites>
	<e-value>0.0</e-value>
</meta>

<directionality>forward</directionality>
<psam_length>16</psam_length>
<optimal_sequence>GGAACAGGATGTTCTT</optimal_sequence>

<psam>
# A            C            G            T             # no. opt  
# +============+============+============+============ # ==+===+==
  0.541667     0.0694444    1            0.166667      #   1   G  
  0.0512821    0.025641     1            0             #   2   G  
  1            0            0.527273     0.818182      #   3   A  
  1            0            0.122449     0.183673      #   4   A  
  0.0162602    1            0.0243902    0             #   5   C  
  1            0.0531915    0.138298     0.170213      #   6   A  
  0.244898     0.714286     1            0.653061      #   7   G  
  1            0.595238     1            0.47619       #   8   G  
  1            0.254902     0.764706     0.509804      #   9   A  
  0.323529     0.470588     0.0882353    1             #  10   T  
  0.0166667    0.05         1            0.0166667     #  11   G  
  0.128713     0.029703     0.118812     1             #  12   T  
  0.551724     0.0344828    0.655172     1             #  13   T  
  0.153846     1            0.0288462    0.0576923     #  14   C  
  0.133333     0.466667     0.0933333    1             #  15   T  
  0.561404     0.280702     0.438596     1             #  16   T  
</psam>
</matrix_reduce>
