<?xml version="1.0" encoding="ISO-8859-1"?>
<matrix_reduce>
<meta>
	<time>04-09-2018 09:53:26</time>
	<source>curated_db.meme</source>
	<comment>meme2psam.py</comment>
	<nsites>11206</nsites>
	<e-value>0.0</e-value>
</meta>

<directionality>forward</directionality>
<psam_length>15</psam_length>
<optimal_sequence>AAGAACAGAATGTTC</optimal_sequence>

<psam>
# A            C            G            T             # no. opt  
# +============+============+============+============ # ==+===+==
  1            0.177183     0.48566      0.122371      #   1   A  
  1            0            0.724642     0             #   2   A  
  0            0            1            0             #   3   G  
  1            0.201672     0.193933     0.338183      #   4   A  
  1            0            0            0             #   5   A  
  0.00224942   1            0.0057585    0             #   6   C  
  1            0            0.0101679    0.0644604     #   7   A  
  0.367479     0.739682     1            0.67827       #   8   G  
  1            0.481507     0.494142     0.598668      #   9   A  
  1            0.980978     0.993659     0.408514      #  10   A  
  0.430966     0.018888     0.0405693    1             #  11   T  
  0            0.0491573    1            0             #  12   G  
  0.313687     0.178663     0.0950694    1             #  13   T  
  0.726477     0.665481     0.672593     1             #  14   T  
  0.227247     1            0.0423777    0.323805      #  15   C  
</psam>
</matrix_reduce>
