<?xml version="1.0" encoding="ISO-8859-1"?>
<matrix_reduce>
<meta>
	<time>04-09-2018 09:53:26</time>
	<source>curated_db.meme</source>
	<comment>meme2psam.py</comment>
	<nsites>1000</nsites>
	<e-value>0.0</e-value>
</meta>

<directionality>forward</directionality>
<psam_length>17</psam_length>
<optimal_sequence>GGGTTTAATTAAAATTC</optimal_sequence>

<psam>
# A            C            G            T             # no. opt  
# +============+============+============+============ # ==+===+==
  0.468586     0.696335     1            0.445026      #   1   G  
  0.594901     0.617564     1            0.617564      #   2   G  
  0.536657     0.624633     1            0.771261      #   3   G  
  0.558974     0.523077     0.482051     1             #   4   T  
  0.120833     0.154167     0.113889     1             #   5   T  
  0.0528256    0.116708     0.0552826    1             #   6   T  
  1            0.0143678    0.261494     0.16092       #   7   A  
  1            0.00338983   0.00451977   0.118644      #   8   A  
  0.118644     0.00451977   0.00338983   1             #   9   T  
  0.16092      0.261494     0.0143678    1             #  10   T  
  1            0.0552826    0.116708     0.0528256     #  11   A  
  1            0.113889     0.154167     0.120833      #  12   A  
  1            0.0767947    0.141903     0.450751      #  13   A  
  1            0.602128     0.121277     0.404255      #  14   A  
  0.674352     0.659942     0.54755      1             #  15   T  
  0.729508     0.631148     0.363388     1             #  16   T  
  0.8          1            0.666667     0.856667      #  17   C  
</psam>
</matrix_reduce>
