<?xml version="1.0" encoding="ISO-8859-1"?>
<matrix_reduce>
<meta>
	<time>04-09-2018 09:53:26</time>
	<source>curated_db.meme</source>
	<comment>meme2psam.py</comment>
	<nsites>47</nsites>
	<e-value>0.0</e-value>
</meta>

<directionality>forward</directionality>
<psam_length>7</psam_length>
<optimal_sequence>AATTAAA</optimal_sequence>

<psam>
# A            C            G            T             # no. opt  
# +============+============+============+============ # ==+===+==
  1            0.115385     0.423077     0.192308      #   1   A  
  1            0            0            0             #   2   A  
  0            0            0            1             #   3   T  
  0            0            0            1             #   4   T  
  1            0            0            0             #   5   A  
  1            0            0            0             #   6   A  
  1            0            0            0.210526      #   7   A  
</psam>
</matrix_reduce>
