<?xml version="1.0" encoding="ISO-8859-1"?>
<matrix_reduce>
<meta>
	<time>04-09-2018 09:53:26</time>
	<source>curated_db.meme</source>
	<comment>meme2psam.py</comment>
	<nsites>44</nsites>
	<e-value>0.0</e-value>
</meta>

<directionality>forward</directionality>
<psam_length>22</psam_length>
<optimal_sequence>AATTAATCGAAATCAAATTAAA</optimal_sequence>

<psam>
# A            C            G            T             # no. opt  
# +============+============+============+============ # ==+===+==
  1            0.235294     0.823529     0.411765      #   1   A  
  1            0.103448     0            0.344828      #   2   A  
  0.102564     0            0            1             #   3   T  
  0.194444     0            0            1             #   4   T  
  1            0.0487805    0            0             #   5   A  
  1            0.075        0            0             #   6   A  
  0.954545     0            0            1             #   7   T  
  0            1            0.555556     0.833333      #   8   C  
  0.722222     0.388889     1            0.166667      #   9   G  
  1            0.0909091    0.681818     0.136364      #  10   A  
  1            0.105263     0.368421     0.736842      #  11   A  
  1            0            0.09375      0.21875       #  12   A  
  0.1875       0.0625       0.09375      1             #  13   T  
  0.28         1            0.08         0.4           #  14   C  
  1            0            0            0.34375       #  15   A  
  1            0.0606061    0            0.242424      #  16   A  
  1            0            0            0.0487805     #  17   A  
  0.75         0            0.0833333    1             #  18   T  
  0.137931     0.206897     0.103448     1             #  19   T  
  1            0.272727     0            0.636364      #  20   A  
  1            0.115385     0            0.538462      #  21   A  
  1            0            0.103448     0.37931       #  22   A  
</psam>
</matrix_reduce>
