<?xml version="1.0" encoding="ISO-8859-1"?>
<matrix_reduce>
<meta>
	<time>04-09-2018 09:53:26</time>
	<source>curated_db.meme</source>
	<comment>meme2psam.py</comment>
	<nsites>15</nsites>
	<e-value>0.0</e-value>
</meta>

<directionality>forward</directionality>
<psam_length>13</psam_length>
<optimal_sequence>GGTTGGTATTGTG</optimal_sequence>

<psam>
# A            C            G            T             # no. opt  
# +============+============+============+============ # ==+===+==
  0.75         0.25         1            1             #   1   G  
  0.166667     0.666667     1            0.5           #   2   G  
  0            0.571429     0.428571     1             #   3   T  
  0            0.142857     0.571429     1             #   4   T  
  1            0.25         1            1             #   5   G  
  0.3          0.1          1            0.1           #   6   G  
  0            0            0            1             #   7   T  
  1            0            0.0769231    0             #   8   A  
  0            0.0769231    0            1             #   9   T  
  0            0.0769231    0.0769231    1             #  10   T  
  0.142857     0.571429     1            0.142857      #  11   G  
  0.142857     0.142857     0.571429     1             #  12   T  
  0.666667     0.166667     1            0.5           #  13   G  
</psam>
</matrix_reduce>
