<?xml version="1.0" encoding="ISO-8859-1"?>
<matrix_reduce>
<meta>
	<time>04-09-2018 09:53:26</time>
	<source>curated_db.meme</source>
	<comment>meme2psam.py</comment>
	<nsites>1000</nsites>
	<e-value>0.0</e-value>
</meta>

<directionality>forward</directionality>
<psam_length>10</psam_length>
<optimal_sequence>GTCACGTGAC</optimal_sequence>

<psam>
# A            C            G            T             # no. opt  
# +============+============+============+============ # ==+===+==
  0.0493562    0.0107296    1            0.0128755     #   1   G  
  0.0174672    0            0.0731441    1             #   2   T  
  0.00404449   1            0.00101112   0.00606673    #   3   C  
  1            0            0.0183299    0             #   4   A  
  0            1            0.0111449    0.00101317    #   5   C  
  0            0            1            0.00200401    #   6   G  
  0            0            0.00200401   1             #   7   T  
  0            0            1            0.00401606    #   8   G  
  1            0.0208333    0.0135417    0.00729167    #   9   A  
  0.0148402    1            0.0296804    0.097032      #  10   C  
</psam>
</matrix_reduce>
