<?xml version="1.0" encoding="ISO-8859-1"?>
<matrix_reduce>
<meta>
	<time>04-09-2018 09:53:26</time>
	<source>curated_db.meme</source>
	<comment>meme2psam.py</comment>
	<nsites>15</nsites>
	<e-value>0.0</e-value>
</meta>

<directionality>forward</directionality>
<psam_length>14</psam_length>
<optimal_sequence>TGGACACGTGACCC</optimal_sequence>

<psam>
# A            C            G            T             # no. opt  
# +============+============+============+============ # ==+===+==
  0.5          0.166667     0.666667     1             #   1   T  
  0.0769231    0            1            0.0769231     #   2   G  
  0.571429     0.142857     1            0.142857      #   3   G  
  1            0            0.111111     0.444444      #   4   A  
  0            1            0            0.0769231     #   5   C  
  1            0            0            0             #   6   A  
  0            1            0            0             #   7   C  
  0            0            1            0             #   8   G  
  0            0            0            1             #   9   T  
  0            0            1            0             #  10   G  
  1            0            0.4          0             #  11   A  
  0.0833333    1            0.0833333    0.0833333     #  12   C  
  0.142857     1            0.142857     0.571429      #  13   C  
  0.1          1            0.4          0             #  14   C  
</psam>
</matrix_reduce>
