<?xml version="1.0" encoding="ISO-8859-1"?>
<matrix_reduce>
<meta>
	<time>04-09-2018 09:53:26</time>
	<source>curated_db.meme</source>
	<comment>meme2psam.py</comment>
	<nsites>1000</nsites>
	<e-value>0.0</e-value>
</meta>

<directionality>forward</directionality>
<psam_length>10</psam_length>
<optimal_sequence>AGCAGCTGCT</optimal_sequence>

<psam>
# A            C            G            T             # no. opt  
# +============+============+============+============ # ==+===+==
  1            0.15156      0.265973     0.0668648     #   1   A  
  0.743539     0.238569     1            0.00596421    #   2   G  
  0.0101317    1            0            0.00303951    #   3   C  
  1            0            0            0.0504202     #   4   A  
  0.0232019    0.0765661    1            0.0603248     #   5   G  
  0.0102041    1            0.00714286   0.00306122    #   6   C  
  0.0131712    0            0            1             #   7   T  
  0            0.0030303    1            0.00707071    #   8   G  
  0.0280811    1            0.0717629    0.455538      #   9   C  
  0.170909     0.507273     0.14         1             #  10   T  
</psam>
</matrix_reduce>
