<?xml version="1.0" encoding="ISO-8859-1"?>
<matrix_reduce>
<meta>
	<time>04-09-2018 09:53:26</time>
	<source>curated_db.meme</source>
	<comment>meme2psam.py</comment>
	<nsites>90</nsites>
	<e-value>0.0</e-value>
</meta>

<directionality>forward</directionality>
<psam_length>9</psam_length>
<optimal_sequence>GTGACGTCA</optimal_sequence>

<psam>
# A            C            G            T             # no. opt  
# +============+============+============+============ # ==+===+==
  0.787879     0.636364     1            0.272727      #   1   G  
  0            0            0            1             #   2   T  
  0            0.0119048    1            0.0119048     #   3   G  
  1            0            0            0             #   4   A  
  0            1            0.101449     0.173913      #   5   C  
  0            0.0243902    1            0.0365854     #   6   G  
  0.0684932    0.109589     0.0273973    1             #   7   T  
  0.586957     1            0.152174     0.173913      #   8   C  
  1            0.112676     0.084507     0.0704225     #   9   A  
</psam>
</matrix_reduce>
