<?xml version="1.0" encoding="ISO-8859-1"?>
<matrix_reduce>
<meta>
	<time>04-09-2018 09:53:26</time>
	<source>curated_db.meme</source>
	<comment>meme2psam.py</comment>
	<nsites>2036</nsites>
	<e-value>0.0</e-value>
</meta>

<directionality>forward</directionality>
<psam_length>9</psam_length>
<optimal_sequence>GTGACGCCA</optimal_sequence>

<psam>
# A            C            G            T             # no. opt  
# +============+============+============+============ # ==+===+==
  0.513636     0.489773     1            0.306818      #   1   G  
  0.0070035    0.004002     0.006003     1             #   2   T  
  0.000995025  0.00895522   1            0.00199005    #   3   G  
  1            0.00709939   0.0040568    0.0197769     #   4   A  
  0.0090978    1            0.104625     0.428355      #   5   C  
  0.0482143    0.115179     1            0.652679      #   6   G  
  0.105469     1            0.0244141    0.856445      #   7   C  
  0.761211     1            0.289238     0.229821      #   8   C  
  1            0.224759     0.282704     0.277436      #   9   A  
</psam>
</matrix_reduce>
