<?xml version="1.0" encoding="ISO-8859-1"?>
<matrix_reduce>
<meta>
	<time>04-09-2018 09:53:26</time>
	<source>curated_db.meme</source>
	<comment>meme2psam.py</comment>
	<nsites>114</nsites>
	<e-value>0.0</e-value>
</meta>

<directionality>forward</directionality>
<psam_length>15</psam_length>
<optimal_sequence>AGGATGACTCAGCAC</optimal_sequence>

<psam>
# A            C            G            T             # no. opt  
# +============+============+============+============ # ==+===+==
  1            0.288889     0.888889     0.288889      #   1   A  
  0.282609     0.76087      1            0.391304      #   2   G  
  0.283019     0.754717     1            0.0754717     #   3   G  
  1            0.246154     0.492308     0             #   4   A  
  0.0181818    0.00909091   0            1             #   5   T  
  0            0            1            0.0660377     #   6   G  
  1            0            0            0.00892857    #   7   A  
  0            1            0.215054     0             #   8   C  
  0.00925926   0            0.037037     1             #   9   T  
  0.0471698    1            0.0188679    0             #  10   C  
  1            0.00934579   0.0280374    0.0186916     #  11   A  
  0            0.00892857   1            0             #  12   G  
  0            1            0            0             #  13   C  
  1            0.0412371    0.0618557    0.0618557     #  14   A  
  0.268293     1            0.902439     0.512195      #  15   C  
</psam>
</matrix_reduce>
