<?xml version="1.0" encoding="ISO-8859-1"?>
<matrix_reduce>
<meta>
	<time>04-09-2018 09:53:26</time>
	<source>curated_db.meme</source>
	<comment>meme2psam.py</comment>
	<nsites>100</nsites>
	<e-value>0.0</e-value>
</meta>

<directionality>forward</directionality>
<psam_length>16</psam_length>
<optimal_sequence>TAAGTAATTAGTTATA</optimal_sequence>

<psam>
# A            C            G            T             # no. opt  
# +============+============+============+============ # ==+===+==
  0.372549     0.294118     0.294118     1             #   1   T  
  1            0.333333     0.235294     0.392157      #   2   A  
  1            0.174603     0.365079     0.047619      #   3   A  
  0.282051     0.512821     1            0.769231      #   4   G  
  0.0138889    0.375        0            1             #   5   T  
  1            0.03125      0            0.0104167     #   6   A  
  1            0.0102041    0            0.0102041     #   7   A  
  0.0102041    0            0.0102041    1             #   8   T  
  0.0104167    0            0.03125      1             #   9   T  
  1            0            0.375        0.0138889     #  10   A  
  0.771429     0.657143     1            0.428571      #  11   G  
  0.03125      0.359375     0.171875     1             #  12   T  
  0.238095     0.238095     0.904762     1             #  13   T  
  1            0.294118     0.941176     0.705882      #  14   A  
  0.352941     0.392157     0.215686     1             #  15   T  
  1            0.289474     0.868421     0.473684      #  16   A  
</psam>
</matrix_reduce>
