<?xml version="1.0" encoding="ISO-8859-1"?>
<matrix_reduce>
<meta>
	<time>04-09-2018 09:53:26</time>
	<source>curated_db.meme</source>
	<comment>meme2psam.py</comment>
	<nsites>100</nsites>
	<e-value>0.0</e-value>
</meta>

<directionality>forward</directionality>
<psam_length>16</psam_length>
<optimal_sequence>AAAGTAATTAGTGAAT</optimal_sequence>

<psam>
# A            C            G            T             # no. opt  
# +============+============+============+============ # ==+===+==
  1            0.52         0.18         0.3           #   1   A  
  1            0.489796     0.244898     0.306122      #   2   A  
  1            0.113208     0.735849     0.0377358     #   3   A  
  0.409091     0.681818     1            0.181818      #   4   G  
  0.0188679    0.867925     0            1             #   5   T  
  1            0.0537634    0.0215054    0             #   6   A  
  1            0.0102041    0            0.0102041     #   7   A  
  0            0            0.010101     1             #   8   T  
  0            0.0215054    0.0537634    1             #   9   T  
  1            0            0.867925     0.0188679     #  10   A  
  0.15         0.975        1            0.375         #  11   G  
  0.0576923    0.75         0.115385     1             #  12   T  
  0.833333     0.7          1            0.8           #  13   G  
  1            0.605263     0.421053     0.605263      #  14   A  
  1            0.142857     0.267857     0.375         #  15   A  
  0.659574     0.297872     0.170213     1             #  16   T  
</psam>
</matrix_reduce>
