<?xml version="1.0" encoding="ISO-8859-1"?>
<matrix_reduce>
<meta>
	<time>04-09-2018 09:53:26</time>
	<source>curated_db.meme</source>
	<comment>meme2psam.py</comment>
	<nsites>14</nsites>
	<e-value>0.0</e-value>
</meta>

<directionality>forward</directionality>
<psam_length>10</psam_length>
<optimal_sequence>TTATTAATTG</optimal_sequence>

<psam>
# A            C            G            T             # no. opt  
# +============+============+============+============ # ==+===+==
  0.125        0.125        0.125        1             #   1   T  
  0            1            0.2          1             #   2   T  
  1            0.2          0.6          0.2           #   3   A  
  0.375        0.125        0            1             #   4   T  
  0            0            0            1             #   5   T  
  1            0            0.0833333    0             #   6   A  
  1            0            0            0             #   7   A  
  0            0            0            1             #   8   T  
  0            0.142857     0.714286     1             #   9   T  
  0.714286     0            1            0.142857      #  10   G  
</psam>
</matrix_reduce>
