<?xml version="1.0" encoding="ISO-8859-1"?>
<matrix_reduce>
<meta>
	<time>04-09-2018 09:53:26</time>
	<source>curated_db.meme</source>
	<comment>meme2psam.py</comment>
	<nsites>1000</nsites>
	<e-value>0.0</e-value>
</meta>

<directionality>forward</directionality>
<psam_length>14</psam_length>
<optimal_sequence>TGATGACGTCATCA</optimal_sequence>

<psam>
# A            C            G            T             # no. opt  
# +============+============+============+============ # ==+===+==
  0.0634518    0.15736      0.0482234    1             #   1   T  
  0.0298507    0.0138593    1            0.0223881     #   2   G  
  1            0.0281081    0.0508108    0.00216216    #   3   A  
  0.001001     0            0            1             #   4   T  
  0            0            1            0             #   5   G  
  1            0            0            0             #   6   A  
  0.00200401   1            0            0             #   7   C  
  0.0111223    0            1            0             #   8   G  
  0            0            0.00300903   1             #   9   T  
  0.011236     1            0.0040858    0.0061287     #  10   C  
  1            0            0            0.00502513    #  11   A  
  0.00662983   0.0563536    0.038674     1             #  12   T  
  0.03452      1            0.012945     0.0312837     #  13   C  
  1            0.066343     0.411003     0.135922      #  14   A  
</psam>
</matrix_reduce>
