<?xml version="1.0" encoding="ISO-8859-1"?>
<matrix_reduce>
<meta>
	<time>04-09-2018 09:53:26</time>
	<source>curated_db.meme</source>
	<comment>meme2psam.py</comment>
	<nsites>1000</nsites>
	<e-value>0.0</e-value>
</meta>

<directionality>forward</directionality>
<psam_length>10</psam_length>
<optimal_sequence>GGCACGTGAC</optimal_sequence>

<psam>
# A            C            G            T             # no. opt  
# +============+============+============+============ # ==+===+==
  1            0.929054     1            0.449324      #   1   G  
  0.209459     0.0518018    1            0.990991      #   2   G  
  0.00502513   1            0            0             #   3   C  
  1            0.00919305   0.00715015   0.00510725    #   4   A  
  0            1            0            0             #   5   C  
  0.00401606   0            1            0             #   6   G  
  0.0124095    0.0196484    0.00206825   1             #   7   T  
  0.00100806   0            1            0.00705645    #   8   G  
  1            0.90099      0.00990099   0.0673267     #   9   A  
  0.306452     1            0.290323     0.419355      #  10   C  
</psam>
</matrix_reduce>
