<?xml version="1.0" encoding="ISO-8859-1"?>
<matrix_reduce>
<meta>
	<time>04-09-2018 09:53:26</time>
	<source>curated_db.meme</source>
	<comment>meme2psam.py</comment>
	<nsites>1000</nsites>
	<e-value>0.0</e-value>
</meta>

<directionality>forward</directionality>
<psam_length>10</psam_length>
<optimal_sequence>ATCACGTGAC</optimal_sequence>

<psam>
# A            C            G            T             # no. opt  
# +============+============+============+============ # ==+===+==
  1            0.791176     0.764706     0.376471      #   1   A  
  0.223158     0.0778947    0.804211     1             #   2   T  
  0.00503018   1            0            0.00100604    #   3   C  
  1            0.0112821    0.00717949   0.00717949    #   4   A  
  0.00201005   1            0            0.00301508    #   5   C  
  0.00504541   0.00201816   1            0             #   6   G  
  0.014629     0.0219436    0.00731452   1             #   7   T  
  0            0.00100806   1            0.00604839    #   8   G  
  1            0.894        0.022        0.084         #   9   A  
  0.271654     1            0.242126     0.454724      #  10   C  
</psam>
</matrix_reduce>
