<?xml version="1.0" encoding="ISO-8859-1"?>
<matrix_reduce>
<meta>
	<time>04-09-2018 09:53:26</time>
	<source>curated_db.meme</source>
	<comment>meme2psam.py</comment>
	<nsites>1000</nsites>
	<e-value>0.0</e-value>
</meta>

<directionality>forward</directionality>
<psam_length>22</psam_length>
<optimal_sequence>GGAAGAGTCACGTGACCAATAC</optimal_sequence>

<psam>
# A            C            G            T             # no. opt  
# +============+============+============+============ # ==+===+==
  0.861386     0.277228     1            0.336634      #   1   G  
  0.916923     0.538462     1            0.621538      #   2   G  
  1            0.527316     0.268409     0.572447      #   3   A  
  1            0.337629     0.414948     0.824742      #   4   A  
  0.645902     0.803279     1            0.829508      #   5   G  
  1            0.546243     0.803468     0.540462      #   6   A  
  0.558824     0.348039     1            0.541667      #   7   G  
  0.051105     0.00966851   0.320442     1             #   8   T  
  0.0583245    1            0.00106045   0.00106045    #   9   C  
  1            0.00410678   0.0164271    0.00616016    #  10   A  
  0            1            0.00730689   0.0354906     #  11   C  
  0.0354906    0.00730689   1            0             #  12   G  
  0.00616016   0.0164271    0.00410678   1             #  13   T  
  0.00106045   0.00106045   1            0.0583245     #  14   G  
  1            0.320442     0.00966851   0.051105      #  15   A  
  0.0343348    1            0.675966     0.435622      #  16   C  
  0.490141     1            0.594366     0.732394      #  17   C  
  1            0.643735     0.329238     0.484029      #  18   A  
  1            0.598291     0.746439     0.501425      #  19   A  
  0.672078     0.922078     0.642857     1             #  20   T  
  1            0.262673     0.423963     0.615207      #  21   A  
  0.57967      1            0.478022     0.68956       #  22   C  
</psam>
</matrix_reduce>
