<?xml version="1.0" encoding="ISO-8859-1"?>
<matrix_reduce>
<meta>
	<time>04-09-2018 09:53:26</time>
	<source>curated_db.meme</source>
	<comment>meme2psam.py</comment>
	<nsites>1000</nsites>
	<e-value>0.0</e-value>
</meta>

<directionality>forward</directionality>
<psam_length>10</psam_length>
<optimal_sequence>GTCACGTGAC</optimal_sequence>

<psam>
# A            C            G            T             # no. opt  
# +============+============+============+============ # ==+===+==
  0.938416     0.618768     1            0.366569      #   1   G  
  0.179487     0.034188     0.92094      1             #   2   T  
  0.00604839   1            0.00201613   0             #   3   C  
  1            0.00406918   0.00712106   0.00610376    #   4   A  
  0            1            0            0.00200401    #   5   C  
  0.00100301   0.00100301   1            0             #   6   G  
  0.0113402    0.014433     0.00515464   1             #   7   T  
  0            0            1            0.00301811    #   8   G  
  1            0.65625      0.015625     0.0625        #   9   A  
  0.277542     1            0.334746     0.506356      #  10   C  
</psam>
</matrix_reduce>
