<?xml version="1.0" encoding="ISO-8859-1"?>
<matrix_reduce>
<meta>
	<time>04-09-2018 09:53:26</time>
	<source>curated_db.meme</source>
	<comment>meme2psam.py</comment>
	<nsites>74</nsites>
	<e-value>0.0</e-value>
</meta>

<directionality>forward</directionality>
<psam_length>7</psam_length>
<optimal_sequence>CCGCGCC</optimal_sequence>

<psam>
# A            C            G            T             # no. opt  
# +============+============+============+============ # ==+===+==
  0            1            0.46         0             #   1   C  
  0            1            0.46         0             #   2   C  
  0.520833     0            1            0             #   3   G  
  0            1            0            0             #   4   C  
  0            0            1            0             #   5   G  
  0            1            0            0             #   6   C  
  0            1            0            0             #   7   C  
</psam>
</matrix_reduce>
