<?xml version="1.0" encoding="ISO-8859-1"?>
<matrix_reduce>
<meta>
	<time>04-09-2018 09:53:26</time>
	<source>curated_db.meme</source>
	<comment>meme2psam.py</comment>
	<nsites>100</nsites>
	<e-value>0.0</e-value>
</meta>

<directionality>forward</directionality>
<psam_length>16</psam_length>
<optimal_sequence>CAGGTAATTACCTCAG</optimal_sequence>

<psam>
# A            C            G            T             # no. opt  
# +============+============+============+============ # ==+===+==
  0.833333     1            0.777778     0.166667      #   1   C  
  1            0.642857     0.595238     0.142857      #   2   A  
  0.56         0.14         1            0.3           #   3   G  
  0.466667     0.288889     1            0.466667      #   4   G  
  0.0185185    0.833333     0            1             #   5   T  
  1            0.0543478    0.0217391    0.0108696     #   6   A  
  1            0.0102041    0            0.0102041     #   7   A  
  0            0            0.010101     1             #   8   T  
  0            0.0215054    0.0537634    1             #   9   T  
  1            0            0.833333     0.0185185     #  10   A  
  0.625        1            0.875        0.625         #  11   C  
  0.32         1            0.14         0.54          #  12   C  
  0.285714     0.387755     0.367347     1             #  13   T  
  0.567568     1            0.837838     0.297297      #  14   C  
  1            0.0666667    0.173333     0.0933333     #  15   A  
  0.875        0.375        1            0.84375       #  16   G  
</psam>
</matrix_reduce>
