<?xml version="1.0" encoding="ISO-8859-1"?>
<matrix_reduce>
<meta>
	<time>04-09-2018 09:53:26</time>
	<source>curated_db.meme</source>
	<comment>meme2psam.py</comment>
	<nsites>1000</nsites>
	<e-value>0.0</e-value>
</meta>

<directionality>forward</directionality>
<psam_length>8</psam_length>
<optimal_sequence>CCAATTAA</optimal_sequence>

<psam>
# A            C            G            T             # no. opt  
# +============+============+============+============ # ==+===+==
  0.368539     1            0.582022     0.296629      #   1   C  
  0.122414     1            0.0189655    0.581034      #   2   C  
  1            0.61488      0.544858     0.0284464     #   3   A  
  1            0.0218894    0.12212      0.00691244    #   4   A  
  0            0            0            1             #   5   T  
  0.0111223    0            0            1             #   6   T  
  1            0            0            0             #   7   A  
  1            0.853503     0.872611     0.458599      #   8   A  
</psam>
</matrix_reduce>
