<?xml version="1.0" encoding="ISO-8859-1"?>
<matrix_reduce>
<meta>
	<time>04-09-2018 09:53:26</time>
	<source>curated_db.meme</source>
	<comment>meme2psam.py</comment>
	<nsites>303</nsites>
	<e-value>0.0</e-value>
</meta>

<directionality>forward</directionality>
<psam_length>8</psam_length>
<optimal_sequence>TCAGTCTT</optimal_sequence>

<psam>
# A            C            G            T             # no. opt  
# +============+============+============+============ # ==+===+==
  0.352941     0.352941     0.507353     1             #   1   T  
  0            1            0            0             #   2   C  
  1            0            0            0.0522648     #   3   A  
  0.226087     0.704348     1            0.686957      #   4   G  
  0.584615     0.723077     0            1             #   5   T  
  0.559322     1            0.381356     0.610169      #   6   C  
  0.454545     0.848485     0.727273     1             #   7   T  
  0.5          0.96         0.55         1             #   8   T  
</psam>
</matrix_reduce>
