<?xml version="1.0" encoding="ISO-8859-1"?>
<matrix_reduce>
<meta>
	<time>04-09-2018 09:53:26</time>
	<source>curated_db.meme</source>
	<comment>meme2psam.py</comment>
	<nsites>330</nsites>
	<e-value>0.0</e-value>
</meta>

<directionality>forward</directionality>
<psam_length>10</psam_length>
<optimal_sequence>ATTGTGCAAT</optimal_sequence>

<psam>
# A            C            G            T             # no. opt  
# +============+============+============+============ # ==+===+==
  1            0.681034     0.793103     0.336207      #   1   A  
  0.0905512    0.102362     0.102362     1             #   2   T  
  0.115        0.045        0.48         1             #   3   T  
  0.796875     0.148438     1            0.617188      #   4   G  
  0.456376     0.221477     0.530201     1             #   5   T  
  0            0.0726073    1            0.00990099    #   6   G  
  0.386598     1            0.0103093    0.298969      #   7   C  
  1            0.0283912    0            0.00946372    #   8   A  
  1            0.00621118   0.00931677   0.00621118    #   9   A  
  0.179775     0.365169     0.297753     1             #  10   T  
</psam>
</matrix_reduce>
