<?xml version="1.0" encoding="ISO-8859-1"?>
<matrix_reduce>
<meta>
	<time>04-09-2018 09:53:26</time>
	<source>curated_db.meme</source>
	<comment>meme2psam.py</comment>
	<nsites>15318</nsites>
	<e-value>0.0</e-value>
</meta>

<directionality>forward</directionality>
<psam_length>11</psam_length>
<optimal_sequence>ATTGCACAATA</optimal_sequence>

<psam>
# A            C            G            T             # no. opt  
# +============+============+============+============ # ==+===+==
  1            0.128683     0.351174     0             #   1   A  
  0            0            0            1             #   2   T  
  0            0            0            1             #   3   T  
  0.0622843    0            1            0.292666      #   4   G  
  0            1            0            0             #   5   C  
  1            0.106474     0.0890766    0.0854801     #   6   A  
  0.347531     1            0            0.653776      #   7   C  
  1            0.252822     0            0             #   8   A  
  1            0            0            0             #   9   A  
  0            0.726901     0.230543     1             #  10   T  
  1            0.8551       0.153343     0.630772      #  11   A  
</psam>
</matrix_reduce>
