<?xml version="1.0" encoding="ISO-8859-1"?>
<matrix_reduce>
<meta>
	<time>04-09-2018 09:53:26</time>
	<source>curated_db.meme</source>
	<comment>meme2psam.py</comment>
	<nsites>1000</nsites>
	<e-value>0.0</e-value>
</meta>

<directionality>forward</directionality>
<psam_length>10</psam_length>
<optimal_sequence>ATTGCGCAAT</optimal_sequence>

<psam>
# A            C            G            T             # no. opt  
# +============+============+============+============ # ==+===+==
  1            0.333966     0.516129     0.0417457     #   1   A  
  0.00100604   0.00301811   0.00201207   1             #   2   T  
  0.00214823   0.00214823   0.0698174    1             #   3   T  
  0.91002      0.00204499   1            0.130879      #   4   G  
  0.0213964    1            0.00563063   0.0990991     #   5   C  
  0.111237     0.00908059   1            0.0136209     #   6   G  
  0.138821     1            0.0012285    0.0872236     #   7   C  
  1            0.00909091   0.0010101    0             #   8   A  
  1            0.00100402   0.00100402   0.00200803    #   9   A  
  0.00637959   0.53429      0.0542265    1             #  10   T  
</psam>
</matrix_reduce>
