<?xml version="1.0" encoding="ISO-8859-1"?>
<matrix_reduce>
<meta>
	<time>04-09-2018 09:53:26</time>
	<source>curated_db.meme</source>
	<comment>meme2psam.py</comment>
	<nsites>18</nsites>
	<e-value>0.0</e-value>
</meta>

<directionality>forward</directionality>
<psam_length>12</psam_length>
<optimal_sequence>TTTCGCAATGTG</optimal_sequence>

<psam>
# A            C            G            T             # no. opt  
# +============+============+============+============ # ==+===+==
  0.214286     0            0            1             #   1   T  
  0.0833333    0.0833333    0.25         1             #   2   T  
  0.428571     0.142857     0.714286     1             #   3   T  
  0.111111     1            0.111111     0.555556      #   4   C  
  0.3          0.1          1            0.1           #   5   G  
  0.0714286    1            0            0.0714286     #   6   C  
  1            0            0            0             #   7   A  
  1            0            0            0             #   8   A  
  0            0.5          0.1          1             #   9   T  
  1            1            1            0.2           #  10   G  
  0.142857     0.714286     0.428571     1             #  11   T  
  0.2          1            1            1             #  12   G  
</psam>
</matrix_reduce>
