<?xml version="1.0" encoding="ISO-8859-1"?>
<matrix_reduce>
<meta>
	<time>04-09-2018 09:53:26</time>
	<source>curated_db.meme</source>
	<comment>meme2psam.py</comment>
	<nsites>1000</nsites>
	<e-value>0.0</e-value>
</meta>

<directionality>forward</directionality>
<psam_length>12</psam_length>
<optimal_sequence>AATGACGTCACC</optimal_sequence>

<psam>
# A            C            G            T             # no. opt  
# +============+============+============+============ # ==+===+==
  1            0.614198     0.885802     0.57716       #   1   A  
  1            0.0616438    0.0696347    0.010274      #   2   A  
  0.00201207   0.00402414   0            1             #   3   T  
  0.0037594    0.00125313   1            0.24812       #   4   G  
  1            0            0            0.00300903    #   5   A  
  0            1            0            0.0152284     #   6   C  
  0.0405827    0            1            0             #   7   G  
  0.0040282    0.00100705   0            1             #   8   T  
  0.247191     1            0            0.00124844    #   9   C  
  1            0            0            0.001001      #  10   A  
  0.0143149    1            0.0408998    0.989775      #  11   C  
  0.505051     1            0.252525     0.767677      #  12   C  
</psam>
</matrix_reduce>
