<?xml version="1.0" encoding="ISO-8859-1"?>
<matrix_reduce>
<meta>
	<time>04-09-2018 09:53:26</time>
	<source>curated_db.meme</source>
	<comment>meme2psam.py</comment>
	<nsites>1000</nsites>
	<e-value>0.0</e-value>
</meta>

<directionality>forward</directionality>
<psam_length>18</psam_length>
<optimal_sequence>ATCGATAAAATTATCGAT</optimal_sequence>

<psam>
# A            C            G            T             # no. opt  
# +============+============+============+============ # ==+===+==
  1            0.00309598   0.0154799    0.0134159     #   1   A  
  0.0020284    0.00811359   0.0040568    1             #   2   T  
  0.00506073   1            0.00404858   0.00303644    #   3   C  
  0.97006      0.011976     1            0.00798403    #   4   G  
  1            0.0030426    0.0040568    0.00709939    #   5   A  
  0.0205339    0.00308008   0.00308008   1             #   6   T  
  1            0.0800525    0.0918635    0.14042       #   7   A  
  1            0.393145     0.177419     0.445565      #   8   A  
  1            0.484456     0.430052     0.668394      #   9   A  
  1            0.581121     0.507375     0.861357      #  10   A  
  0.923483     0.226913     0.488127     1             #  11   T  
  0.278761     0.0899705    0.106195     1             #  12   T  
  1            0.00306435   0.0040858    0.0143003     #  13   A  
  0.00407332   0.00814664   0.00305499   1             #  14   T  
  0.0102157    1            0.00794552   0.116913      #  15   C  
  0.0236626    0.00205761   1            0.00308642    #  16   G  
  1            0.00303951   0.0070922    0.00303951    #  17   A  
  0.0447761    0.0170576    0.00426439   1             #  18   T  
</psam>
</matrix_reduce>
