<?xml version="1.0" encoding="ISO-8859-1"?>
<matrix_reduce>
<meta>
	<time>04-09-2018 09:53:26</time>
	<source>curated_db.meme</source>
	<comment>meme2psam.py</comment>
	<nsites>1000</nsites>
	<e-value>0.0</e-value>
</meta>

<directionality>forward</directionality>
<psam_length>10</psam_length>
<optimal_sequence>TAATCGATAA</optimal_sequence>

<psam>
# A            C            G            T             # no. opt  
# +============+============+============+============ # ==+===+==
  0.178326     0.100137     0.0932785    1             #   1   T  
  1            0.110057     0.516129     0.265655      #   2   A  
  1            0.00512295   0.0122951    0.00717213    #   3   A  
  0.0106157    0.0403397    0.0106157    1             #   4   T  
  0.00102041   1            0.00102041   0.0153061     #   5   C  
  0.431686     0.00581395   1            0.0116279     #   6   G  
  1            0.0010101    0.0030303    0.0030303     #   7   A  
  0.00914634   0.00609756   0.00101626   1             #   8   T  
  1            0.256757     0.16723      0.265203      #   9   A  
  1            0.48046      0.255172     0.563218      #  10   A  
</psam>
</matrix_reduce>
