<?xml version="1.0" encoding="ISO-8859-1"?>
<matrix_reduce>
<meta>
	<time>04-09-2018 09:53:26</time>
	<source>curated_db.meme</source>
	<comment>meme2psam.py</comment>
	<nsites>58</nsites>
	<e-value>0.0</e-value>
</meta>

<directionality>forward</directionality>
<psam_length>7</psam_length>
<optimal_sequence>CGTTGGC</optimal_sequence>

<psam>
# A            C            G            T             # no. opt  
# +============+============+============+============ # ==+===+==
  0.119048     1            0            0.190476      #   1   C  
  0            0            1            0.0363636     #   2   G  
  0.129032     0.16129      0.516129     1             #   3   T  
  0            0            0.163265     1             #   4   T  
  0.138889     0            1            0.416667      #   5   G  
  0.0714286    0            1            0.928571      #   6   G  
  0.258065     1            0.0645161    0.483871      #   7   C  
</psam>
</matrix_reduce>
