<?xml version="1.0" encoding="ISO-8859-1"?>
<matrix_reduce>
<meta>
	<time>04-09-2018 09:53:26</time>
	<source>curated_db.meme</source>
	<comment>meme2psam.py</comment>
	<nsites>100</nsites>
	<e-value>0.0</e-value>
</meta>

<directionality>forward</directionality>
<psam_length>16</psam_length>
<optimal_sequence>GGGATAATTACTTCAG</optimal_sequence>

<psam>
# A            C            G            T             # no. opt  
# +============+============+============+============ # ==+===+==
  0.970588     0.823529     1            0.117647      #   1   G  
  0.710526     0.631579     1            0.289474      #   2   G  
  1            0.258065     1            0.967742      #   3   G  
  1            0.183673     0.632653     0.22449       #   4   A  
  0.0142857    0.4          0            1             #   5   T  
  1            0.0103093    0.0103093    0.0103093     #   6   A  
  1            0            0            0.0204082     #   7   A  
  0.010101     0            0            1             #   8   T  
  0.0103093    0.0103093    0.0103093    1             #   9   T  
  1            0            0.405797     0.0289855     #  10   A  
  0.216216     1            0.756757     0.72973       #  11   C  
  0.967742     1            0.258065     1             #  12   T  
  0.428571     0.761905     0.190476     1             #  13   T  
  0.568182     1            0.272727     0.431818      #  14   C  
  1            0.177419     0.241935     0.193548      #  15   A  
  0.377778     0.422222     1            0.422222      #  16   G  
</psam>
</matrix_reduce>
