<?xml version="1.0" encoding="ISO-8859-1"?>
<matrix_reduce>
<meta>
	<time>04-09-2018 09:53:26</time>
	<source>curated_db.meme</source>
	<comment>meme2psam.py</comment>
	<nsites>1000</nsites>
	<e-value>0.0</e-value>
</meta>

<directionality>forward</directionality>
<psam_length>8</psam_length>
<optimal_sequence>CCAATTAC</optimal_sequence>

<psam>
# A            C            G            T             # no. opt  
# +============+============+============+============ # ==+===+==
  0.669643     1            0.78869      0.517857      #   1   C  
  0.183824     1            0.0441176    0.604779      #   2   C  
  1            0.212703     0.121123     0.138848      #   3   A  
  1            0.124239     0.0133983    0.0803898     #   4   A  
  0.0265111    0.019088     0.0137858    1             #   5   T  
  0.0742188    0.147135     0.0807292    1             #   6   T  
  1            0.0403917    0.0281518    0.155447      #   7   A  
  0.854839     1            0.641935     0.729032      #   8   C  
</psam>
</matrix_reduce>
