<?xml version="1.0" encoding="ISO-8859-1"?>
<matrix_reduce>
<meta>
	<time>04-09-2018 09:53:26</time>
	<source>curated_db.meme</source>
	<comment>meme2psam.py</comment>
	<nsites>1000</nsites>
	<e-value>0.0</e-value>
</meta>

<directionality>forward</directionality>
<psam_length>8</psam_length>
<optimal_sequence>GCAATTAA</optimal_sequence>

<psam>
# A            C            G            T             # no. opt  
# +============+============+============+============ # ==+===+==
  0.669565     0.750725     1            0.478261      #   1   G  
  0.07393      1            0.0175097    0.854086      #   2   C  
  1            0.0494382    0.0359551    0.0382022     #   3   A  
  1            0.0207039    0.0010352    0.0134576     #   4   A  
  0            0            0            1             #   5   T  
  0.0184984    0.0282916    0.0413493    1             #   6   T  
  1            0.00314795   0.00419727   0.0419727     #   7   A  
  1            0.881481     0.825926     0.996296      #   8   A  
</psam>
</matrix_reduce>
