<?xml version="1.0" encoding="ISO-8859-1"?>
<matrix_reduce>
<meta>
	<time>04-09-2018 09:53:26</time>
	<source>curated_db.meme</source>
	<comment>meme2psam.py</comment>
	<nsites>100</nsites>
	<e-value>0.0</e-value>
</meta>

<directionality>forward</directionality>
<psam_length>17</psam_length>
<optimal_sequence>TCGCGATAATTACCGAC</optimal_sequence>

<psam>
# A            C            G            T             # no. opt  
# +============+============+============+============ # ==+===+==
  0.5          0.6875       0.9375       1             #   1   T  
  0.744186     1            0.27907      0.302326      #   2   C  
  0.72973      0.540541     1            0.432432      #   3   G  
  0.642857     1            0.595238     0.142857      #   4   C  
  0.933333     0.4          1            0.933333      #   5   G  
  1            0.0655738    0.377049     0.196721      #   6   A  
  0            0.0309278    0            1             #   7   T  
  1            0            0            0.0204082     #   8   A  
  1            0            0            0.010101      #   9   A  
  0            0            0            1             #  10   T  
  0.0102041    0            0.0102041    1             #  11   T  
  1            0            0.333333     0             #  12   A  
  0.125        1            0.214286     0.428571      #  13   C  
  0.714286     1            0.102041     0.22449       #  14   C  
  0.486486     0.810811     1            0.405405      #  15   G  
  1            0.540541     0.351351     0.810811      #  16   A  
  0.736842     1            0.342105     0.552632      #  17   C  
</psam>
</matrix_reduce>
