<?xml version="1.0" encoding="ISO-8859-1"?>
<matrix_reduce>
<meta>
	<time>04-09-2018 09:53:26</time>
	<source>curated_db.meme</source>
	<comment>meme2psam.py</comment>
	<nsites>34</nsites>
	<e-value>0.0</e-value>
</meta>

<directionality>forward</directionality>
<psam_length>10</psam_length>
<optimal_sequence>GATAATTACA</optimal_sequence>

<psam>
# A            C            G            T             # no. opt  
# +============+============+============+============ # ==+===+==
  0.272727     0.136364     1            0.0909091     #   1   G  
  1            1            0.428571     0             #   2   A  
  0            0.03125      0            1             #   3   T  
  1            0            0.03125      0             #   4   A  
  1            0            0            0             #   5   A  
  0            0            0            1             #   6   T  
  0            0            0.0645161    1             #   7   T  
  1            0.0555556    0.611111     0.111111      #   8   A  
  0.277778     1            0.5          0.111111      #   9   C  
  1            0.357143     0.214286     0.714286      #  10   A  
</psam>
</matrix_reduce>
