<?xml version="1.0" encoding="ISO-8859-1"?>
<matrix_reduce>
<meta>
	<time>04-09-2018 09:53:26</time>
	<source>curated_db.meme</source>
	<comment>meme2psam.py</comment>
	<nsites>1000</nsites>
	<e-value>0.0</e-value>
</meta>

<directionality>forward</directionality>
<psam_length>8</psam_length>
<optimal_sequence>CCAATTAC</optimal_sequence>

<psam>
# A            C            G            T             # no. opt  
# +============+============+============+============ # ==+===+==
  0.727273     1            0.890282     0.517241      #   1   C  
  0.138402     1            0.0389864    0.77193       #   2   C  
  1            0.135593     0.0795306    0.0873533     #   3   A  
  1            0.0729517    0.00897868   0.040404      #   4   A  
  0.0229167    0.00833333   0.00729167   1             #   5   T  
  0.0546968    0.0725327    0.0618312    1             #   6   T  
  1            0.0272727    0.0136364    0.0943182     #   7   A  
  0.95189      1            0.635739     0.848797      #   8   C  
</psam>
</matrix_reduce>
