<?xml version="1.0" encoding="ISO-8859-1"?>
<matrix_reduce>
<meta>
	<time>04-09-2018 09:53:26</time>
	<source>curated_db.meme</source>
	<comment>meme2psam.py</comment>
	<nsites>100</nsites>
	<e-value>0.0</e-value>
</meta>

<directionality>forward</directionality>
<psam_length>17</psam_length>
<optimal_sequence>TGAACCGGATTAATGTA</optimal_sequence>

<psam>
# A            C            G            T             # no. opt  
# +============+============+============+============ # ==+===+==
  0.829268     0.317073     0.292683     1             #   1   T  
  0.756757     0.216216     1            0.72973       #   2   G  
  1            0.163265     0.632653     0.244898      #   3   A  
  1            0.163265     0.265306     0.612245      #   4   A  
  0.694444     1            0.5          0.583333      #   5   C  
  0.56         1            0.4          0.04          #   6   C  
  0.0645161    0.0107527    1            0             #   7   G  
  0            0.010101     1            0             #   8   G  
  1            0.0638298    0            0             #   9   A  
  0            0            0            1             #  10   T  
  0.0102041    0.0102041    0            1             #  11   T  
  1            0            0            0.0309278     #  12   A  
  1            0.125        0.875        0.5           #  13   A  
  0.209302     0.255814     0.860465     1             #  14   T  
  0.5          0.933333     1            0.9           #  15   G  
  0.967742     0.645161     0.612903     1             #  16   T  
  1            0.324324     0.405405     0.972973      #  17   A  
</psam>
</matrix_reduce>
