<?xml version="1.0" encoding="ISO-8859-1"?>
<matrix_reduce>
<meta>
	<time>04-09-2018 09:53:26</time>
	<source>curated_db.meme</source>
	<comment>meme2psam.py</comment>
	<nsites>1000</nsites>
	<e-value>0.0</e-value>
</meta>

<directionality>forward</directionality>
<psam_length>10</psam_length>
<optimal_sequence>GCGGATTAAC</optimal_sequence>

<psam>
# A            C            G            T             # no. opt  
# +============+============+============+============ # ==+===+==
  0.81194      0.462687     1            0.710448      #   1   G  
  0.641873     1            0.779614     0.333333      #   2   C  
  0.237885     0.162996     1            0.0660793     #   3   G  
  0.14249      0.0564827    1            0.084724      #   4   G  
  1            0.103241     0.0792317    0.0180072     #   5   A  
  0.00208551   0            0.0396246    1             #   6   T  
  0.103145     0.103145     0.0515723    1             #   7   T  
  1            0            0.0442287    0.0334412     #   8   A  
  1            0.251948     0.836364     0.509091      #   9   A  
  0.611296     1            0.910299     0.790698      #  10   C  
</psam>
</matrix_reduce>
