<?xml version="1.0" encoding="ISO-8859-1"?>
<matrix_reduce>
<meta>
	<time>04-09-2018 09:53:26</time>
	<source>curated_db.meme</source>
	<comment>meme2psam.py</comment>
	<nsites>1000</nsites>
	<e-value>0.0</e-value>
</meta>

<directionality>forward</directionality>
<psam_length>11</psam_length>
<optimal_sequence>GGGATAATCCC</optimal_sequence>

<psam>
# A            C            G            T             # no. opt  
# +============+============+============+============ # ==+===+==
  0.707692     0.904615     1            0.464615      #   1   G  
  0.558541     0.209213     1            0.149712      #   2   G  
  0.0889454    0.0889454    1            0.0914867     #   3   G  
  1            0.279279     0.0600601    0.162162      #   4   A  
  0            0.00911854   0.00405268   1             #   5   T  
  1            0.101205     0.103614     0             #   6   A  
  1            0.0131712    0            0             #   7   A  
  0.0130435    0.00217391   0.0717391    1             #   8   T  
  0.0926143    1            0.0398593    0.0363423     #   9   C  
  0.102867     1            0.134907     0.448567      #  10   C  
  0.541401     1            0.955414     0.687898      #  11   C  
</psam>
</matrix_reduce>
