<?xml version="1.0" encoding="ISO-8859-1"?>
<matrix_reduce>
<meta>
	<time>04-09-2018 09:53:26</time>
	<source>curated_db.meme</source>
	<comment>meme2psam.py</comment>
	<nsites>1000</nsites>
	<e-value>0.0</e-value>
</meta>

<directionality>forward</directionality>
<psam_length>10</psam_length>
<optimal_sequence>ACGGATTAGC</optimal_sequence>

<psam>
# A            C            G            T             # no. opt  
# +============+============+============+============ # ==+===+==
  1            0.625        0.953125     0.546875      #   1   A  
  0.630303     1            0.915152     0.484848      #   2   C  
  0.347826     0.113354     1            0.0916149     #   3   G  
  0.0832232    0.0396301    1            0.198151      #   4   G  
  1            0.0494737    0.00105263   0             #   5   A  
  0            0            0.0162602    1             #   6   T  
  0.143262     0.204255     0.0666667    1             #   7   T  
  1            0            0.0307018    0.0657895     #   8   A  
  0.824074     0.330247     1            0.932099      #   9   G  
  0.322072     1            0.524775     0.405405      #  10   C  
</psam>
</matrix_reduce>
