<?xml version="1.0" encoding="ISO-8859-1"?>
<matrix_reduce>
<meta>
	<time>04-09-2018 09:53:26</time>
	<source>curated_db.meme</source>
	<comment>meme2psam.py</comment>
	<nsites>38217</nsites>
	<e-value>0.0</e-value>
</meta>

<directionality>forward</directionality>
<psam_length>11</psam_length>
<optimal_sequence>TAATTTAATCA</optimal_sequence>

<psam>
# A            C            G            T             # no. opt  
# +============+============+============+============ # ==+===+==
  0.265877     0.0908727    0.0356713    1             #   1   T  
  1            0            0.032837     0             #   2   A  
  1            0            0            0             #   3   A  
  0.270713     0.604495     0.103614     1             #   4   T  
  0            0.983232     0.297231     1             #   5   T  
  0            0.769116     0.337725     1             #   6   T  
  1            0.0818947    0            0.00138901    #   7   A  
  1            0            0            0             #   8   A  
  0            0            0            1             #   9   T  
  0            1            0            0.021627      #  10   C  
  1            0            0            0.130718      #  11   A  
</psam>
</matrix_reduce>
