<?xml version="1.0" encoding="ISO-8859-1"?>
<matrix_reduce>
<meta>
	<time>04-09-2018 09:53:26</time>
	<source>curated_db.meme</source>
	<comment>meme2psam.py</comment>
	<nsites>1000</nsites>
	<e-value>0.0</e-value>
</meta>

<directionality>forward</directionality>
<psam_length>13</psam_length>
<optimal_sequence>CTAATTTAATCAA</optimal_sequence>

<psam>
# A            C            G            T             # no. opt  
# +============+============+============+============ # ==+===+==
  0.71521      1            0.618123     0.902913      #   1   C  
  0.237785     0.281759     0.109121     1             #   2   T  
  1            0.00787402   0.548031     0.0188976     #   3   A  
  1            0.00511247   0.0102249    0.00408998    #   4   A  
  0.220165     0.635802     0.201646     1             #   5   T  
  0.0291971    0.941606     0.462287     1             #   6   T  
  0.0221566    0.339734     0.113737     1             #   7   T  
  1            0.0550562    0.0460674    0.0213483     #   8   A  
  1            0.00614754   0.00922131   0.00614754    #   9   A  
  0            0.00100604   0.00503018   1             #  10   T  
  0            1            0.00332963   0.106548      #  11   C  
  1            0.028103     0.0515222    0.0913349     #  12   A  
  1            0.490251     0.777159     0.518106      #  13   A  
</psam>
</matrix_reduce>
