<?xml version="1.0" encoding="ISO-8859-1"?>
<matrix_reduce>
<meta>
	<time>04-09-2018 09:53:26</time>
	<source>curated_db.meme</source>
	<comment>meme2psam.py</comment>
	<nsites>1000</nsites>
	<e-value>0.0</e-value>
</meta>

<directionality>forward</directionality>
<psam_length>14</psam_length>
<optimal_sequence>AAATGGCGCCATTT</optimal_sequence>

<psam>
# A            C            G            T             # no. opt  
# +============+============+============+============ # ==+===+==
  1            0.0909091    0            0.727273      #   1   A  
  1            0            0            0.267427      #   2   A  
  1            0.0833333    0            0.583333      #   3   A  
  0.0520581    0            0.157385     1             #   4   T  
  0            0            1            0             #   5   G  
  0            0            1            0             #   6   G  
  0            1            0            0             #   7   C  
  0            0            1            0.0384216     #   8   G  
  0            1            0            0             #   9   C  
  0.0619369    1            0            0.0619369     #  10   C  
  1            0.466667     0            0.2           #  11   A  
  0.411315     0.117737     0            1             #  12   T  
  0.0588235    0            0.117647     1             #  13   T  
  0.0618312    0.0618312    0.0618312    1             #  14   T  
</psam>
</matrix_reduce>
