<?xml version="1.0" encoding="ISO-8859-1"?>
<matrix_reduce>
<meta>
	<time>04-09-2018 09:53:26</time>
	<source>curated_db.meme</source>
	<comment>meme2psam.py</comment>
	<nsites>1000</nsites>
	<e-value>0.0</e-value>
</meta>

<directionality>forward</directionality>
<psam_length>15</psam_length>
<optimal_sequence>ATAAAGGCGCGCGAT</optimal_sequence>

<psam>
# A            C            G            T             # no. opt  
# +============+============+============+============ # ==+===+==
  1            0.699346     0.879085     0.686275      #   1   A  
  0.772853     0.601108     0.387812     1             #   2   T  
  1            0.414322     0.496164     0.647059      #   3   A  
  1            0.14408      0.0584879    0.219686      #   4   A  
  1            0.158879     0.759346     0.418224      #   5   A  
  0.236066     0.313115     1            0.0901639     #   6   G  
  0.0146138    0.0219207    1            0.00730689    #   7   G  
  0.0207684    1            0.0134995    0.00415369    #   8   C  
  0.00102775   0.024666     1            0.0020555     #   9   G  
  0.00108696   1            0.0847826    0.00108696    #  10   C  
  0.0127168    0.113295     1            0.0300578     #  11   G  
  0.0450867    1            0.0289017    0.0820809     #  12   C  
  0.363636     0.805897     1            0.287469      #  13   G  
  1            0.439394     0.231602     0.487013      #  14   A  
  0.743655     0.583756     0.21066      1             #  15   T  
</psam>
</matrix_reduce>
