<?xml version="1.0" encoding="ISO-8859-1"?>
<matrix_reduce>
<meta>
	<time>04-09-2018 09:53:26</time>
	<source>curated_db.meme</source>
	<comment>meme2psam.py</comment>
	<nsites>1000</nsites>
	<e-value>0.0</e-value>
</meta>

<directionality>forward</directionality>
<psam_length>16</psam_length>
<optimal_sequence>AAAATGGCGCCATTTT</optimal_sequence>

<psam>
# A            C            G            T             # no. opt  
# +============+============+============+============ # ==+===+==
  1            0            0            0.0752688     #   1   A  
  1            0            0            0.0493179     #   2   A  
  1            0            0            0.0245902     #   3   A  
  1            0.0285285    0.0870871    0.381381      #   4   A  
  0.369327     0.0219092    0.173709     1             #   5   T  
  0            0.0882682    1            0.0290503     #   6   G  
  0            0            1            0             #   7   G  
  0            1            0            0             #   8   C  
  0            0            1            0             #   9   G  
  0            1            0            0             #  10   C  
  0            1            0.0964912    0             #  11   C  
  1            0.0835509    0            0.221932      #  12   A  
  0.451994     0.0236337    0            1             #  13   T  
  0.176471     0            0            1             #  14   T  
  0.019368     0            0            1             #  15   T  
  0.243243     0.0810811    0.027027     1             #  16   T  
</psam>
</matrix_reduce>
