<?xml version="1.0" encoding="ISO-8859-1"?>
<matrix_reduce>
<meta>
	<time>04-09-2018 09:53:26</time>
	<source>curated_db.meme</source>
	<comment>meme2psam.py</comment>
	<nsites>1000</nsites>
	<e-value>0.0</e-value>
</meta>

<directionality>forward</directionality>
<psam_length>18</psam_length>
<optimal_sequence>AAAAATGGCGCCAAAATG</optimal_sequence>

<psam>
# A            C            G            T             # no. opt  
# +============+============+============+============ # ==+===+==
  1            0.189349     0.149408     0.140533      #   1   A  
  1            0.00731707   0.160976     0.0512195     #   2   A  
  1            0            0            0.0905125     #   3   A  
  1            0.00739176   0            0.0485744     #   4   A  
  1            0.0143198    0.0644391    0.114558      #   5   A  
  0.270423     0            0.138028     1             #   6   T  
  0            0.0220126    1            0.0262055     #   7   G  
  0            0            1            0             #   8   G  
  0            1            0            0.00908174    #   9   C  
  0            0            1            0             #  10   G  
  0            1            0            0             #  11   C  
  0            1            0            0             #  12   C  
  1            0.0143003    0            0.00715015    #  13   A  
  1            0            0            0.0204082     #  14   A  
  1            0.00642398   0            0.0620985     #  15   A  
  1            0.0146082    0            0.313413      #  16   A  
  0.621415     0.290631     0            1             #  17   T  
  0.460405     0.0976059    1            0.28361       #  18   G  
</psam>
</matrix_reduce>
