<?xml version="1.0" encoding="ISO-8859-1"?>
<matrix_reduce>
<meta>
	<time>04-09-2018 09:53:26</time>
	<source>curated_db.meme</source>
	<comment>meme2psam.py</comment>
	<nsites>1000</nsites>
	<e-value>0.0</e-value>
</meta>

<directionality>forward</directionality>
<psam_length>18</psam_length>
<optimal_sequence>AATTTTGGCGCCAAAATG</optimal_sequence>

<psam>
# A            C            G            T             # no. opt  
# +============+============+============+============ # ==+===+==
  1            0.469933     0.605791     0.151448      #   1   A  
  1            0.270777     0.764075     0.646113      #   2   A  
  0.138952     0            0            1             #   3   T  
  0.0638064    0.0165017    0.0165017    1             #   4   T  
  0.0843507    0.0110988    0.0110988    1             #   5   T  
  0.028877     0.00534759   0.0352941    1             #   6   T  
  0.00405268   0.00911854   1            0             #   7   G  
  0            0            1            0             #   8   G  
  0            1            0            0             #   9   C  
  0            0            1            0             #  10   G  
  0            1            0            0             #  11   C  
  0            1            0.0290758    0.00934579    #  12   C  
  1            0.029661     0.0148305    0.0148305     #  13   A  
  1            0.0146138    0            0.0292276     #  14   A  
  1            0.00747065   0            0.0597652     #  15   A  
  1            0.00763359   0.0152672    0.0676118     #  16   A  
  0.546351     0.333333     0.0927022    1             #  17   T  
  0.467391     0.413043     1            0.293478      #  18   G  
</psam>
</matrix_reduce>
