<?xml version="1.0" encoding="ISO-8859-1"?>
<matrix_reduce>
<meta>
	<time>04-09-2018 09:53:26</time>
	<source>curated_db.meme</source>
	<comment>meme2psam.py</comment>
	<nsites>2383</nsites>
	<e-value>0.0</e-value>
</meta>

<directionality>forward</directionality>
<psam_length>15</psam_length>
<optimal_sequence>CTCCCGCCCCCACTC</optimal_sequence>

<psam>
# A            C            G            T             # no. opt  
# +============+============+============+============ # ==+===+==
  0            1            0            0.821101      #   1   C  
  0            0            0            1             #   2   T  
  0            1            0            0             #   3   C  
  0            1            0.0320624    0             #   4   C  
  0            1            0            0             #   5   C  
  0            0            1            0.137536      #   6   G  
  0            1            0            0             #   7   C  
  0            1            0.356156     0.140075      #   8   C  
  0.275        1            0.299194     0.346774      #   9   C  
  0.304502     1            0.82109      0.696682      #  10   C  
  0.130995     1            0.37151      0.201861      #  11   C  
  1            0.405783     0.631107     0.337986      #  12   A  
  0.100752     1            0.541353     0.14812       #  13   C  
  0.682957     0.991228     0.309524     1             #  14   T  
  0.42455      1            0.896396     0.36036       #  15   C  
</psam>
</matrix_reduce>
