<?xml version="1.0" encoding="ISO-8859-1"?>
<matrix_reduce>
<meta>
	<time>04-09-2018 09:53:26</time>
	<source>curated_db.meme</source>
	<comment>meme2psam.py</comment>
	<nsites>1000</nsites>
	<e-value>0.0</e-value>
</meta>

<directionality>forward</directionality>
<psam_length>18</psam_length>
<optimal_sequence>AATTTTGGCGCCAAAACT</optimal_sequence>

<psam>
# A            C            G            T             # no. opt  
# +============+============+============+============ # ==+===+==
  1            0.326446     0.297521     0.442149      #   1   A  
  1            0.0794118    0.988235     0.873529      #   2   A  
  0.197115     0.00240385   0.00240385   1             #   3   T  
  0.0920044    0            0.00328587   1             #   4   T  
  0.0595112    0.0021254    0.0010627    1             #   5   T  
  0.0355603    0            0.0420259    1             #   6   T  
  0.00102354   0.0225179    1            0             #   7   G  
  0            0            1            0             #   8   G  
  0            1            0            0.001002      #   9   C  
  0.001001     0            1            0             #  10   G  
  0            1            0            0             #  11   C  
  0            1            0.0246154    0.00102564    #  12   C  
  1            0.0134159    0.00103199   0.0144479     #  13   A  
  1            0.00206398   0.00309598   0.0268318     #  14   A  
  1            0.00102249   0.00306748   0.0184049     #  15   A  
  1            0.00216685   0.00216685   0.0790899     #  16   A  
  0.201536     1            0.253359     0.464491      #  17   C  
  0.370297     0.427723     0.182178     1             #  18   T  
</psam>
</matrix_reduce>
