<?xml version="1.0" encoding="ISO-8859-1"?>
<matrix_reduce>
<meta>
	<time>04-09-2018 09:53:26</time>
	<source>curated_db.meme</source>
	<comment>meme2psam.py</comment>
	<nsites>1000</nsites>
	<e-value>0.0</e-value>
</meta>

<directionality>forward</directionality>
<psam_length>18</psam_length>
<optimal_sequence>AAAAATGGCGCCAAAATG</optimal_sequence>

<psam>
# A            C            G            T             # no. opt  
# +============+============+============+============ # ==+===+==
  1            0.170248     0.32562      0.157025      #   1   A  
  1            0.0185874    0.194548     0.0223048     #   2   A  
  1            0.00218103   0.00327154   0.08506       #   3   A  
  1            0.00236967   0.00236967   0.180095      #   4   A  
  1            0.00131062   0.0419397    0.267366      #   5   A  
  0.229706     0.00172712   0.490501     1             #   6   T  
  0.0133011    0.143894     1            0.0483676     #   7   G  
  0            0            1            0             #   8   G  
  0            1            0            0.001001      #   9   C  
  0.001001     0            1            0             #  10   G  
  0            1            0            0             #  11   C  
  0            1            0.0173116    0.00101833    #  12   C  
  1            0.0133197    0            0.0112705     #  13   A  
  1            0.00104275   0.00208551   0.0396246     #  14   A  
  1            0            0.00104603   0.0449791     #  15   A  
  1            0.00224719   0.00224719   0.119101      #  16   A  
  0.645333     0.648        0.373333     1             #  17   T  
  0.391429     0.591429     1            0.874286      #  18   G  
</psam>
</matrix_reduce>
