<?xml version="1.0" encoding="ISO-8859-1"?>
<matrix_reduce>
<meta>
	<time>04-09-2018 09:53:26</time>
	<source>curated_db.meme</source>
	<comment>meme2psam.py</comment>
	<nsites>1000</nsites>
	<e-value>0.0</e-value>
</meta>

<directionality>forward</directionality>
<psam_length>18</psam_length>
<optimal_sequence>AAAAATGGCGCCATTTTT</optimal_sequence>

<psam>
# A            C            G            T             # no. opt  
# +============+============+============+============ # ==+===+==
  1            0.206564     0.428571     0.289575      #   1   A  
  1            0.0240642    0.294118     0.0187166     #   2   A  
  1            0            0.00556174   0.106785      #   3   A  
  1            0            0            0.0799136     #   4   A  
  1            0            0.020936     0.210591      #   5   A  
  0.372632     0            0.732632     1             #   6   T  
  0.0130641    0.137767     1            0.0332542     #   7   G  
  0            0.001001     1            0             #   8   G  
  0            1            0            0             #   9   C  
  0            0.001001     1            0             #  10   G  
  0            1            0            0             #  11   C  
  0.0397946    1            0.228498     0.0154044     #  12   C  
  1            0.322581     0            0.213518      #  13   A  
  0.576        0.0112       0.008        1             #  14   T  
  0.374309     0.00276243   0.00414365   1             #  15   T  
  0.154026     0.00816803   0.00466744   1             #  16   T  
  0.0319693    0.18798      0.0549872    1             #  17   T  
  0.190114     0.473384     0.235741     1             #  18   T  
</psam>
</matrix_reduce>
