<?xml version="1.0" encoding="ISO-8859-1"?>
<matrix_reduce>
<meta>
	<time>04-09-2018 09:53:26</time>
	<source>curated_db.meme</source>
	<comment>meme2psam.py</comment>
	<nsites>12</nsites>
	<e-value>0.0</e-value>
</meta>

<directionality>forward</directionality>
<psam_length>10</psam_length>
<optimal_sequence>CGCGCGAAAC</optimal_sequence>

<psam>
# A            C            G            T             # no. opt  
# +============+============+============+============ # ==+===+==
  0            1            0.5          0             #   1   C  
  0            1            1            0             #   2   G  
  0            1            0            0             #   3   C  
  0            0            1            0             #   4   G  
  0            1            0            0             #   5   C  
  0            0.375        1            0             #   6   G  
  1            0.25         0.25         0             #   7   A  
  1            0.333333     0            0             #   8   A  
  1            0            0.222222     0             #   9   A  
  0.333333     1            0            0.333333      #  10   C  
</psam>
</matrix_reduce>
