<?xml version="1.0" encoding="ISO-8859-1"?>
<matrix_reduce>
<meta>
	<time>04-09-2018 09:53:26</time>
	<source>curated_db.meme</source>
	<comment>meme2psam.py</comment>
	<nsites>1000</nsites>
	<e-value>0.0</e-value>
</meta>

<directionality>forward</directionality>
<psam_length>15</psam_length>
<optimal_sequence>ATAAGGGCGCGCGAT</optimal_sequence>

<psam>
# A            C            G            T             # no. opt  
# +============+============+============+============ # ==+===+==
  1            0.590529     0.735376     0.45961       #   1   A  
  0.912651     0.76506      0.334337     1             #   2   T  
  1            0.263658     0.501188     0.610451      #   3   A  
  1            0.0818182    0.0415584    0.175325      #   4   A  
  0.762836     0.124694     1            0.557457      #   5   G  
  0.136111     0.195833     1            0.0569444     #   6   G  
  0.0102881    0.0144033    1            0.00411523    #   7   G  
  0.014359     1            0.00820513   0.00205128    #   8   C  
  0.00101626   0.0132114    1            0.00203252    #   9   G  
  0            1            0.0628998    0             #  10   C  
  0.00802752   0.116972     1            0.021789      #  11   G  
  0.0222717    1            0.0155902    0.0757238     #  12   C  
  0.278729     0.848411     1            0.317848      #  13   G  
  1            0.8429       0.256798     0.918429      #  14   A  
  0.639279     0.272545     0.0861723    1             #  15   T  
</psam>
</matrix_reduce>
