<?xml version="1.0" encoding="ISO-8859-1"?>
<matrix_reduce>
<meta>
	<time>04-09-2018 09:53:26</time>
	<source>curated_db.meme</source>
	<comment>meme2psam.py</comment>
	<nsites>1805</nsites>
	<e-value>0.0</e-value>
</meta>

<directionality>forward</directionality>
<psam_length>12</psam_length>
<optimal_sequence>GTCCCTGGGGAC</optimal_sequence>

<psam>
# A            C            G            T             # no. opt  
# +============+============+============+============ # ==+===+==
  0.315972     0.940972     1            0.871528      #   1   G  
  0.0577236    0.302439     0.104065     1             #   2   T  
  0.000555864  1            0.00111173   0             #   3   C  
  0.00435323   1            0.00746269   0.109453      #   4   C  
  0.00057971   1            0.00057971   0.0434783     #   5   C  
  0.285714     0.00300752   0.0654135    1             #   6   T  
  0.103365     0.0120192    1            0.329327      #   7   G  
  0.0644578    0.0216867    1            0.00060241    #   8   G  
  0.326531     0            1            0.0362812     #   9   G  
  0            0            1            0             #  10   G  
  1            0.150259     0.455959     0.260104      #  11   A  
  0.572011     1            0.634511     0.243207      #  12   C  
</psam>
</matrix_reduce>
