<?xml version="1.0" encoding="ISO-8859-1"?>
<matrix_reduce>
<meta>
	<time>04-09-2018 09:53:26</time>
	<source>curated_db.meme</source>
	<comment>meme2psam.py</comment>
	<nsites>25</nsites>
	<e-value>0.0</e-value>
</meta>

<directionality>forward</directionality>
<psam_length>10</psam_length>
<optimal_sequence>ACCCAAGGGA</optimal_sequence>

<psam>
# A            C            G            T             # no. opt  
# +============+============+============+============ # ==+===+==
  1            0.818182     0.181818     0.272727      #   1   A  
  0            1            0            0.136364      #   2   C  
  0.0625       1            0.0625       0.4375        #   3   C  
  0.1          1            0            0.15          #   4   C  
  1            0.818182     0            0.454545      #   5   A  
  1            0.0625       0.3125       0.1875        #   6   A  
  0            0            1            0             #   7   G  
  0.0869565    0            1            0             #   8   G  
  0            0            1            0             #   9   G  
  1            0            0.190476     0             #  10   A  
</psam>
</matrix_reduce>
