<?xml version="1.0" encoding="ISO-8859-1"?>
<matrix_reduce>
<meta>
	<time>04-09-2018 09:53:26</time>
	<source>curated_db.meme</source>
	<comment>meme2psam.py</comment>
	<nsites>1000</nsites>
	<e-value>0.0</e-value>
</meta>

<directionality>forward</directionality>
<psam_length>14</psam_length>
<optimal_sequence>ATTCCCAAGGGAAT</optimal_sequence>

<psam>
# A            C            G            T             # no. opt  
# +============+============+============+============ # ==+===+==
  1            0.102921     0.150209     0.137691      #   1   A  
  0.378132     0.407745     0.492027     1             #   2   T  
  0.0234742    0.150235     0            1             #   3   T  
  0            1            0.00200602   0.00100301    #   4   C  
  0.00203252   1            0.00304878   0.0111789     #   5   C  
  0            1            0            0.00401606    #   6   C  
  1            0.695055     0.112637     0.93956       #   7   A  
  1            0.0994036    0.26839      0.620278      #   8   A  
  0.0132248    0.00406918   1            0             #   9   G  
  0.0687433    0.00537057   1            0             #  10   G  
  0.00407332   0            1            0.0142566     #  11   G  
  1            0.0108108    0.0540541    0.0151351     #  12   A  
  1            0.971867     0.240409     0.345269      #  13   A  
  0.294545     0.429091     0.0945455    1             #  14   T  
</psam>
</matrix_reduce>
