<?xml version="1.0" encoding="ISO-8859-1"?>
<matrix_reduce>
<meta>
	<time>04-09-2018 09:53:26</time>
	<source>curated_db.meme</source>
	<comment>meme2psam.py</comment>
	<nsites>33855</nsites>
	<e-value>0.0</e-value>
</meta>

<directionality>forward</directionality>
<psam_length>11</psam_length>
<optimal_sequence>GTCCCCAGGGA</optimal_sequence>

<psam>
# A            C            G            T             # no. opt  
# +============+============+============+============ # ==+===+==
  0.358744     0.56407      1            0.768203      #   1   G  
  0            0.490189     0.12614      1             #   2   T  
  0            1            0            0             #   3   C  
  0.0388584    1            0            0.447508      #   4   C  
  0            1            0            0.00219065    #   5   C  
  0.411794     1            0            0.105122      #   6   C  
  1            0            0            0.584554      #   7   A  
  0.033079     0            1            0             #   8   G  
  0.333136     0            1            0.00525837    #   9   G  
  0            0            1            0             #  10   G  
  1            0.130673     0.326116     0.0734496     #  11   A  
</psam>
</matrix_reduce>
