<?xml version="1.0" encoding="ISO-8859-1"?>
<matrix_reduce>
<meta>
	<time>04-09-2018 09:53:26</time>
	<source>curated_db.meme</source>
	<comment>meme2psam.py</comment>
	<nsites>1000</nsites>
	<e-value>0.0</e-value>
</meta>

<directionality>forward</directionality>
<psam_length>16</psam_length>
<optimal_sequence>ATACGCCCACGCATTT</optimal_sequence>

<psam>
# A            C            G            T             # no. opt  
# +============+============+============+============ # ==+===+==
  1            0.539267     0.447644     0.63089       #   1   A  
  0.691038     0.575472     0.0919811    1             #   2   T  
  1            0.354883     0            0.0206327     #   3   A  
  0            1            0            0             #   4   C  
  0.00302419   0            1            0.00302419    #   5   G  
  0.00820513   1            0            0.0164103     #   6   C  
  0.0121457    1            0            0             #   7   C  
  0.00406918   1            0            0.0132248     #   8   C  
  1            0.13809      0.0126582    0             #   9   A  
  0.00403226   1            0.00403226   0             #  10   C  
  0.00718686   0.00718686   1            0.0112936     #  11   G  
  0            1            0            0             #  12   C  
  1            0            0.168057     0.0238379     #  13   A  
  0.515152     0.634199     0.00865801   1             #  14   T  
  0.636719     0.244141     0.0664062    1             #  15   T  
  0.291513     0.389299     0.158672     1             #  16   T  
</psam>
</matrix_reduce>
