<?xml version="1.0" encoding="ISO-8859-1"?>
<matrix_reduce>
<meta>
	<time>04-09-2018 09:53:26</time>
	<source>curated_db.meme</source>
	<comment>meme2psam.py</comment>
	<nsites>1000</nsites>
	<e-value>0.0</e-value>
</meta>

<directionality>forward</directionality>
<psam_length>16</psam_length>
<optimal_sequence>TTACGCCCACGCATTT</optimal_sequence>

<psam>
# A            C            G            T             # no. opt  
# +============+============+============+============ # ==+===+==
  0.597143     0.745714     0.514286     1             #   1   T  
  0.535897     0.779487     0.246154     1             #   2   T  
  1            0.702359     0.0544465    0.0580762     #   3   A  
  0.0225479    1            0.0338219    0.0710259     #   4   C  
  0.0785536    0.0673317    1            0.0997506     #   5   G  
  0.00207254   1            0.0145078    0.0196891     #   6   C  
  0.0267094    1            0.0245726    0.017094      #   7   C  
  0            1            0.0253165    0.0295359     #   8   C  
  1            0.233983     0.0779944    0.0807799     #   9   A  
  0.00982533   1            0.0262009    0.0556769     #  10   C  
  0.0332889    0.260985     1            0.0372836     #  11   G  
  0.00218818   1            0.0415755    0.0503282     #  12   C  
  1            0.181818     0.180352     0.104106      #  13   A  
  0.967164     0.78806      0.229851     1             #  14   T  
  0.536232     0.296066     0.238095     1             #  15   T  
  0.491803     0.461358     0.386417     1             #  16   T  
</psam>
</matrix_reduce>
