<?xml version="1.0" encoding="ISO-8859-1"?>
<matrix_reduce>
<meta>
	<time>04-09-2018 09:53:26</time>
	<source>curated_db.meme</source>
	<comment>meme2psam.py</comment>
	<nsites>1000</nsites>
	<e-value>0.0</e-value>
</meta>

<directionality>forward</directionality>
<psam_length>12</psam_length>
<optimal_sequence>AACCCGGAAGTG</optimal_sequence>

<psam>
# A            C            G            T             # no. opt  
# +============+============+============+============ # ==+===+==
  1            0.182301     0.267257     0.320354      #   1   A  
  1            0.102941     0.0213904    0.21123       #   2   A  
  0.212676     1            0.0802817    0.114085      #   3   C  
  0.0168729    1            0.105737     0.00112486    #   4   C  
  0.0540827    1            0.00636267   0             #   5   C  
  0.001001     0            1            0             #   6   G  
  0            0            1            0.00200401    #   7   G  
  1            0            0.00201207   0.00201207    #   8   A  
  1            0.0071066    0.00304569   0.00507614    #   9   A  
  0.0359029    0.0147835    1            0.00527983    #  10   G  
  0.0043573    0.0566449    0.0283224    1             #  11   T  
  0.869266     0.178899     1            0.243119      #  12   G  
</psam>
</matrix_reduce>
