<?xml version="1.0" encoding="ISO-8859-1"?>
<matrix_reduce>
<meta>
	<time>04-09-2018 09:53:26</time>
	<source>curated_db.meme</source>
	<comment>meme2psam.py</comment>
	<nsites>100</nsites>
	<e-value>0.0</e-value>
</meta>

<directionality>forward</directionality>
<psam_length>10</psam_length>
<optimal_sequence>CCCGGAAATA</optimal_sequence>

<psam>
# A            C            G            T             # no. opt  
# +============+============+============+============ # ==+===+==
  0.594595     1            0.648649     0.432432      #   1   C  
  0.16129      1            0.387097     0.0645161     #   2   C  
  0.141176     1            0.0235294    0.0117647     #   3   C  
  0.0204082    0            1            0             #   4   G  
  0            0            1            0             #   5   G  
  1            0            0.0104167    0.03125       #   6   A  
  1            0.0666667    0.0133333    0.253333      #   7   A  
  1            0.117647     0.784314     0.0588235     #   8   A  
  0.09375      0.375        0.09375      1             #   9   T  
  1            0.633333     0.966667     0.633333      #  10   A  
</psam>
</matrix_reduce>
