<?xml version="1.0" encoding="ISO-8859-1"?>
<matrix_reduce>
<meta>
	<time>04-09-2018 09:53:26</time>
	<source>curated_db.meme</source>
	<comment>meme2psam.py</comment>
	<nsites>39</nsites>
	<e-value>0.0</e-value>
</meta>

<directionality>forward</directionality>
<psam_length>11</psam_length>
<optimal_sequence>ATAAGGAAGTA</optimal_sequence>

<psam>
# A            C            G            T             # no. opt  
# +============+============+============+============ # ==+===+==
  1            0            0.04         0.4           #   1   A  
  0.785714     0.571429     0.142857     1             #   2   T  
  1            0.555556     0.333333     0.0555556     #   3   A  
  1            0.416667     0.0833333    0             #   4   A  
  0            0            1            0             #   5   G  
  0            0            1            0             #   6   G  
  1            0            0            0             #   7   A  
  1            0            0            0.461538      #   8   A  
  0.833333     0.166667     1            0             #   9   G  
  0.0714286    0.214286     0            1             #  10   T  
  1            0.111111     0.277778     0.555556      #  11   A  
</psam>
</matrix_reduce>
