<?xml version="1.0" encoding="ISO-8859-1"?>
<matrix_reduce>
<meta>
	<time>04-09-2018 09:53:26</time>
	<source>curated_db.meme</source>
	<comment>meme2psam.py</comment>
	<nsites>1000</nsites>
	<e-value>0.0</e-value>
</meta>

<directionality>forward</directionality>
<psam_length>11</psam_length>
<optimal_sequence>ACCCGGAAGTA</optimal_sequence>

<psam>
# A            C            G            T             # no. opt  
# +============+============+============+============ # ==+===+==
  1            0.0563584    0.0910405    0.297688      #   1   A  
  0.45733      1            0.387309     0.341357      #   2   C  
  0.40481      1            0.569138     0.0300601     #   3   C  
  0.555556     1            0.0653595    0.0130719     #   4   C  
  0            0            1            0.00603622    #   5   G  
  0            0            1            0.00502513    #   6   G  
  1            0            0            0             #   7   A  
  1            0.00107181   0            0.0707395     #   8   A  
  0.20875      0.03375      1            0.00625       #   9   G  
  0.111732     0.208101     0.0768156    1             #  10   T  
  1            0.387931     0.850575     0.635057      #  11   A  
</psam>
</matrix_reduce>
