<?xml version="1.0" encoding="ISO-8859-1"?>
<matrix_reduce>
<meta>
	<time>04-09-2018 09:53:26</time>
	<source>curated_db.meme</source>
	<comment>meme2psam.py</comment>
	<nsites>1000</nsites>
	<e-value>0.0</e-value>
</meta>

<directionality>forward</directionality>
<psam_length>11</psam_length>
<optimal_sequence>ACCCGGAAGTA</optimal_sequence>

<psam>
# A            C            G            T             # no. opt  
# +============+============+============+============ # ==+===+==
  1            0.104361     0.124611     0.32866       #   1   A  
  0.532558     1            0.416279     0.376744      #   2   C  
  0.401174     1            0.516634     0.0391389     #   3   C  
  0.576592     1            0.122203     0.0223752     #   4   C  
  0.00100705   0            1            0.0060423     #   5   G  
  0.00100908   0            1            0.00706357    #   6   G  
  1            0.00402414   0            0.00100604    #   7   A  
  1            0.0234375    0            0.0926339     #   8   A  
  0.311018     0.0543933    1            0.0292887     #   9   G  
  0.193237     0.289855     0.125604     1             #  10   T  
  1            0.386167     0.795389     0.691643      #  11   A  
</psam>
</matrix_reduce>
