<?xml version="1.0" encoding="ISO-8859-1"?>
<matrix_reduce>
<meta>
	<time>04-09-2018 09:53:26</time>
	<source>curated_db.meme</source>
	<comment>meme2psam.py</comment>
	<nsites>100</nsites>
	<e-value>0.0</e-value>
</meta>

<directionality>forward</directionality>
<psam_length>10</psam_length>
<optimal_sequence>CCCGGAAGTA</optimal_sequence>

<psam>
# A            C            G            T             # no. opt  
# +============+============+============+============ # ==+===+==
  0.263158     1            0.263158     0.210526      #   1   C  
  0.390244     1            0.95122      0.097561      #   2   C  
  0.615385     1            0.211538     0.0961538     #   3   C  
  0            0            1            0             #   4   G  
  0            0            1            0             #   5   G  
  1            0            0.0674157    0.0561798     #   6   A  
  1            0.05         0.0125       0.1875        #   7   A  
  0.888889     0.2          1            0.0666667     #   8   G  
  0.783784     0.621622     0.216216     1             #   9   T  
  1            0.473684     0.684211     0.473684      #  10   A  
</psam>
</matrix_reduce>
