<?xml version="1.0" encoding="ISO-8859-1"?>
<matrix_reduce>
<meta>
	<time>04-09-2018 09:53:26</time>
	<source>curated_db.meme</source>
	<comment>meme2psam.py</comment>
	<nsites>1000</nsites>
	<e-value>0.0</e-value>
</meta>

<directionality>forward</directionality>
<psam_length>11</psam_length>
<optimal_sequence>ACCCGGAAGTA</optimal_sequence>

<psam>
# A            C            G            T             # no. opt  
# +============+============+============+============ # ==+===+==
  1            0.110016     0.157635     0.372742      #   1   A  
  0.519802     1            0.467822     0.480198      #   2   C  
  0.40748      1            0.51378      0.0413386     #   3   C  
  0.570435     1            0.14087      0.0226087     #   4   C  
  0            0            1            0             #   5   G  
  0            0            1            0             #   6   G  
  1            0.00609756   0            0.0101626     #   7   A  
  1            0.0239726    0.00684932   0.110731      #   8   A  
  0.385196     0.10574      1            0.0196375     #   9   G  
  0.21843      0.332765     0.15529      1             #  10   T  
  1            0.444444     0.792398     0.684211      #  11   A  
</psam>
</matrix_reduce>
