<?xml version="1.0" encoding="ISO-8859-1"?>
<matrix_reduce>
<meta>
	<time>04-09-2018 09:53:26</time>
	<source>curated_db.meme</source>
	<comment>meme2psam.py</comment>
	<nsites>44</nsites>
	<e-value>0.0</e-value>
</meta>

<directionality>forward</directionality>
<psam_length>9</psam_length>
<optimal_sequence>TACTTCCTT</optimal_sequence>

<psam>
# A            C            G            T             # no. opt  
# +============+============+============+============ # ==+===+==
  0.578947     0.421053     0.157895     1             #   1   T  
  1            0.103448     0.241379     0.137931      #   2   A  
  0.105263     1            0.210526     0.894737      #   3   C  
  0.482759     0            0            1             #   4   T  
  0            0            0            1             #   5   T  
  0            1            0            0             #   6   C  
  0            1            0            0             #   7   C  
  0.12         0.12         0.44         1             #   8   T  
  0.142857     0.333333     0.52381      1             #   9   T  
</psam>
</matrix_reduce>
