<?xml version="1.0" encoding="ISO-8859-1"?>
<matrix_reduce>
<meta>
	<time>04-09-2018 09:53:26</time>
	<source>curated_db.meme</source>
	<comment>meme2psam.py</comment>
	<nsites>100</nsites>
	<e-value>0.0</e-value>
</meta>

<directionality>forward</directionality>
<psam_length>16</psam_length>
<optimal_sequence>GCGAACTAATTAATGC</optimal_sequence>

<psam>
# A            C            G            T             # no. opt  
# +============+============+============+============ # ==+===+==
  0.560976     0.487805     1            0.390244      #   1   G  
  0.741935     1            0.903226     0.548387      #   2   C  
  1            1            1            0.535714      #   3   G  
  1            0.205479     0.109589     0.0547945     #   4   A  
  1            0.097561     0.0853659    0.0365854     #   5   A  
  0.203704     1            0.203704     0.444444      #   6   C  
  0            0.176471     0            1             #   7   T  
  1            0            0.0206186    0.0103093     #   8   A  
  1            0            0.010101     0             #   9   A  
  0.010101     0            0            1             #  10   T  
  0.0103093    0.0103093    0.0103093    1             #  11   T  
  1            0            0.0206186    0.0103093     #  12   A  
  1            0.166667     0.6875       0.229167      #  13   A  
  0.139535     0.325581     0.860465     1             #  14   T  
  0.621622     0.486486     1            0.594595      #  15   G  
  0.408163     1            0.408163     0.22449       #  16   C  
</psam>
</matrix_reduce>
