<?xml version="1.0" encoding="ISO-8859-1"?>
<matrix_reduce>
<meta>
	<time>04-09-2018 09:53:26</time>
	<source>curated_db.meme</source>
	<comment>meme2psam.py</comment>
	<nsites>1000</nsites>
	<e-value>0.0</e-value>
</meta>

<directionality>forward</directionality>
<psam_length>8</psam_length>
<optimal_sequence>CTAATTAG</optimal_sequence>

<psam>
# A            C            G            T             # no. opt  
# +============+============+============+============ # ==+===+==
  0.362963     1            0.651852     0.446914      #   1   C  
  0.0653846    0.85         0.00192308   1             #   2   T  
  1            0.0338983    0.0243644    0             #   3   A  
  1            0.010101     0            0             #   4   A  
  0            0            0            1             #   5   T  
  0.0198758    0.16646      0.0559006    1             #   6   T  
  1            0            0.0105597    0.0454065     #   7   A  
  0.565321     0.56057      1            0.247031      #   8   G  
</psam>
</matrix_reduce>
