<?xml version="1.0" encoding="ISO-8859-1"?>
<matrix_reduce>
<meta>
	<time>04-09-2018 09:53:26</time>
	<source>curated_db.meme</source>
	<comment>meme2psam.py</comment>
	<nsites>10</nsites>
	<e-value>0.0</e-value>
</meta>

<directionality>forward</directionality>
<psam_length>11</psam_length>
<optimal_sequence>AAGTAGTGGTC</optimal_sequence>

<psam>
# A            C            G            T             # no. opt  
# +============+============+============+============ # ==+===+==
  1            0.25         0.5          0.75          #   1   A  
  1            0.4          0.4          0.2           #   2   A  
  0.428571     0            1            0             #   3   G  
  0            0            0.25         1             #   4   T  
  1            0            0.75         0.75          #   5   A  
  0.428571     0            1            0             #   6   G  
  0.428571     0            0            1             #   7   T  
  0.5          0.25         1            0.75          #   8   G  
  0.333333     1            1            1             #   9   G  
  0.25         1            0.25         1             #  10   T  
  0.166667     1            0.166667     0.333333      #  11   C  
</psam>
</matrix_reduce>
