<?xml version="1.0" encoding="ISO-8859-1"?>
<matrix_reduce>
<meta>
	<time>04-09-2018 09:53:26</time>
	<source>curated_db.meme</source>
	<comment>meme2psam.py</comment>
	<nsites>1000</nsites>
	<e-value>0.0</e-value>
</meta>

<directionality>forward</directionality>
<psam_length>10</psam_length>
<optimal_sequence>CCCAATTAGC</optimal_sequence>

<psam>
# A            C            G            T             # no. opt  
# +============+============+============+============ # ==+===+==
  0.907895     1            0.980263     0.401316      #   1   C  
  0.253731     1            0.501066     0.377399      #   2   C  
  0.0635838    1            0.0366089    0.82659       #   3   C  
  1            0.0798122    0.056338     0.0375587     #   4   A  
  1            0.0176532    0            0.0207684     #   5   A  
  0            0.0153531    0.00818833   1             #   6   T  
  0.0273632    0.135572     0.0771144    1             #   7   T  
  1            0.0122087    0.0144284    0.082131      #   8   A  
  0.771117     0.553134     1            0.392371      #   9   G  
  0.38961      1            0.612987     0.594805      #  10   C  
</psam>
</matrix_reduce>
