<?xml version="1.0" encoding="ISO-8859-1"?>
<matrix_reduce>
<meta>
	<time>04-09-2018 09:53:26</time>
	<source>curated_db.meme</source>
	<comment>meme2psam.py</comment>
	<nsites>1000</nsites>
	<e-value>0.0</e-value>
</meta>

<directionality>forward</directionality>
<psam_length>14</psam_length>
<optimal_sequence>TAATTGGTCAATTA</optimal_sequence>

<psam>
# A            C            G            T             # no. opt  
# +============+============+============+============ # ==+===+==
  0.0455038    0.020585     0.0140845    1             #   1   T  
  1            0.0139535    0.106977     0.0418605     #   2   A  
  1            0.00511771   0.00716479   0.011259      #   3   A  
  0.0225322    0.0118026    0.0354077    1             #   4   T  
  0.0637255    0.0318627    0.126225     1             #   5   T  
  0.654237     0.0118644    1            0.0288136     #   6   G  
  0.0668954    0.603774     1            0.0445969     #   7   G  
  0.351648     0.928571     0.467033     1             #   8   T  
  0.0343053    1            0.0377358    0.638079      #   9   C  
  1            0.103405     0.0769231    0.0807062     #  10   A  
  1            0.0397351    0.0110375    0.0496689     #  11   A  
  0.00823893   0.0113285    0.0102987    1             #  12   T  
  0.0893067    0.0752056    0.00940071   1             #  13   T  
  1            0.0255814    0.0453488    0.0918605     #  14   A  
</psam>
</matrix_reduce>
