<?xml version="1.0" encoding="ISO-8859-1"?>
<matrix_reduce>
<meta>
	<time>04-09-2018 09:53:26</time>
	<source>curated_db.meme</source>
	<comment>meme2psam.py</comment>
	<nsites>1000</nsites>
	<e-value>0.0</e-value>
</meta>

<directionality>forward</directionality>
<psam_length>14</psam_length>
<optimal_sequence>TAATTGCTTAATTA</optimal_sequence>

<psam>
# A            C            G            T             # no. opt  
# +============+============+============+============ # ==+===+==
  0.0797468    0.105063     0.0772152    1             #   1   T  
  1            0.0726644    0.356401     0.299308      #   2   A  
  1            0.0466667    0.156        0.130667      #   3   A  
  0.117825     0.138973     0.249245     1             #   4   T  
  0.133971     0.138756     0.322169     1             #   5   T  
  0.824        0.09         1            0.086         #   6   G  
  0.140426     1            0.978723     0.00851064    #   7   C  
  0.578431     0.833333     0.856209     1             #   8   T  
  0.0764331    0.946921     0.0934183    1             #   9   T  
  1            0.318482     0.216172     0.115512      #  10   A  
  1            0.197227     0.169492     0.169492      #  11   A  
  0.0975936    0.144385     0.0949198    1             #  12   T  
  0.182222     0.128889     0.17037      1             #  13   T  
  1            0.0609579    0.229318     0.161103      #  14   A  
</psam>
</matrix_reduce>
