<?xml version="1.0" encoding="ISO-8859-1"?>
<matrix_reduce>
<meta>
	<time>04-09-2018 09:53:26</time>
	<source>curated_db.meme</source>
	<comment>meme2psam.py</comment>
	<nsites>1000</nsites>
	<e-value>0.0</e-value>
</meta>

<directionality>forward</directionality>
<psam_length>10</psam_length>
<optimal_sequence>CCCAATTAGC</optimal_sequence>

<psam>
# A            C            G            T             # no. opt  
# +============+============+============+============ # ==+===+==
  0.71345      1            0.809942     0.400585      #   1   C  
  0.312349     1            0.605327     0.503632      #   2   C  
  0.00827815   1            0.0331126    0.609272      #   3   C  
  1            0.17979      0.0997375    0.0328084     #   4   A  
  1            0.0641026    0.0042735    0             #   5   A  
  0            0            0            1             #   6   T  
  0            0.254821     0.12259      1             #   7   T  
  1            0            0.0277492    0             #   8   A  
  0.554974     0.780105     1            0.280105      #   9   G  
  0.254079     1            0.671329     0.398601      #  10   C  
</psam>
</matrix_reduce>
