<?xml version="1.0" encoding="ISO-8859-1"?>
<matrix_reduce>
<meta>
	<time>04-09-2018 09:53:26</time>
	<source>curated_db.meme</source>
	<comment>meme2psam.py</comment>
	<nsites>1000</nsites>
	<e-value>0.0</e-value>
</meta>

<directionality>forward</directionality>
<psam_length>10</psam_length>
<optimal_sequence>ACCGGAAGTG</optimal_sequence>

<psam>
# A            C            G            T             # no. opt  
# +============+============+============+============ # ==+===+==
  1            0.0191159    0.16129      0.0143369     #   1   A  
  0.0346964    1            0.0384139    0.166047      #   2   C  
  0.121979     1            0.0287687    0             #   3   C  
  0            0            1            0             #   4   G  
  0            0.0141988    1            0             #   5   G  
  1            0.014553     0.014553     0.00935551    #   6   A  
  1            0            0            0.146789      #   7   A  
  0.400593     0.0830861    1            0             #   8   G  
  0            0.199498     0.0526976    1             #   9   T  
  0.674058     0.303769     1            0.239468      #  10   G  
</psam>
</matrix_reduce>
