<?xml version="1.0" encoding="ISO-8859-1"?>
<matrix_reduce>
<meta>
	<time>04-09-2018 09:53:26</time>
	<source>curated_db.meme</source>
	<comment>meme2psam.py</comment>
	<nsites>100</nsites>
	<e-value>0.0</e-value>
</meta>

<directionality>forward</directionality>
<psam_length>10</psam_length>
<optimal_sequence>ACCGGAAGTA</optimal_sequence>

<psam>
# A            C            G            T             # no. opt  
# +============+============+============+============ # ==+===+==
  1            0.122807     0.385965     0.22807       #   1   A  
  0.285714     1            0.25         0.232143      #   2   C  
  0.0898876    1            0.0224719    0.011236      #   3   C  
  0            0            1            0             #   4   G  
  0            0            1            0             #   5   G  
  1            0            0            0.010101      #   6   A  
  1            0.0625       0            0.453125      #   7   A  
  0.722222     0.0740741    1            0.0555556     #   8   G  
  0.0980392    0.745098     0.117647     1             #   9   T  
  1            0.529412     0.941176     0.441176      #  10   A  
</psam>
</matrix_reduce>
