<?xml version="1.0" encoding="ISO-8859-1"?>
<matrix_reduce>
<meta>
	<time>04-09-2018 09:53:26</time>
	<source>curated_db.meme</source>
	<comment>meme2psam.py</comment>
	<nsites>100</nsites>
	<e-value>0.0</e-value>
</meta>

<directionality>forward</directionality>
<psam_length>10</psam_length>
<optimal_sequence>ACCGGAAGTG</optimal_sequence>

<psam>
# A            C            G            T             # no. opt  
# +============+============+============+============ # ==+===+==
  1            0.0869565    0.202899     0.15942       #   1   A  
  0.148649     1            0.148649     0.0405405     #   2   C  
  0.178571     1            0.0119048    0             #   3   C  
  0            0            1            0             #   4   G  
  0            0            1            0             #   5   G  
  1            0            0.0204082    0             #   6   A  
  1            0.0277778    0            0.361111      #   7   A  
  0.484375     0.046875     1            0.03125       #   8   G  
  0.0491803    0.42623      0.114754     1             #   9   T  
  0.933333     0.7          1            0.666667      #  10   G  
</psam>
</matrix_reduce>
