<?xml version="1.0" encoding="ISO-8859-1"?>
<matrix_reduce>
<meta>
	<time>04-09-2018 09:53:26</time>
	<source>curated_db.meme</source>
	<comment>meme2psam.py</comment>
	<nsites>1000</nsites>
	<e-value>0.0</e-value>
</meta>

<directionality>forward</directionality>
<psam_length>10</psam_length>
<optimal_sequence>ACCGGAAGTG</optimal_sequence>

<psam>
# A            C            G            T             # no. opt  
# +============+============+============+============ # ==+===+==
  1            0.0540915    0.176144     0.152566      #   1   A  
  0.101553     1            0.0848268    0.0083632     #   2   C  
  0.101322     1            0            0             #   3   C  
  0            0            1            0.00200401    #   4   G  
  0            0            1            0.00502513    #   5   G  
  1            0.00100806   0.00201613   0.00504032    #   6   A  
  1            0.0071599    0            0.186158      #   7   A  
  0.607201     0.0229133    1            0.00490998    #   8   G  
  0.0295421    0.38257      0.0649926    1             #   9   T  
  0.599502     0.492537     1            0.395522      #  10   G  
</psam>
</matrix_reduce>
