<?xml version="1.0" encoding="ISO-8859-1"?>
<matrix_reduce>
<meta>
	<time>04-09-2018 09:53:26</time>
	<source>curated_db.meme</source>
	<comment>meme2psam.py</comment>
	<nsites>635</nsites>
	<e-value>0.0</e-value>
</meta>

<directionality>forward</directionality>
<psam_length>11</psam_length>
<optimal_sequence>ACCGGAAATCC</optimal_sequence>

<psam>
# A            C            G            T             # no. opt  
# +============+============+============+============ # ==+===+==
  1            0.0630631    0.240991     0.119369      #   1   A  
  0.0231317    1            0.101423     0.00177936    #   2   C  
  0.196226     1            0            0             #   3   C  
  0            0            1            0             #   4   G  
  0            0            1            0             #   5   G  
  1            0            0            0.00157978    #   6   A  
  1            0.00413223   0            0.305785      #   7   A  
  1            0            0.840841     0.0630631     #   8   A  
  0            0.25         0            1             #   9   T  
  0.120787     1            0.553371     0.103933      #  10   C  
  0.498489     1            0.302115     0.111782      #  11   C  
</psam>
</matrix_reduce>
