<?xml version="1.0" encoding="ISO-8859-1"?>
<matrix_reduce>
<meta>
	<time>04-09-2018 09:53:26</time>
	<source>curated_db.meme</source>
	<comment>meme2psam.py</comment>
	<nsites>1000</nsites>
	<e-value>0.0</e-value>
</meta>

<directionality>forward</directionality>
<psam_length>14</psam_length>
<optimal_sequence>ACCGGAAATCCGGT</optimal_sequence>

<psam>
# A            C            G            T             # no. opt  
# +============+============+============+============ # ==+===+==
  1            0.116314     0.220544     0.173716      #   1   A  
  0.187256     1            0.0975293    0.0156047     #   2   C  
  0.135535     1            0.0022779    0             #   3   C  
  0            0            1            0             #   4   G  
  0            0.001001     1            0             #   5   G  
  1            0            0.001001     0             #   6   A  
  1            0.0582677    0            0.516535      #   7   A  
  1            0            0.0969163    0.00330396    #   8   A  
  0            0.00200401   0            1             #   9   T  
  0.00404858   1            0.00404858   0.00101215    #  10   C  
  0.00100301   1            0.00100301   0.00100301    #  11   C  
  0.00110497   0.00441989   1            0.0994475     #  12   G  
  0.0581081    0.12027      1            0.172973      #  13   G  
  0.344765     0.344765     0.115523     1             #  14   T  
</psam>
</matrix_reduce>
