<?xml version="1.0" encoding="ISO-8859-1"?>
<matrix_reduce>
<meta>
	<time>04-09-2018 09:53:26</time>
	<source>curated_db.meme</source>
	<comment>meme2psam.py</comment>
	<nsites>16727</nsites>
	<e-value>0.0</e-value>
</meta>

<directionality>forward</directionality>
<psam_length>11</psam_length>
<optimal_sequence>ACAGGAAGTGG</optimal_sequence>

<psam>
# A            C            G            T             # no. opt  
# +============+============+============+============ # ==+===+==
  1            0.0243928    0.622972     0.126312      #   1   A  
  0.140431     1            0.451727     0.00324366    #   2   C  
  1            0.0432311    0.00162429   0             #   3   A  
  0            0            1            0             #   4   G  
  0            0            1            0             #   5   G  
  1            0            0            0             #   6   A  
  1            0            0            0.00880579    #   7   A  
  0.240617     0            1            0             #   8   G  
  0.174877     0.449955     0.239189     1             #   9   T  
  0.603608     0.182594     1            0.25256       #  10   G  
  0.566774     0.307635     1            0.205422      #  11   G  
</psam>
</matrix_reduce>
