<?xml version="1.0" encoding="ISO-8859-1"?>
<matrix_reduce>
<meta>
	<time>04-09-2018 09:53:26</time>
	<source>curated_db.meme</source>
	<comment>meme2psam.py</comment>
	<nsites>1000</nsites>
	<e-value>0.0</e-value>
</meta>

<directionality>forward</directionality>
<psam_length>10</psam_length>
<optimal_sequence>ACCGGAAGTG</optimal_sequence>

<psam>
# A            C            G            T             # no. opt  
# +============+============+============+============ # ==+===+==
  1            0.0593343    0.185239     0.202605      #   1   A  
  0.14125      1            0.0875       0.02125       #   2   C  
  0.138603     1            0.0045819    0.00114548    #   3   C  
  0            0            1            0             #   4   G  
  0            0            1            0.0060423     #   5   G  
  1            0.00402414   0            0.00201207    #   6   A  
  1            0.0260078    0.00130039   0.273082      #   7   A  
  0.772313     0.0382514    1            0.010929      #   8   G  
  0.0305677    0.347889     0.077147     1             #   9   T  
  0.60274      0.660274     1            0.473973      #  10   G  
</psam>
</matrix_reduce>
