<?xml version="1.0" encoding="ISO-8859-1"?>
<matrix_reduce>
<meta>
	<time>04-09-2018 09:53:26</time>
	<source>curated_db.meme</source>
	<comment>meme2psam.py</comment>
	<nsites>1000</nsites>
	<e-value>0.0</e-value>
</meta>

<directionality>forward</directionality>
<psam_length>14</psam_length>
<optimal_sequence>ACCGGAAATCCGGT</optimal_sequence>

<psam>
# A            C            G            T             # no. opt  
# +============+============+============+============ # ==+===+==
  1            0.147513     0.334477     0.231561      #   1   A  
  0.252941     1            0.179412     0.0382353     #   2   C  
  0.188095     1            0.00238095   0             #   3   C  
  0            0            1            0             #   4   G  
  0.001001     0            1            0             #   5   G  
  1            0            0            0             #   6   A  
  1            0.12522      0            0.638448      #   7   A  
  1            0            0.102793     0.0134078     #   8   A  
  0.00100402   0.00200803   0.00100402   1             #   9   T  
  0.00403226   1            0.00403226   0             #  10   C  
  0.00504032   1            0.00201613   0             #  11   C  
  0.00119617   0.0107656    1            0.180622      #  12   G  
  0.0896445    0.244204     1            0.210201      #  13   G  
  0.489627     0.414938     0.16805      1             #  14   T  
</psam>
</matrix_reduce>
