<?xml version="1.0" encoding="ISO-8859-1"?>
<matrix_reduce>
<meta>
	<time>04-09-2018 09:53:26</time>
	<source>curated_db.meme</source>
	<comment>meme2psam.py</comment>
	<nsites>1000</nsites>
	<e-value>0.0</e-value>
</meta>

<directionality>forward</directionality>
<psam_length>11</psam_length>
<optimal_sequence>TTCAAGGTCAA</optimal_sequence>

<psam>
# A            C            G            T             # no. opt  
# +============+============+============+============ # ==+===+==
  0.383099     0.746479     0.687324     1             #   1   T  
  0.169675     0.411552     0.218412     1             #   2   T  
  0.166392     1            0.421746     0.0543657     #   3   C  
  1            0.00226501   0.112118     0.01812       #   4   A  
  1            0.0133883    0.0102987    0.00514933    #   5   A  
  0.0105708    0.00739958   1            0.0391121     #   6   G  
  0.00203459   0.00508647   1            0.00712106    #   7   G  
  0.0647727    0.00681818   0.0647727    1             #   8   T  
  0.00226757   1            0.0521542    0.0793651     #   9   C  
  1            0.00460829   0.141705     0.00576037    #  10   A  
  1            0.610795     0.284091     0.946023      #  11   A  
</psam>
</matrix_reduce>
