<?xml version="1.0" encoding="ISO-8859-1"?>
<matrix_reduce>
<meta>
	<time>04-09-2018 09:53:26</time>
	<source>curated_db.meme</source>
	<comment>meme2psam.py</comment>
	<nsites>1000</nsites>
	<e-value>0.0</e-value>
</meta>

<directionality>forward</directionality>
<psam_length>11</psam_length>
<optimal_sequence>TTCAAGGTCAT</optimal_sequence>

<psam>
# A            C            G            T             # no. opt  
# +============+============+============+============ # ==+===+==
  0.477848     0.879747     0.806962     1             #   1   T  
  0.144852     0.424084     0.176265     1             #   2   T  
  0.115964     1            0.364458     0.0256024     #   3   C  
  1            0            0.0629669    0.00106724    #   4   A  
  1            0.00201005   0.00301508   0             #   5   A  
  0            0            1            0.0111223     #   6   G  
  0            0            1            0             #   7   G  
  0.038835     0.00107875   0.0377562    1             #   8   T  
  0            1            0.0158395    0.0390707     #   9   C  
  1            0.00220264   0.0991189    0             #  10   A  
  0.72         0.6125       0.1675       1             #  11   T  
</psam>
</matrix_reduce>
