<?xml version="1.0" encoding="ISO-8859-1"?>
<matrix_reduce>
<meta>
	<time>04-09-2018 09:53:26</time>
	<source>curated_db.meme</source>
	<comment>meme2psam.py</comment>
	<nsites>1000</nsites>
	<e-value>0.0</e-value>
</meta>

<directionality>forward</directionality>
<psam_length>17</psam_length>
<optimal_sequence>AAGGTCATTCAAGGTCA</optimal_sequence>

<psam>
# A            C            G            T             # no. opt  
# +============+============+============+============ # ==+===+==
  1            0.00770925   0.0781938    0.0154185     #   1   A  
  1            0.010395     0.0218295    0.00727651    #   2   A  
  0.0182796    0.0311828    1            0.0247312     #   3   G  
  0.0030426    0.00608519   1            0.00507099    #   4   G  
  0.051497     0.0107784    0.135329     1             #   5   T  
  0.00671892   1            0.0201568    0.0929451     #   6   C  
  1            0.00825309   0.292985     0.0729023     #   7   A  
  0.429348     0.240942     0.141304     1             #   8   T  
  0.429487     0.465812     0.239316     1             #   9   T  
  0.0617907    1            0.148802     0.0504414     #  10   C  
  1            0.00102041   0.0163265    0.00306122    #  11   A  
  1            0.00201207   0.00402414   0             #  12   A  
  0.00103093   0            1            0.0268041     #  13   G  
  0            0.00100604   1            0.00503018    #  14   G  
  0.0616114    0.00236967   0.117299     1             #  15   T  
  0.00111235   1            0.0200222    0.0912125     #  16   C  
  1            0.00331126   0.0927152    0.00772627    #  17   A  
</psam>
</matrix_reduce>
