<?xml version="1.0" encoding="ISO-8859-1"?>
<matrix_reduce>
<meta>
	<time>04-09-2018 09:53:26</time>
	<source>curated_db.meme</source>
	<comment>meme2psam.py</comment>
	<nsites>208</nsites>
	<e-value>0.0</e-value>
</meta>

<directionality>forward</directionality>
<psam_length>11</psam_length>
<optimal_sequence>CCAAGGTCACA</optimal_sequence>

<psam>
# A            C            G            T             # no. opt  
# +============+============+============+============ # ==+===+==
  0.144068     1            0.0932203    0.525424      #   1   C  
  0.0982659    1            0.0809249    0.00578035    #   2   C  
  1            0.00502513   0.0251256    0             #   3   A  
  1            0            0.0507614    0             #   4   A  
  0            0            1            0.0197044     #   5   G  
  0            0            1            0.00485437    #   6   G  
  0.0277778    0            0.116667     1             #   7   T  
  0            1            0.0097561    0             #   8   C  
  1            0.00510204   0.0510204    0             #   9   A  
  0.212963     1            0.398148     0.305556      #  10   C  
  1            0.768116     0.57971      0.623188      #  11   A  
</psam>
</matrix_reduce>
