<?xml version="1.0" encoding="ISO-8859-1"?>
<matrix_reduce>
<meta>
	<time>04-09-2018 09:53:26</time>
	<source>curated_db.meme</source>
	<comment>meme2psam.py</comment>
	<nsites>1000</nsites>
	<e-value>0.0</e-value>
</meta>

<directionality>forward</directionality>
<psam_length>17</psam_length>
<optimal_sequence>TATTCAAGGTCATGCGA</optimal_sequence>

<psam>
# A            C            G            T             # no. opt  
# +============+============+============+============ # ==+===+==
  0.673016     0.561905     0.930159     1             #   1   T  
  1            0.672209     0.344418     0.35867       #   2   A  
  0.573913     0.568116     0.753623     1             #   3   T  
  0.25486      0.609071     0.295896     1             #   4   T  
  0.0896287    1            0.176697     0.0128041     #   5   C  
  1            0.0010352    0.0248447    0.00931677    #   6   A  
  1            0.00307062   0.0194473    0             #   7   A  
  0.00745474   0            1            0.056443      #   8   G  
  0.00712106   0            1            0.00915565    #   9   G  
  0.0424837    0            0.043573     1             #  10   T  
  0.00110497   1            0.0243094    0.079558      #  11   C  
  1            0.00124844   0.244694     0.00249688    #  12   A  
  0.514706     0.506303     0.0798319    1             #  13   T  
  0.868852     0.780328     1            0.62623       #  14   G  
  0.713287     1            0.807692     0.975524      #  15   C  
  0.559078     0.544669     1            0.778098      #  16   G  
  1            0.848875     0.59164      0.77492       #  17   A  
</psam>
</matrix_reduce>
