<?xml version="1.0" encoding="ISO-8859-1"?>
<matrix_reduce>
<meta>
	<time>04-09-2018 09:53:26</time>
	<source>curated_db.meme</source>
	<comment>meme2psam.py</comment>
	<nsites>1000</nsites>
	<e-value>0.0</e-value>
</meta>

<directionality>forward</directionality>
<psam_length>17</psam_length>
<optimal_sequence>AAGGTCATTCAAGGTCA</optimal_sequence>

<psam>
# A            C            G            T             # no. opt  
# +============+============+============+============ # ==+===+==
  1            0.010279     0.397944     0.0558003     #   1   A  
  1            0.00107759   0.0765086    0             #   2   A  
  0.0182208    0            1            0.0514469     #   3   G  
  0.00200803   0            1            0.00100402    #   4   G  
  0.19403      0.00949796   0.153324     1             #   5   T  
  0            1            0.019037     0.100784      #   6   C  
  1            0.0283505    0.247423     0.0128866     #   7   A  
  0.168565     0.592255     0.517084     1             #   8   T  
  0.335556     0.588889     0.291111     1             #   9   T  
  0.070028     1            0.261905     0.0686275     #  10   C  
  1            0            0.0485437    0.030205      #  11   A  
  1            0.00101215   0.0111336    0             #  12   A  
  0.00664452   0            1            0.0996678     #  13   G  
  0            0            1            0.00401606    #  14   G  
  0.0931034    0.00114943   0.054023     1             #  15   T  
  0.00448934   1            0.0314254    0.0864198     #  16   C  
  1            0            0.159674     0.00582751    #  17   A  
</psam>
</matrix_reduce>
