<?xml version="1.0" encoding="ISO-8859-1"?>
<matrix_reduce>
<meta>
	<time>04-09-2018 09:53:26</time>
	<source>curated_db.meme</source>
	<comment>meme2psam.py</comment>
	<nsites>1000</nsites>
	<e-value>0.0</e-value>
</meta>

<directionality>forward</directionality>
<psam_length>11</psam_length>
<optimal_sequence>TTCAAGGTCAT</optimal_sequence>

<psam>
# A            C            G            T             # no. opt  
# +============+============+============+============ # ==+===+==
  0.0222222    0.145185     0.30963      1             #   1   T  
  0.0266667    0.07         0.0111111    1             #   2   T  
  0.00655738   1            0.084153     0.0010929     #   3   C  
  1            0            0.001001     0             #   4   A  
  1            0            0.001001     0             #   5   A  
  0            0.00100301   1            0.00200602    #   6   G  
  0            0            1            0.001001      #   7   G  
  0.0010142    0.0020284    0.0111562    1             #   8   T  
  0            1            0.0442105    0.00842105    #   9   C  
  1            0.0010627    0.0616366    0             #  10   A  
  0.203947     0.0960526    0.0157895    1             #  11   T  
</psam>
</matrix_reduce>
