<?xml version="1.0" encoding="ISO-8859-1"?>
<matrix_reduce>
<meta>
	<time>04-09-2018 09:53:26</time>
	<source>curated_db.meme</source>
	<comment>meme2psam.py</comment>
	<nsites>2048</nsites>
	<e-value>0.0</e-value>
</meta>

<directionality>forward</directionality>
<psam_length>9</psam_length>
<optimal_sequence>TCAAGGTCA</optimal_sequence>

<psam>
# A            C            G            T             # no. opt  
# +============+============+============+============ # ==+===+==
  0.302721     0.78458      0.232426     1             #   1   T  
  0.379661     1            0.295763     0.0576271     #   2   C  
  1            0.0452806    0.188138     0.0701531     #   3   A  
  1            0.0145606    0.0327613    0.0176807     #   4   A  
  0.0199488    0.00306905   1            0.0235294     #   5   G  
  0.00701052   0.00650976   1            0.0110165     #   6   G  
  0.121604     0.0530401    0.148771     1             #   7   T  
  0.0155642    1            0.0767093    0.045025      #   8   C  
  1            0.0110236    0.0409449    0.0220472     #   9   A  
</psam>
</matrix_reduce>
