<?xml version="1.0" encoding="ISO-8859-1"?>
<matrix_reduce>
<meta>
	<time>04-09-2018 09:53:26</time>
	<source>curated_db.meme</source>
	<comment>meme2psam.py</comment>
	<nsites>3647</nsites>
	<e-value>0.0</e-value>
</meta>

<directionality>forward</directionality>
<psam_length>12</psam_length>
<optimal_sequence>AGGTCAAGGTCA</optimal_sequence>

<psam>
# A            C            G            T             # no. opt  
# +============+============+============+============ # ==+===+==
  1            0.759398     0.933271     0.733083      #   1   A  
  0.497794     0.615441     1            0.566912      #   2   G  
  0.332237     1            1            0.665296      #   3   G  
  0.152582     0.723005     0.263498     1             #   4   T  
  0.117603     1            0.237467     0.0192235     #   5   C  
  1            0.00928144   0.0739521    0.00778443    #   6   A  
  1            0.000279408  0.0164851    0.00139704    #   7   A  
  0.00893106   0.000279096  1            0.00781468    #   8   G  
  0.00304878   0.00277162   1            0.00415743    #   9   G  
  0.0562539    0.0131992    0.0760528    1             #  10   T  
  0.00236267   1            0.0490254    0.024808      #  11   C  
  1            0.00576037   0.0365783    0.00720046    #  12   A  
</psam>
</matrix_reduce>
