<?xml version="1.0" encoding="ISO-8859-1"?>
<matrix_reduce>
<meta>
	<time>04-09-2018 09:53:26</time>
	<source>curated_db.meme</source>
	<comment>meme2psam.py</comment>
	<nsites>1000</nsites>
	<e-value>0.0</e-value>
</meta>

<directionality>forward</directionality>
<psam_length>19</psam_length>
<optimal_sequence>CAAGGTCATTTCAAGGTCA</optimal_sequence>

<psam>
# A            C            G            T             # no. opt  
# +============+============+============+============ # ==+===+==
  0.255278     1            0.46833      0.193858      #   1   C  
  1            0.00255428   0.210728     0.0625798     #   2   A  
  1            0.0152505    0.0708061    0.00217865    #   3   A  
  0.0113636    0            1            0.125         #   4   G  
  0.00604839   0            1            0.00201613    #   5   G  
  0.226124     0.011236     0.167135     1             #   6   T  
  0            1            0.0878713    0.14604       #   7   C  
  1            0.00243605   0.198538     0.0133983     #   8   A  
  0.86612      0.532787     0.333333     1             #   9   T  
  0.960993     0.730496     0.843972     1             #  10   T  
  0.122164     0.390925     0.226876     1             #  11   T  
  0.265957     1            0.797872     0.0638298     #  12   C  
  1            0            0.138721     0.0675513     #  13   A  
  1            0.0062435    0.0312175    0             #  14   A  
  0.0359551    0            1            0.0876404     #  15   G  
  0.00609137   0            1            0.00913706    #  16   G  
  0.144836     0.00377834   0.110831     1             #  17   T  
  0            1            0.0788804    0.19084       #  18   C  
  1            0.00254777   0.247134     0.0229299     #  19   A  
</psam>
</matrix_reduce>
