<?xml version="1.0" encoding="ISO-8859-1"?>
<matrix_reduce>
<meta>
	<time>04-09-2018 09:53:26</time>
	<source>curated_db.meme</source>
	<comment>meme2psam.py</comment>
	<nsites>1000</nsites>
	<e-value>0.0</e-value>
</meta>

<directionality>forward</directionality>
<psam_length>18</psam_length>
<optimal_sequence>GCCGGATGTACTTCCGGT</optimal_sequence>

<psam>
# A            C            G            T             # no. opt  
# +============+============+============+============ # ==+===+==
  0.0681044    0.0385925    1            0.0283768     #   1   G  
  0.0414894    1            0.0223404    0             #   2   C  
  0.15127      1            0.00115473   0             #   3   C  
  0.00200401   0            1            0             #   4   G  
  0            0            1            0             #   5   G  
  1            0            0.00507614   0.0101523     #   6   A  
  0.732174     0.00521739   0            1             #   7   T  
  0.158693     0.00116686   1            0.00700117    #   8   G  
  0.00440529   0.305433     0.157122     1             #   9   T  
  1            0.435352     0.201309     0             #  10   A  
  0.00107759   1            0.00215517   0.0743534     #  11   C  
  0.15358      0.00115473   0            1             #  12   T  
  0.00200602   0            0            1             #  13   T  
  0.001001     1            0            0             #  14   C  
  0.00100301   1            0.00100301   0.00100301    #  15   C  
  0.00663717   0.0221239    1            0.074115      #  16   G  
  0.0248538    0.226608     1            0.210526      #  17   G  
  0.551724     0.939655     0.382184     1             #  18   T  
</psam>
</matrix_reduce>
