<?xml version="1.0" encoding="ISO-8859-1"?>
<matrix_reduce>
<meta>
	<time>04-09-2018 09:53:26</time>
	<source>curated_db.meme</source>
	<comment>meme2psam.py</comment>
	<nsites>100</nsites>
	<e-value>0.0</e-value>
</meta>

<directionality>forward</directionality>
<psam_length>10</psam_length>
<optimal_sequence>ACCGGAAGTG</optimal_sequence>

<psam>
# A            C            G            T             # no. opt  
# +============+============+============+============ # ==+===+==
  1            0.2          0.688889     0.333333      #   1   A  
  0.298246     1            0.333333     0.105263      #   2   C  
  0.17284      1            0.0123457    0.0123457     #   3   C  
  0            0            1            0             #   4   G  
  0.0104167    0.03125      1            0             #   5   G  
  1            0.0106383    0.0106383    0.0425532     #   6   A  
  1            0.121212     0.030303     0.318182      #   7   A  
  0.509434     0.245283     1            0.0754717     #   8   G  
  0.142857     0.755102     0.142857     1             #   9   T  
  0.789474     0.421053     1            0.421053      #  10   G  
</psam>
</matrix_reduce>
