<?xml version="1.0" encoding="ISO-8859-1"?>
<matrix_reduce>
<meta>
	<time>04-09-2018 09:53:26</time>
	<source>curated_db.meme</source>
	<comment>meme2psam.py</comment>
	<nsites>1000</nsites>
	<e-value>0.0</e-value>
</meta>

<directionality>forward</directionality>
<psam_length>10</psam_length>
<optimal_sequence>ACCGGAAGTA</optimal_sequence>

<psam>
# A            C            G            T             # no. opt  
# +============+============+============+============ # ==+===+==
  1            0.102439     0.291057     0.23252       #   1   A  
  0.119363     1            0.153846     0.0530504     #   2   C  
  0.0775956    1            0.00765027   0.00437158    #   3   C  
  0            0            1            0             #   4   G  
  0            0            1            0.019368      #   5   G  
  1            0.00920245   0.00204499   0.0112474     #   6   A  
  1            0.0527086    0.0102489    0.401171      #   7   A  
  0.383562     0.121766     1            0.0167428     #   8   G  
  0.109299     0.404568     0.117455     1             #   9   T  
  1            0.401639     0.814208     0.508197      #  10   A  
</psam>
</matrix_reduce>
