<?xml version="1.0" encoding="ISO-8859-1"?>
<matrix_reduce>
<meta>
	<time>04-09-2018 09:53:26</time>
	<source>curated_db.meme</source>
	<comment>meme2psam.py</comment>
	<nsites>1000</nsites>
	<e-value>0.0</e-value>
</meta>

<directionality>forward</directionality>
<psam_length>11</psam_length>
<optimal_sequence>AACCGGAAATA</optimal_sequence>

<psam>
# A            C            G            T             # no. opt  
# +============+============+============+============ # ==+===+==
  1            0.210428     0.335196     0.310987      #   1   A  
  1            0.00825593   0.0196078    0.00412797    #   2   A  
  0.0478905    1            0.0923603    0             #   3   C  
  0.0979098    1            0.00220022   0             #   4   C  
  0            0            1            0             #   5   G  
  0            0            1            0             #   6   G  
  1            0            0            0             #   7   A  
  1            0            0            0.12009       #   8   A  
  1            0.00280112   0.397759     0             #   9   A  
  0.0144509    0.371387     0.0549133    1             #  10   T  
  1            0.216561     0.59448      0.312102      #  11   A  
</psam>
</matrix_reduce>
