<?xml version="1.0" encoding="ISO-8859-1"?>
<matrix_reduce>
<meta>
	<time>04-09-2018 09:53:26</time>
	<source>curated_db.meme</source>
	<comment>meme2psam.py</comment>
	<nsites>1000</nsites>
	<e-value>0.0</e-value>
</meta>

<directionality>forward</directionality>
<psam_length>10</psam_length>
<optimal_sequence>GGTAATTAGC</optimal_sequence>

<psam>
# A            C            G            T             # no. opt  
# +============+============+============+============ # ==+===+==
  0.563969     0.652742     1            0.394256      #   1   G  
  0.730435     0.895652     1            0.272464      #   2   G  
  0.123367     0.277213     0.0464441    1             #   3   T  
  1            0.49697      0.448485     0.0747475     #   4   A  
  1            0.00735294   0.0430672    0             #   5   A  
  0            0.00834202   0.0344108    1             #   6   T  
  0.0151025    0.0420712    0.021575     1             #   7   T  
  1            0            0.0758242    0.0208791     #   8   A  
  0.524934     0.624672     1            0.472441      #   9   G  
  0.489418     1            0.648148     0.507937      #  10   C  
</psam>
</matrix_reduce>
