<?xml version="1.0" encoding="ISO-8859-1"?>
<matrix_reduce>
<meta>
	<time>04-09-2018 09:53:26</time>
	<source>curated_db.meme</source>
	<comment>meme2psam.py</comment>
	<nsites>100</nsites>
	<e-value>0.0</e-value>
</meta>

<directionality>forward</directionality>
<psam_length>17</psam_length>
<optimal_sequence>CACCGCTAATTAGCGGT</optimal_sequence>

<psam>
# A            C            G            T             # no. opt  
# +============+============+============+============ # ==+===+==
  0.7          1            0.766667     0.866667      #   1   C  
  1            0.825        0.475        0.2           #   2   A  
  0.25         1            0.160714     0.375         #   3   C  
  0.538462     1            0.173077     0.192308      #   4   C  
  0.197368     0.0921053    1            0.0263158     #   5   G  
  0.0243902    1            0.146341     0.0487805     #   6   C  
  0            0.0204082    0            1             #   7   T  
  1            0.0421053    0.0105263    0             #   8   A  
  1            0            0            0.010101      #   9   A  
  0            0            0            1             #  10   T  
  0            0.0106383    0.0531915    1             #  11   T  
  1            0            0.0752688    0             #  12   A  
  0.0263158    0.210526     1            0.0789474     #  13   G  
  0.0754717    1            0.433962     0.377358      #  14   C  
  0.3          0.45         1            0.75          #  15   G  
  0.236842     0.394737     1            1             #  16   G  
  0.68         0.2          0.12         1             #  17   T  
</psam>
</matrix_reduce>
