<?xml version="1.0" encoding="ISO-8859-1"?>
<matrix_reduce>
<meta>
	<time>04-09-2018 09:53:26</time>
	<source>curated_db.meme</source>
	<comment>meme2psam.py</comment>
	<nsites>29396</nsites>
	<e-value>0.0</e-value>
</meta>

<directionality>forward</directionality>
<psam_length>11</psam_length>
<optimal_sequence>TGTGACTCATT</optimal_sequence>

<psam>
# A            C            G            T             # no. opt  
# +============+============+============+============ # ==+===+==
  0.708607     0.0640345    0.871122     1             #   1   T  
  0.68942      0.938751     1            0.0832027     #   2   G  
  0            0            0            1             #   3   T  
  0            0            1            0.0844062     #   4   G  
  1            0            0            0             #   5   A  
  0.0708147    1            0.795866     0.221109      #   6   C  
  0            0            0            1             #   7   T  
  0            1            0            0             #   8   C  
  1            0            0            0             #   9   A  
  0.0118479    0.267359     0.0705823    1             #  10   T  
  0.432646     0.889597     0.853084     1             #  11   T  
</psam>
</matrix_reduce>
