<?xml version="1.0" encoding="ISO-8859-1"?>
<matrix_reduce>
<meta>
	<time>04-09-2018 09:53:26</time>
	<source>curated_db.meme</source>
	<comment>meme2psam.py</comment>
	<nsites>5318</nsites>
	<e-value>0.0</e-value>
</meta>

<directionality>forward</directionality>
<psam_length>11</psam_length>
<optimal_sequence>GGATGACTCAT</optimal_sequence>

<psam>
# A            C            G            T             # no. opt  
# +============+============+============+============ # ==+===+==
  0.399329     0.476031     1            0.673058      #   1   G  
  0.563354     0.218323     1            0.18212       #   2   G  
  1            0.0188811    0.813986     0.0255245     #   3   A  
  0            0            0            1             #   4   T  
  0            0            1            0             #   5   G  
  1            0.00985416   0.03784      0             #   6   A  
  0            1            0.559513     0.0590563     #   7   C  
  0            0            0            1             #   8   T  
  0.0398983    1            0            0             #   9   C  
  1            0            0            0             #  10   A  
  0            0.704431     0.973313     1             #  11   T  
</psam>
</matrix_reduce>
