<?xml version="1.0" encoding="ISO-8859-1"?>
<matrix_reduce>
<meta>
	<time>04-09-2018 09:53:26</time>
	<source>curated_db.meme</source>
	<comment>meme2psam.py</comment>
	<nsites>1785</nsites>
	<e-value>0.0</e-value>
</meta>

<directionality>forward</directionality>
<psam_length>11</psam_length>
<optimal_sequence>GGATGAGTCAT</optimal_sequence>

<psam>
# A            C            G            T             # no. opt  
# +============+============+============+============ # ==+===+==
  0.444297     0.47878      1            0.438992      #   1   G  
  0.401949     0.427527     1            0.342266      #   2   G  
  1            0.369895     0.649942     0.0583431     #   3   A  
  0.000567537  0.000567537  0.0102157    1             #   4   T  
  0.000571429  0.008        1            0.00971429    #   5   G  
  1            0.0428227    0.00180941   0.0313631     #   6   A  
  0.0625372    0            1            0             #   7   G  
  0.00736127   0            0.00226501   1             #   8   T  
  0.0200229    1            0            0             #   9   C  
  1            0            0            0             #  10   A  
  0.05         0.73         0.4475       1             #  11   T  
</psam>
</matrix_reduce>
