<?xml version="1.0" encoding="ISO-8859-1"?>
<matrix_reduce>
<meta>
	<time>04-09-2018 09:53:26</time>
	<source>curated_db.meme</source>
	<comment>meme2psam.py</comment>
	<nsites>47</nsites>
	<e-value>0.0</e-value>
</meta>

<directionality>forward</directionality>
<psam_length>14</psam_length>
<optimal_sequence>AACGTGACTCAGCA</optimal_sequence>

<psam>
# A            C            G            T             # no. opt  
# +============+============+============+============ # ==+===+==
  1            0.444444     0.888889     0.166667      #   1   A  
  1            0.619048     0.285714     0.238095      #   2   A  
  0.8125       1            0.6875       0.3125        #   3   C  
  0.47619      0.52381      1            0.142857      #   4   G  
  0.0232558    0            0.0232558    1             #   5   T  
  0            0.0232558    1            0.0232558     #   6   G  
  1            0.0277778    0            0.222222      #   7   A  
  0            1            0.952381     0.238095      #   8   C  
  0.0697674    0            0            1             #   9   T  
  0.0789474    1            0.0789474    0.0263158     #  10   C  
  1            0.0243902    0.0243902    0.0731707     #  11   A  
  0.285714     0.047619     1            0.857143      #  12   G  
  0.714286     1            0.238095     0.285714      #  13   C  
  1            0.65         0.55         0.15          #  14   A  
</psam>
</matrix_reduce>
