<?xml version="1.0" encoding="ISO-8859-1"?>
<matrix_reduce>
<meta>
	<time>04-09-2018 09:53:26</time>
	<source>curated_db.meme</source>
	<comment>meme2psam.py</comment>
	<nsites>895</nsites>
	<e-value>0.0</e-value>
</meta>

<directionality>forward</directionality>
<psam_length>11</psam_length>
<optimal_sequence>TGTTTACTTTG</optimal_sequence>

<psam>
# A            C            G            T             # no. opt  
# +============+============+============+============ # ==+===+==
  0.0148233    0.0022805    0.0022805    1             #   1   T  
  0.140078     0.00907912   1            0.0103761     #   2   G  
  0            0.00680272   0.00566893   1             #   3   T  
  0.00465658   0.00698487   0.0267753    1             #   4   T  
  0.00618812   0.00247525   0.095297     1             #   5   T  
  1            0.0231579    0.772632     0.0821053     #   6   A  
  0.00621118   1            0.00496894   0.0968944     #   7   C  
  0.588235     0.212982     0.00811359   1             #   8   T  
  0.106538     0.88862      0.164649     1             #   9   T  
  0.782609     0.0186335    0.0496894    1             #  10   T  
  0.192719     0.267666     1            0.45182       #  11   G  
</psam>
</matrix_reduce>
