<?xml version="1.0" encoding="ISO-8859-1"?>
<matrix_reduce>
<meta>
	<time>04-09-2018 09:53:26</time>
	<source>curated_db.meme</source>
	<comment>meme2psam.py</comment>
	<nsites>895</nsites>
	<e-value>0.0</e-value>
</meta>

<directionality>forward</directionality>
<psam_length>11</psam_length>
<optimal_sequence>TGTTTACTTTG</optimal_sequence>

<psam>
# A            C            G            T             # no. opt  
# +============+============+============+============ # ==+===+==
  0.0148064    0.00113895   0.0022779    1             #   1   T  
  0.139896     0.00906736   1            0.00906736    #   2   G  
  0            0.00679502   0.00339751   1             #   3   T  
  0.00348837   0.00697674   0.0267442    1             #   4   T  
  0.00618047   0.00247219   0.0939431    1             #   5   T  
  1            0.0230608    0.769392     0.0775681     #   6   A  
  0.00371747   1            0.00495663   0.0966543     #   7   C  
  0.581818     0.212121     0.00808081   1             #   8   T  
  0.101449     0.891304     0.166667     1             #   9   T  
  0.786749     0.0144928    0.0496894    1             #  10   T  
  0.190171     0.267094     1            0.450855      #  11   G  
</psam>
</matrix_reduce>
