<?xml version="1.0" encoding="ISO-8859-1"?>
<matrix_reduce>
<meta>
	<time>04-09-2018 09:53:26</time>
	<source>curated_db.meme</source>
	<comment>meme2psam.py</comment>
	<nsites>1000</nsites>
	<e-value>0.0</e-value>
</meta>

<directionality>forward</directionality>
<psam_length>17</psam_length>
<optimal_sequence>AAAAAGTAAACAAAGAC</optimal_sequence>

<psam>
# A            C            G            T             # no. opt  
# +============+============+============+============ # ==+===+==
  1            0.61194      0.385075     0.985075      #   1   A  
  1            0.435523     0.425791     0.564477      #   2   A  
  1            0.31068      0.220874     0.88835       #   3   A  
  1            0.129934     0.175987     0.337171      #   4   A  
  1            0.0808314    0.353349     0.872979      #   5   A  
  0.0973154    0.00447427   1            0.0134228     #   6   G  
  0.00418848   0.0408377    0.00104712   1             #   7   T  
  1            0.0746753    0.00108225   0.00649351    #   8   A  
  1            0.076087     0.00217391   0.00869565    #   9   A  
  1            0.00202429   0.00303644   0.00708502    #  10   A  
  0.00152439   1            0.00304878   0.515244      #  11   C  
  1            0.00202429   0.00404858   0.00607287    #  12   A  
  1            0.0902778    0.0694444    0.229167      #  13   A  
  1            0.186916     0.192523     0.48972       #  14   A  
  0.813953     0.903654     1            0.601329      #  15   G  
  1            0.683007     0.813725     0.771242      #  16   A  
  0.802158     1            0.902878     0.881295      #  17   C  
</psam>
</matrix_reduce>
