<?xml version="1.0" encoding="ISO-8859-1"?>
<matrix_reduce>
<meta>
	<time>04-09-2018 09:53:26</time>
	<source>curated_db.meme</source>
	<comment>meme2psam.py</comment>
	<nsites>22008</nsites>
	<e-value>0.0</e-value>
</meta>

<directionality>forward</directionality>
<psam_length>15</psam_length>
<optimal_sequence>TCCATGTTTACTTTG</optimal_sequence>

<psam>
# A            C            G            T             # no. opt  
# +============+============+============+============ # ==+===+==
  0.495875     0.552933     0.472388     1             #   1   T  
  0.680047     1            0.69041      0.841629      #   2   C  
  0.357677     1            0.620939     0.592896      #   3   C  
  1            0.60513      0.510373     0.969302      #   4   A  
  0.0031927    0            0.00050171   1             #   5   T  
  0.36486      0            1            0             #   6   G  
  0            0            0            1             #   7   T  
  0            0            0.0623703    1             #   8   T  
  0            0            0.149251     1             #   9   T  
  1            0            0.205731     0             #  10   A  
  0            1            0            0.0705877     #  11   C  
  0.904912     0.261345     0            1             #  12   T  
  0.0661223    0.584054     0.111431     1             #  13   T  
  0.952051     0            0.00560448   1             #  14   T  
  0.510568     0.276367     1            0.550398      #  15   G  
</psam>
</matrix_reduce>
