<?xml version="1.0" encoding="ISO-8859-1"?>
<matrix_reduce>
<meta>
	<time>04-09-2018 09:53:26</time>
	<source>curated_db.meme</source>
	<comment>meme2psam.py</comment>
	<nsites>891</nsites>
	<e-value>0.0</e-value>
</meta>

<directionality>forward</directionality>
<psam_length>11</psam_length>
<optimal_sequence>TGTTTACTTTG</optimal_sequence>

<psam>
# A            C            G            T             # no. opt  
# +============+============+============+============ # ==+===+==
  0.0196078    0.00230681   0.00230681   1             #   1   T  
  0.266571     0.00720461   1            0.00720461    #   2   G  
  0            0.010274     0.00228311   1             #   3   T  
  0            0.00576701   0.0196078    1             #   4   T  
  0.00613497   0            0.0846626    1             #   5   T  
  1            0.0187354    0.992974     0.0679157     #   6   A  
  0.0150273    1            0.00273224   0.196721      #   7   C  
  0.489362     0.224371     0.00386847   1             #   8   T  
  0.125551     0.709251     0.123348     1             #   9   T  
  0.736626     0.0185185    0.0720165    1             #  10   T  
  0.263658     0.311164     1            0.532067      #  11   G  
</psam>
</matrix_reduce>
