<?xml version="1.0" encoding="ISO-8859-1"?>
<matrix_reduce>
<meta>
	<time>04-09-2018 09:53:26</time>
	<source>curated_db.meme</source>
	<comment>meme2psam.py</comment>
	<nsites>27</nsites>
	<e-value>0.0</e-value>
</meta>

<directionality>forward</directionality>
<psam_length>14</psam_length>
<optimal_sequence>CAAACGTAAACAAT</optimal_sequence>

<psam>
# A            C            G            T             # no. opt  
# +============+============+============+============ # ==+===+==
  0            1            0.666667     0.888889      #   1   C  
  1            0.666667     0.444444     0.444444      #   2   A  
  1            0.176471     0.0588235    0.176471      #   3   A  
  1            0.333333     0.333333     0.333333      #   4   A  
  0.230769     1            0.692308     0             #   5   C  
  0.3          0            1            0             #   6   G  
  0            0            0            1             #   7   T  
  1            0            0            0             #   8   A  
  1            0            0            0             #   9   A  
  1            0            0            0             #  10   A  
  0            1            0            0.04          #  11   C  
  1            0            0            0             #  12   A  
  1            0.1875       0.0625       0.25          #  13   A  
  0.666667     0.333333     0.555556     1             #  14   T  
</psam>
</matrix_reduce>
