<?xml version="1.0" encoding="ISO-8859-1"?>
<matrix_reduce>
<meta>
	<time>04-09-2018 09:53:26</time>
	<source>curated_db.meme</source>
	<comment>meme2psam.py</comment>
	<nsites>26</nsites>
	<e-value>0.0</e-value>
</meta>

<directionality>forward</directionality>
<psam_length>11</psam_length>
<optimal_sequence>TGTTTACTTAG</optimal_sequence>

<psam>
# A            C            G            T             # no. opt  
# +============+============+============+============ # ==+===+==
  0.0416667    0            0            1             #   1   T  
  0.15         0            1            0.05          #   2   G  
  0            0            0.0416667    1             #   3   T  
  0.136364     0            0            1             #   4   T  
  0.136364     0            0.0454545    1             #   5   T  
  1            0            0.25         0             #   6   A  
  0            1            0.05         0.25          #   7   C  
  0.777778     0.777778     0.111111     1             #   8   T  
  0.0416667    0.0416667    0            1             #   9   T  
  1            0            0.0769231    0.846154      #  10   A  
  0.777778     0            1            1             #  11   G  
</psam>
</matrix_reduce>
