<?xml version="1.0" encoding="ISO-8859-1"?>
<matrix_reduce>
<meta>
	<time>04-09-2018 09:53:26</time>
	<source>curated_db.meme</source>
	<comment>meme2psam.py</comment>
	<nsites>1000</nsites>
	<e-value>0.0</e-value>
</meta>

<directionality>forward</directionality>
<psam_length>12</psam_length>
<optimal_sequence>CCGGACACAATC</optimal_sequence>

<psam>
# A            C            G            T             # no. opt  
# +============+============+============+============ # ==+===+==
  0.454243     1            0.168053     0.0415973     #   1   C  
  0.411765     1            0.0643382    0.362132      #   2   C  
  0            0            1            0.00704935    #   3   G  
  0            0.00304569   1            0.0101523     #   4   G  
  1            0            0            0.0881393     #   5   A  
  0.0411255    1            0.00865801   0.0313853     #   6   C  
  1            0.0455026    0.0126984    0             #   7   A  
  0            1            0            0.0141988     #   8   C  
  1            0.0780142    0.0579196    0.0449173     #   9   A  
  1            0.165796     0.100522     0.035248      #  10   A  
  0.0492554    0.0252005    0.0710195    1             #  11   T  
  0.0334262    1            0.0849582    0.272981      #  12   C  
</psam>
</matrix_reduce>
