<?xml version="1.0" encoding="ISO-8859-1"?>
<matrix_reduce>
<meta>
	<time>04-09-2018 09:53:26</time>
	<source>curated_db.meme</source>
	<comment>meme2psam.py</comment>
	<nsites>1000</nsites>
	<e-value>0.0</e-value>
</meta>

<directionality>forward</directionality>
<psam_length>16</psam_length>
<optimal_sequence>AAAGTAAACAAAAATT</optimal_sequence>

<psam>
# A            C            G            T             # no. opt  
# +============+============+============+============ # ==+===+==
  1            0.470852     0.278027     0.493274      #   1   A  
  1            0.801471     0.900735     0.974265      #   2   A  
  1            0.501355     0.455285     0.753388      #   3   A  
  0.596913     0.058319     1            0.058319      #   4   G  
  0.0464576    0.0998839    0.0150987    1             #   5   T  
  1            0.18932      0.00364078   0.0169903     #   6   A  
  1            0.0826347    0.00479042   0.11018       #   7   A  
  1            0.00929752   0.00619835   0.017562      #   8   A  
  0.010989     1            0.0043956    0.0835165     #   9   C  
  1            0.00738397   0.00843882   0.0390295     #  10   A  
  1            0.284281     0.108696     0.274247      #  11   A  
  1            0.049435     0.0988701    0.259887      #  12   A  
  1            0.947195     0.610561     0.742574      #  13   A  
  1            0.642105     0.870175     0.985965      #  14   A  
  0.785953     0.705686     0.849498     1             #  15   T  
  0.655689     0.473054     0.856287     1             #  16   T  
</psam>
</matrix_reduce>
