<?xml version="1.0" encoding="ISO-8859-1"?>
<matrix_reduce>
<meta>
	<time>04-09-2018 09:53:26</time>
	<source>curated_db.meme</source>
	<comment>meme2psam.py</comment>
	<nsites>1000</nsites>
	<e-value>0.0</e-value>
</meta>

<directionality>forward</directionality>
<psam_length>11</psam_length>
<optimal_sequence>ACGGACACAAT</optimal_sequence>

<psam>
# A            C            G            T             # no. opt  
# +============+============+============+============ # ==+===+==
  1            0.0370844    0.199488     0.0421995     #   1   A  
  0.11266      1            0.0116144    0.0371661     #   2   C  
  0.022541     0.00102459   1            0             #   3   G  
  0.00103842   0            1            0.0373832     #   4   G  
  1            0            0.00203252   0.0121951     #   5   A  
  0.00302419   1            0.00504032   0             #   6   C  
  1            0            0            0.00300903    #   7   A  
  0            1            0            0             #   8   C  
  1            0            0            0.0183299     #   9   A  
  1            0.00104167   0            0.040625      #  10   A  
  0.026096     0.00417537   0.0135699    1             #  11   T  
</psam>
</matrix_reduce>
