<?xml version="1.0" encoding="ISO-8859-1"?>
<matrix_reduce>
<meta>
	<time>04-09-2018 09:53:26</time>
	<source>curated_db.meme</source>
	<comment>meme2psam.py</comment>
	<nsites>1000</nsites>
	<e-value>0.0</e-value>
</meta>

<directionality>forward</directionality>
<psam_length>14</psam_length>
<optimal_sequence>GTAAACAATAAACA</optimal_sequence>

<psam>
# A            C            G            T             # no. opt  
# +============+============+============+============ # ==+===+==
  0.265888     0.0285344    1            0.00259403    #   1   G  
  0.07         0.0311111    0.01         1             #   2   T  
  1            0.135041     0.00116414   0.0279395     #   3   A  
  1            0.0123457    0.00102881   0.0154321     #   4   A  
  1            0.0030303    0.0010101    0.0030303     #   5   A  
  0.00681818   1            0.00113636   0.128409      #   6   C  
  1            0.00100604   0.00201207   0.00301811    #   7   A  
  1            0.00768049   0.522273     0.00614439    #   8   A  
  0.193627     0.0257353    0.00612745   1             #   9   T  
  1            0.495238     0.0238095    0.068254      #  10   A  
  1            0.0338266    0.012685     0.00951374    #  11   A  
  1            0.0796857    0.0157127    0.023569      #  12   A  
  0.102959     1            0.00473373   0.0745562     #  13   C  
  1            0.00515464   0.0154639    0.0103093     #  14   A  
</psam>
</matrix_reduce>
