<?xml version="1.0" encoding="ISO-8859-1"?>
<matrix_reduce>
<meta>
	<time>04-09-2018 09:53:26</time>
	<source>curated_db.meme</source>
	<comment>meme2psam.py</comment>
	<nsites>1000</nsites>
	<e-value>0.0</e-value>
</meta>

<directionality>forward</directionality>
<psam_length>7</psam_length>
<optimal_sequence>GTAAACA</optimal_sequence>

<psam>
# A            C            G            T             # no. opt  
# +============+============+============+============ # ==+===+==
  0.589951     0            1            0.0307942     #   1   G  
  0.114525     0.168994     0.111732     1             #   2   T  
  1            0.205845     0.0317662    0.0330368     #   3   A  
  1            0.0468933    0.049238     0.0762016     #   4   A  
  1            0.129584     0.0293399    0.0635697     #   5   A  
  0.153734     1            0.0775988    0.231332      #   6   C  
  1            0            0.0234792    0.0437567     #   7   A  
</psam>
</matrix_reduce>
