<?xml version="1.0" encoding="ISO-8859-1"?>
<matrix_reduce>
<meta>
	<time>04-09-2018 09:53:26</time>
	<source>curated_db.meme</source>
	<comment>meme2psam.py</comment>
	<nsites>1000</nsites>
	<e-value>0.0</e-value>
</meta>

<directionality>forward</directionality>
<psam_length>17</psam_length>
<optimal_sequence>AAAATGTAAACAAACAG</optimal_sequence>

<psam>
# A            C            G            T             # no. opt  
# +============+============+============+============ # ==+===+==
  1            0.568047     0.615385     0.775148      #   1   A  
  1            0.286765     0.681373     0.482843      #   2   A  
  1            0.11745      0.199664     0.360738      #   3   A  
  1            0.0535211    0.0732394    0.277465      #   4   A  
  0.215146     0.199656     0.306368     1             #   5   T  
  0.254109     0.00632111   1            0             #   6   G  
  0.0257732    0.00412371   0.00103093   1             #   7   T  
  1            0.0848749    0.00108814   0.00217628    #   8   A  
  1            0.0102881    0.00102881   0.0174897     #   9   A  
  1            0.00100908   0.00403633   0.00403633    #  10   A  
  0.00112994   1            0.00112994   0.126554      #  11   C  
  1            0.0020202    0.0030303    0.00505051    #  12   A  
  1            0.0782609    0.0285714    0.135404      #  13   A  
  1            0.155752     0.182301     0.431858      #  14   A  
  0.9          1            0.95         0.483333      #  15   C  
  1            0.650888     0.751479     0.556213      #  16   A  
  0.484277     0.861635     1            0.798742      #  17   G  
</psam>
</matrix_reduce>
