<?xml version="1.0" encoding="ISO-8859-1"?>
<matrix_reduce>
<meta>
	<time>04-09-2018 09:53:26</time>
	<source>curated_db.meme</source>
	<comment>meme2psam.py</comment>
	<nsites>1000</nsites>
	<e-value>0.0</e-value>
</meta>

<directionality>forward</directionality>
<psam_length>11</psam_length>
<optimal_sequence>CGGACACAATC</optimal_sequence>

<psam>
# A            C            G            T             # no. opt  
# +============+============+============+============ # ==+===+==
  0.0484988    1            0.0773672    0.0288684     #   1   C  
  0.0101112    0            1            0             #   2   G  
  0            0.0040568    1            0.010142      #   3   G  
  1            0            0.00100301   0             #   4   A  
  0            1            0.001002     0.001002      #   5   C  
  1            0.001002     0.001002     0             #   6   A  
  0            1            0            0.00200401    #   7   C  
  1            0            0.00504032   0.00201613    #   8   A  
  1            0            0.00100301   0.00200602    #   9   A  
  0.0948181    0            0.00771775   1             #  10   T  
  0.0381194    1            0.142313     0.090216      #  11   C  
</psam>
</matrix_reduce>
