<?xml version="1.0" encoding="ISO-8859-1"?>
<matrix_reduce>
<meta>
	<time>04-09-2018 09:53:26</time>
	<source>curated_db.meme</source>
	<comment>meme2psam.py</comment>
	<nsites>1000</nsites>
	<e-value>0.0</e-value>
</meta>

<directionality>forward</directionality>
<psam_length>10</psam_length>
<optimal_sequence>CGGACACAAT</optimal_sequence>

<psam>
# A            C            G            T             # no. opt  
# +============+============+============+============ # ==+===+==
  0.012605     1            0.0241597    0.0136555     #   1   C  
  0.00811359   0.00608519   1            0             #   2   G  
  0.00104822   0.0125786    1            0.0345912     #   3   G  
  1            0            0.001001     0             #   4   A  
  0            1            0            0             #   5   C  
  1            0            0.001001     0             #   6   A  
  0            1            0.00610376   0.00915565    #   7   C  
  1            0.00409836   0.00614754   0.0112705     #   8   A  
  1            0            0.00202429   0.0101215     #   9   A  
  0.0350877    0.00328947   0.058114     1             #  10   T  
</psam>
</matrix_reduce>
