<?xml version="1.0" encoding="ISO-8859-1"?>
<matrix_reduce>
<meta>
	<time>04-09-2018 09:53:26</time>
	<source>curated_db.meme</source>
	<comment>meme2psam.py</comment>
	<nsites>1000</nsites>
	<e-value>0.0</e-value>
</meta>

<directionality>forward</directionality>
<psam_length>7</psam_length>
<optimal_sequence>GTAAACA</optimal_sequence>

<psam>
# A            C            G            T             # no. opt  
# +============+============+============+============ # ==+===+==
  0.309711     0.00262467   1            0             #   1   G  
  0.0638064    0.0132013    0.0231023    1             #   2   T  
  1            0.233831     0.00621891   0.00373134    #   3   A  
  1            0.0268873    0.00310238   0.0041365     #   4   A  
  1            0            0.0162933    0.00203666    #   5   A  
  0.0107527    1            0.00597372   0.178017      #   6   C  
  1            0.00202224   0.00202224   0.00707786    #   7   A  
</psam>
</matrix_reduce>
