<?xml version="1.0" encoding="ISO-8859-1"?>
<matrix_reduce>
<meta>
	<time>04-09-2018 09:53:26</time>
	<source>curated_db.meme</source>
	<comment>meme2psam.py</comment>
	<nsites>1000</nsites>
	<e-value>0.0</e-value>
</meta>

<directionality>forward</directionality>
<psam_length>12</psam_length>
<optimal_sequence>TTTCCCCACACG</optimal_sequence>

<psam>
# A            C            G            T             # no. opt  
# +============+============+============+============ # ==+===+==
  0.379613     0.154657     0.223199     1             #   1   T  
  0.248933     0.0825036    0.0910384    1             #   2   T  
  0.0393604    0.0799508    0.110701     1             #   3   T  
  0.0934579    1            0.0385514    0.0350467     #   4   C  
  0.0702152    1            0.0215176    0.0373726     #   5   C  
  0.0125       1            0.0197917    0.009375      #   6   C  
  0            1            0.0413943    0.0479303     #   7   C  
  1            0.0284211    0.0231579    0             #   8   A  
  0            1            0.00952381   0.0486772     #   9   C  
  1            0.0344037    0.0733945    0.0389908     #  10   A  
  0.226744     1            0.0828488    0.143895      #  11   C  
  0.273312     0.212219     1            0.122186      #  12   G  
</psam>
</matrix_reduce>
