<?xml version="1.0" encoding="ISO-8859-1"?>
<matrix_reduce>
<meta>
	<time>04-09-2018 09:53:26</time>
	<source>curated_db.meme</source>
	<comment>meme2psam.py</comment>
	<nsites>1000</nsites>
	<e-value>0.0</e-value>
</meta>

<directionality>forward</directionality>
<psam_length>14</psam_length>
<optimal_sequence>GTAAACATGTTTAC</optimal_sequence>

<psam>
# A            C            G            T             # no. opt  
# +============+============+============+============ # ==+===+==
  0.210207     0.00486027   1            0             #   1   G  
  0.134204     0.0178147    0.0356295    1             #   2   T  
  1            0.579365     0.0047619    0.0015873     #   3   A  
  1            0.0040201    0            0.00100503    #   4   A  
  1            0            0.00200401   0             #   5   A  
  0            1            0            0.0384216     #   6   C  
  1            0            0.00417973   0.0407524     #   7   A  
  0.0236626    0.00308642   0.00205761   1             #   8   T  
  0.0235415    0            1            0             #   9   G  
  0.00100604   0.00100604   0.00100604   1             #  10   T  
  0.0020429    0.0061287    0.0132789    1             #  11   T  
  0.00828729   0            0.371547     1             #  12   T  
  1            0.016269     0.0292842    0.0390456     #  13   A  
  0.0011655    1            0.00699301   0.157343      #  14   C  
</psam>
</matrix_reduce>
