<?xml version="1.0" encoding="ISO-8859-1"?>
<matrix_reduce>
<meta>
	<time>04-09-2018 09:53:26</time>
	<source>curated_db.meme</source>
	<comment>meme2psam.py</comment>
	<nsites>28</nsites>
	<e-value>0.0</e-value>
</meta>

<directionality>forward</directionality>
<psam_length>9</psam_length>
<optimal_sequence>TTGTTTATT</optimal_sequence>

<psam>
# A            C            G            T             # no. opt  
# +============+============+============+============ # ==+===+==
  0            0.142857     0.142857     1             #   1   T  
  0            0            0            1             #   2   T  
  0            0            1            0             #   3   G  
  0            0            0            1             #   4   T  
  0            0            0            1             #   5   T  
  0            0            0.125        1             #   6   T  
  1            0            0            0.35          #   7   A  
  0            0.909091     0.363636     1             #   8   T  
  0            0.214286     0.714286     1             #   9   T  
</psam>
</matrix_reduce>
