<?xml version="1.0" encoding="ISO-8859-1"?>
<matrix_reduce>
<meta>
	<time>04-09-2018 09:53:26</time>
	<source>curated_db.meme</source>
	<comment>meme2psam.py</comment>
	<nsites>1000</nsites>
	<e-value>0.0</e-value>
</meta>

<directionality>forward</directionality>
<psam_length>17</psam_length>
<optimal_sequence>CAATACCGGAAGTGTAA</optimal_sequence>

<psam>
# A            C            G            T             # no. opt  
# +============+============+============+============ # ==+===+==
  0.958564     1            0.337017     0.458564      #   1   C  
  1            0.989726     0.832192     0.60274       #   2   A  
  1            0.453933     0.265169     0.52809       #   3   A  
  0.721106     0.40201      0.389447     1             #   4   T  
  1            0.039897     0.178893     0.0682111     #   5   A  
  0.0213904    1            0.0438503    0.00320856    #   6   C  
  0.0475185    1            0.00739176   0.00105597    #   7   C  
  0.00504541   0.00201816   1            0.00201816    #   8   G  
  0.00302419   0.00302419   1            0.00201613    #   9   G  
  1            0.00202224   0.00202224   0.00707786    #  10   A  
  1            0.00444939   0.00111235   0.106785      #  11   A  
  0.290451     0.0265252    1            0.00530504    #  12   G  
  0.026538     0.161641     0.0168878    1             #  13   T  
  0.544199     0.48895      1            0.726519      #  14   G  
  0.842466     0.907534     0.674658     1             #  15   T  
  1            0.628483     0.606811     0.860681      #  16   A  
  1            0.896057     0.896057     0.78853       #  17   A  
</psam>
</matrix_reduce>
