<?xml version="1.0" encoding="ISO-8859-1"?>
<matrix_reduce>
<meta>
	<time>04-09-2018 09:53:26</time>
	<source>curated_db.meme</source>
	<comment>meme2psam.py</comment>
	<nsites>2750</nsites>
	<e-value>0.0</e-value>
</meta>

<directionality>forward</directionality>
<psam_length>13</psam_length>
<optimal_sequence>GAACCGGAAGTGG</optimal_sequence>

<psam>
# A            C            G            T             # no. opt  
# +============+============+============+============ # ==+===+==
  0.487302     0.553175     1            0.140476      #   1   G  
  1            0.807229     0.696787     0.25502       #   2   A  
  1            0.458409     0.93038      0.0949367     #   3   A  
  0.0690647    1            0.248441     0.000479616   #   4   C  
  0.153229     1            0.00717602   0.000422119   #   5   C  
  0            0            1            0             #   6   G  
  0            0            1            0             #   7   G  
  1            0.000363901  0            0             #   8   A  
  1            0.000366838  0.000366838  0.00733676    #   9   A  
  0.0801906    0.0111155    1            0             #  10   G  
  0.0882051    0.267179     0.0538462    1             #  11   T  
  0.232708     0.248535     1            0.129543      #  12   G  
  0.715089     0.632615     1            0.227741      #  13   G  
</psam>
</matrix_reduce>
