<?xml version="1.0" encoding="ISO-8859-1"?>
<matrix_reduce>
<meta>
	<time>04-09-2018 09:53:26</time>
	<source>curated_db.meme</source>
	<comment>meme2psam.py</comment>
	<nsites>991</nsites>
	<e-value>0.0</e-value>
</meta>

<directionality>forward</directionality>
<psam_length>11</psam_length>
<optimal_sequence>CCGGAAGTGGC</optimal_sequence>

<psam>
# A            C            G            T             # no. opt  
# +============+============+============+============ # ==+===+==
  0.0416125    1            0.244473     0.00130039    #   1   C  
  0.0765027    1            0.00437158   0.0010929     #   2   C  
  0            0            1            0             #   3   G  
  0            0            1            0             #   4   G  
  1            0            0            0             #   5   A  
  1            0.00101317   0            0.00101317    #   6   A  
  0.107514     0.0358382    1            0             #   7   G  
  0.0880503    0.408805     0.0566038    1             #   8   T  
  0.25539      0.227197     1            0.159204      #   9   G  
  0.636145     0.631325     1            0.118072      #  10   G  
  0.652661     1            0.627451     0.492997      #  11   C  
</psam>
</matrix_reduce>
