<?xml version="1.0" encoding="ISO-8859-1"?>
<matrix_reduce>
<meta>
	<time>04-09-2018 09:53:26</time>
	<source>curated_db.meme</source>
	<comment>meme2psam.py</comment>
	<nsites>1000</nsites>
	<e-value>0.0</e-value>
</meta>

<directionality>forward</directionality>
<psam_length>10</psam_length>
<optimal_sequence>ACCGGAAGTA</optimal_sequence>

<psam>
# A            C            G            T             # no. opt  
# +============+============+============+============ # ==+===+==
  1            0.249158     0.356902     0.0774411     #   1   A  
  0.0336591    1            0.0445168    0.00760043    #   2   C  
  0.0385417    1            0            0.00208333    #   3   C  
  0            0            1            0             #   4   G  
  0            0.00507614   1            0.0101523     #   5   G  
  1            0.00502513   0            0             #   6   A  
  1            0.00255428   0.0357599    0.238825      #   7   A  
  0.191122     0.0419236    1            0             #   8   G  
  0.0148148    0.167901     0.0481481    1             #   9   T  
  1            0.17284      0.846914     0.449383      #  10   A  
</psam>
</matrix_reduce>
