<?xml version="1.0" encoding="ISO-8859-1"?>
<matrix_reduce>
<meta>
	<time>04-09-2018 09:53:26</time>
	<source>curated_db.meme</source>
	<comment>meme2psam.py</comment>
	<nsites>100</nsites>
	<e-value>0.0</e-value>
</meta>

<directionality>forward</directionality>
<psam_length>10</psam_length>
<optimal_sequence>ACCGGAAATA</optimal_sequence>

<psam>
# A            C            G            T             # no. opt  
# +============+============+============+============ # ==+===+==
  1            0.212766     0.680851     0.234043      #   1   A  
  0.283333     1            0.316667     0.0666667     #   2   C  
  0.127907     1            0.0232558    0.0116279     #   3   C  
  0            0            1            0             #   4   G  
  0            0            1            0             #   5   G  
  1            0            0.0208333    0.0208333     #   6   A  
  1            0.135593     0.0169492    0.525424      #   7   A  
  1            0.166667     0.75         0.104167      #   8   A  
  0.12963      0.518519     0.185185     1             #   9   T  
  1            0.575758     0.848485     0.575758      #  10   A  
</psam>
</matrix_reduce>
