<?xml version="1.0" encoding="ISO-8859-1"?>
<matrix_reduce>
<meta>
	<time>04-09-2018 09:53:26</time>
	<source>curated_db.meme</source>
	<comment>meme2psam.py</comment>
	<nsites>53</nsites>
	<e-value>0.0</e-value>
</meta>

<directionality>forward</directionality>
<psam_length>6</psam_length>
<optimal_sequence>GGATGG</optimal_sequence>

<psam>
# A            C            G            T             # no. opt  
# +============+============+============+============ # ==+===+==
  0.8          0.933333     1            0.666667      #   1   G  
  0            0            1            0             #   2   G  
  1            0.0408163    0            0.0204082     #   3   A  
  0.02         0            0.02         1             #   4   T  
  0.5          0.25         1            0.333333      #   5   G  
  0.285714     0.761905     1            0.380952      #   6   G  
</psam>
</matrix_reduce>
