<?xml version="1.0" encoding="ISO-8859-1"?>
<matrix_reduce>
<meta>
	<time>04-09-2018 09:53:26</time>
	<source>curated_db.meme</source>
	<comment>meme2psam.py</comment>
	<nsites>4000</nsites>
	<e-value>0.0</e-value>
</meta>

<directionality>forward</directionality>
<psam_length>11</psam_length>
<optimal_sequence>ACAGATAAGAA</optimal_sequence>

<psam>
# A            C            G            T             # no. opt  
# +============+============+============+============ # ==+===+==
  1            0.393535     0.872804     0.544624      #   1   A  
  0.433558     1            0.756277     0.259645      #   2   C  
  1            0.0111431    0.00359454   0.423077      #   3   A  
  0            0            1            0             #   4   G  
  1            0            0            0             #   5   A  
  0.00704042   0.00756193   0.0284224    1             #   6   T  
  1            0            0.00154361   0.0275277     #   7   A  
  1            0.00112676   0.107887     0.0177465     #   8   A  
  0.347997     0.296603     1            0.097561      #   9   G  
  1            0.626397     0.949721     0.217179      #  10   A  
  1            0.557498     0.739072     0.39341       #  11   A  
</psam>
</matrix_reduce>
