<?xml version="1.0" encoding="ISO-8859-1"?>
<matrix_reduce>
<meta>
	<time>04-09-2018 09:53:26</time>
	<source>curated_db.meme</source>
	<comment>meme2psam.py</comment>
	<nsites>956</nsites>
	<e-value>0.0</e-value>
</meta>

<directionality>forward</directionality>
<psam_length>10</psam_length>
<optimal_sequence>ACAGATAAGG</optimal_sequence>

<psam>
# A            C            G            T             # no. opt  
# +============+============+============+============ # ==+===+==
  1            0.366279     0.872093     0.537791      #   1   A  
  0.335378     1            0.513292     0.0981595     #   2   C  
  1            0.00921659   0            0.454685      #   3   A  
  0            0            1            0             #   4   G  
  1            0            0            0             #   5   A  
  0            0            0            1             #   6   T  
  1            0            0            0             #   7   A  
  1            0            0.0540839    0             #   8   A  
  0.180556     0.199074     1            0.0925926     #   9   G  
  0.841969     0.427461     1            0.202073      #  10   G  
</psam>
</matrix_reduce>
