<?xml version="1.0" encoding="ISO-8859-1"?>
<matrix_reduce>
<meta>
	<time>04-09-2018 09:53:26</time>
	<source>curated_db.meme</source>
	<comment>meme2psam.py</comment>
	<nsites>17955</nsites>
	<e-value>0.0</e-value>
</meta>

<directionality>forward</directionality>
<psam_length>11</psam_length>
<optimal_sequence>TTCTTATCTGT</optimal_sequence>

<psam>
# A            C            G            T             # no. opt  
# +============+============+============+============ # ==+===+==
  0.224416     0.476401     0.279003     1             #   1   T  
  0.0613259    0.776391     0.338383     1             #   2   T  
  0            1            0.02939      0.178156      #   3   C  
  0            0.0403291    0            1             #   4   T  
  0            0            0            1             #   5   T  
  1            0            0            0             #   6   A  
  0            0            0            1             #   7   T  
  0            1            0            0             #   8   C  
  0.137193     0            0            1             #   9   T  
  0.374065     0.922076     1            0.388723      #  10   G  
  0.200575     0.539689     0.16993      1             #  11   T  
</psam>
</matrix_reduce>
