<?xml version="1.0" encoding="ISO-8859-1"?>
<matrix_reduce>
<meta>
	<time>04-09-2018 09:53:26</time>
	<source>curated_db.meme</source>
	<comment>meme2psam.py</comment>
	<nsites>53</nsites>
	<e-value>0.0</e-value>
</meta>

<directionality>forward</directionality>
<psam_length>5</psam_length>
<optimal_sequence>GGATA</optimal_sequence>

<psam>
# A            C            G            T             # no. opt  
# +============+============+============+============ # ==+===+==
  0.666667     0.666667     1            0.444444      #   1   G  
  0            0.106383     1            0             #   2   G  
  1            0            0.0196078    0             #   3   A  
  0            0            0            1             #   4   T  
  1            0.25         0.625        0.25          #   5   A  
</psam>
</matrix_reduce>
