<?xml version="1.0" encoding="ISO-8859-1"?>
<matrix_reduce>
<meta>
	<time>04-09-2018 09:53:26</time>
	<source>curated_db.meme</source>
	<comment>meme2psam.py</comment>
	<nsites>1000</nsites>
	<e-value>0.0</e-value>
</meta>

<directionality>forward</directionality>
<psam_length>14</psam_length>
<optimal_sequence>TAATTGGCCAATTA</optimal_sequence>

<psam>
# A            C            G            T             # no. opt  
# +============+============+============+============ # ==+===+==
  0.0391254    0.102417     0.00575374   1             #   1   T  
  1            0.0258752    0.0563166    0.435312      #   2   A  
  1            0.0210877    0.0621532    0.0233074     #   3   A  
  0.0711514    0.0750323    0.147477     1             #   4   T  
  0.0953576    0.0464241    0.112923     1             #   5   T  
  0.245478     0.0232558    1            0.0219638     #   6   G  
  0.509514     0.475687     1            0.128964      #   7   G  
  0.130252     1            0.544118     0.420168      #   8   C  
  0.0421941    1            0.0562588    0.308017      #   9   C  
  1            0.109804     0.096732     0.100654      #  10   A  
  1            0.141161     0.10686      0.0712401     #  11   A  
  0.0243632    0.0609081    0.021041     1             #  12   T  
  0.226343     0.0242967    0.0242967    1             #  13   T  
  1            0.00564334   0.0711061    0.0519187     #  14   A  
</psam>
</matrix_reduce>
