<?xml version="1.0" encoding="ISO-8859-1"?>
<matrix_reduce>
<meta>
	<time>04-09-2018 09:53:26</time>
	<source>curated_db.meme</source>
	<comment>meme2psam.py</comment>
	<nsites>100</nsites>
	<e-value>0.0</e-value>
</meta>

<directionality>forward</directionality>
<psam_length>17</psam_length>
<optimal_sequence>AGCGCTAATTAGCGATT</optimal_sequence>

<psam>
# A            C            G            T             # no. opt  
# +============+============+============+============ # ==+===+==
  1            0.128205     0.666667     0.769231      #   1   A  
  0.857143     0.964286     1            0.714286      #   2   G  
  0.631579     1            0.526316     0.473684      #   3   C  
  0.97619      0.214286     1            0.190476      #   4   G  
  0.047619     1            0.0714286    0.0714286     #   5   C  
  0            0.234568     0            1             #   6   T  
  1            0.0102041    0            0.0102041     #   7   A  
  1            0.010101     0            0             #   8   A  
  0.0102041    0            0.0102041    1             #   9   T  
  0            0            0.010101     1             #  10   T  
  1            0            0.2375       0.0125        #  11   A  
  0.0595238    0.0714286    1            0.0595238     #  12   G  
  0.0909091    1            0.227273     0.954545      #  13   C  
  0.363636     0.636364     1            0.272727      #  14   G  
  1            0.282051     0.769231     0.512821      #  15   A  
  0.268293     0.560976     0.609756     1             #  16   T  
  0.306122     0.265306     0.469388     1             #  17   T  
</psam>
</matrix_reduce>
