<?xml version="1.0" encoding="ISO-8859-1"?>
<matrix_reduce>
<meta>
	<time>04-09-2018 09:53:26</time>
	<source>curated_db.meme</source>
	<comment>meme2psam.py</comment>
	<nsites>1000</nsites>
	<e-value>0.0</e-value>
</meta>

<directionality>forward</directionality>
<psam_length>10</psam_length>
<optimal_sequence>ACCAATTAGC</optimal_sequence>

<psam>
# A            C            G            T             # no. opt  
# +============+============+============+============ # ==+===+==
  1            0.41866      0.624402     0.349282      #   1   A  
  0.424        1            0.776        0.464         #   2   C  
  0.0805243    1            0.0224719    0.769663      #   3   C  
  1            0.0690045    0.0486425    0.0135747     #   4   A  
  1            0.0361702    0            0.0276596     #   5   A  
  0            0            0            1             #   6   T  
  0.0207197    0.0370774    0.0327154    1             #   7   T  
  1            0.00838574   0.00104822   0.0387841     #   8   A  
  0.851852     0.54416      1            0.452991      #   9   G  
  0.63245      1            0.874172     0.804636      #  10   C  
</psam>
</matrix_reduce>
