<?xml version="1.0" encoding="ISO-8859-1"?>
<matrix_reduce>
<meta>
	<time>04-09-2018 09:53:26</time>
	<source>curated_db.meme</source>
	<comment>meme2psam.py</comment>
	<nsites>1000</nsites>
	<e-value>0.0</e-value>
</meta>

<directionality>forward</directionality>
<psam_length>10</psam_length>
<optimal_sequence>ACCAATTAGC</optimal_sequence>

<psam>
# A            C            G            T             # no. opt  
# +============+============+============+============ # ==+===+==
  1            0.496021     0.787798     0.360743      #   1   A  
  0.356771     1            0.802083     0.442708      #   2   C  
  0.0436364    1            0.00545455   0.763636      #   3   C  
  1            0.0203209    0.0406417    0.00855615    #   4   A  
  1            0.00912779   0.0040568    0.0010142     #   5   A  
  0            0.00201005   0.00201005   1             #   6   T  
  0.0116279    0.0211416    0.0243129    1             #   7   T  
  1            0.00308325   0.00102775   0.0236382     #   8   A  
  0.773196     0.42268      1            0.373711      #   9   G  
  0.586826     1            0.772455     0.625749      #  10   C  
</psam>
</matrix_reduce>
