<?xml version="1.0" encoding="ISO-8859-1"?>
<matrix_reduce>
<meta>
	<time>04-09-2018 09:53:26</time>
	<source>curated_db.meme</source>
	<comment>meme2psam.py</comment>
	<nsites>1000</nsites>
	<e-value>0.0</e-value>
</meta>

<directionality>forward</directionality>
<psam_length>10</psam_length>
<optimal_sequence>ACCAATTAGC</optimal_sequence>

<psam>
# A            C            G            T             # no. opt  
# +============+============+============+============ # ==+===+==
  1            0.852941     0.830065     0.575163      #   1   A  
  0.471605     1            0.580247     0.414815      #   2   C  
  0.102609     1            0.0486957    0.586087      #   3   C  
  1            0.14472      0.102999     0.0547588     #   4   A  
  1            0.0705347    0.0193402    0.0477816     #   5   A  
  0.0226804    0            0.00824742   1             #   6   T  
  0.0509317    0.114286     0.0732919    1             #   7   T  
  1            0.0252005    0.0297824    0.0904926     #   8   A  
  0.938511     0.783172     1            0.514563      #   9   G  
  0.531414     1            0.594241     0.489529      #  10   C  
</psam>
</matrix_reduce>
