<?xml version="1.0" encoding="ISO-8859-1"?>
<matrix_reduce>
<meta>
	<time>04-09-2018 09:53:26</time>
	<source>curated_db.meme</source>
	<comment>meme2psam.py</comment>
	<nsites>12</nsites>
	<e-value>0.0</e-value>
</meta>

<directionality>forward</directionality>
<psam_length>14</psam_length>
<optimal_sequence>AAGATGCGGGTAGT</optimal_sequence>

<psam>
# A            C            G            T             # no. opt  
# +============+============+============+============ # ==+===+==
  1            1            0            1             #   1   A  
  1            0            0            1             #   2   A  
  1            1            1            0.666667      #   3   G  
  1            0.222222     0            0             #   4   A  
  0            0            0            1             #   5   T  
  0            0            1            0             #   6   G  
  0.25         1            0            0.25          #   7   C  
  0            0            1            0.5           #   8   G  
  0            0            1            0             #   9   G  
  0            0            1            0             #  10   G  
  0            0.5          0            1             #  11   T  
  1            0.6          0.4          0.4           #  12   A  
  0            1            1            1             #  13   G  
  0            0.4          0.6          1             #  14   T  
</psam>
</matrix_reduce>
