<?xml version="1.0" encoding="ISO-8859-1"?>
<matrix_reduce>
<meta>
	<time>04-09-2018 09:53:26</time>
	<source>curated_db.meme</source>
	<comment>meme2psam.py</comment>
	<nsites>1000</nsites>
	<e-value>0.0</e-value>
</meta>

<directionality>forward</directionality>
<psam_length>16</psam_length>
<optimal_sequence>TCGTACCCGCATCATT</optimal_sequence>

<psam>
# A            C            G            T             # no. opt  
# +============+============+============+============ # ==+===+==
  0.695291     0.573407     0.493075     1             #   1   T  
  0.97006      1            0.616766     0.407186      #   2   C  
  0.944785     0.849693     1            0.273006      #   3   G  
  0.741425     0.451187     0.44591      1             #   4   T  
  1            0.0422343    0.287466     0.0313351     #   5   A  
  0.00606061   1            0.0010101    0.0020202     #   6   C  
  0.00605449   1            0.00100908   0.00201816    #   7   C  
  0.0459402    1            0.00106838   0.0181624     #   8   C  
  0.0255272    0.0643729    1            0.0199778     #   9   G  
  0            1            0.0343075    0.236341      #  10   C  
  1            0.0030581    0.011213     0.00509684    #  11   A  
  0.0110701    0.135301     0.0824108    1             #  12   T  
  0.796774     1            0.803226     0.616129      #  13   C  
  1            0.756272     0.896057     0.921147      #  14   A  
  0.817337     0.835913     0.442724     1             #  15   T  
  0.778157     0.723549     0.911263     1             #  16   T  
</psam>
</matrix_reduce>
