<?xml version="1.0" encoding="ISO-8859-1"?>
<matrix_reduce>
<meta>
	<time>04-09-2018 09:53:26</time>
	<source>curated_db.meme</source>
	<comment>meme2psam.py</comment>
	<nsites>1000</nsites>
	<e-value>0.0</e-value>
</meta>

<directionality>forward</directionality>
<psam_length>16</psam_length>
<optimal_sequence>ATGCGGGTACCCGCAT</optimal_sequence>

<psam>
# A            C            G            T             # no. opt  
# +============+============+============+============ # ==+===+==
  1            0.183306     0.396072     0.0572831     #   1   A  
  0.03125      0.13101      0.0360577    1             #   2   T  
  0.882353     0.0607843    1            0.0117647     #   3   G  
  0.222222     1            0.0698413    0.295238      #   4   C  
  0.151119     0.0186567    1            0.695896      #   5   G  
  0.00306122   0.00204082   1            0.0153061     #   6   G  
  0.00100908   0.00706357   1            0.00100908    #   7   G  
  0            0.349862     0.0261708    1             #   8   T  
  1            0.00857633   0.699828     0.0051458     #   9   A  
  0.0134021    1            0.0154639    0.00206186    #  10   C  
  0.00510204   1            0.00918367   0.00612245    #  11   C  
  0.707269     1            0.0196464    0.237721      #  12   C  
  0.0606061    0.0564738    1            0.260331      #  13   G  
  0.0174165    1            0.04209      0.391872      #  14   C  
  1            0.149677     0.0232258    0.117419      #  15   A  
  0.427896     0.503546     0.432624     1             #  16   T  
</psam>
</matrix_reduce>
