<?xml version="1.0" encoding="ISO-8859-1"?>
<matrix_reduce>
<meta>
	<time>04-09-2018 09:53:26</time>
	<source>curated_db.meme</source>
	<comment>meme2psam.py</comment>
	<nsites>1000</nsites>
	<e-value>0.0</e-value>
</meta>

<directionality>forward</directionality>
<psam_length>10</psam_length>
<optimal_sequence>CATGCGGGTA</optimal_sequence>

<psam>
# A            C            G            T             # no. opt  
# +============+============+============+============ # ==+===+==
  0.365782     1            0.710914     0.873156      #   1   C  
  1            0.0378049    0.159756     0.0219512     #   2   A  
  0.00201613   0.00100806   0.00403226   1             #   3   T  
  0.170213     0.00945626   1            0.00118203    #   4   G  
  0.0417607    1            0.0485327    0.0383747     #   5   C  
  0.0366748    0.00122249   1            0.184597      #   6   G  
  0            0            1            0             #   7   G  
  0.001001     0            1            0             #   8   G  
  0.0108696    0.188406     0.00483092   1             #   9   T  
  1            0.190476     0.352734     0.218695      #  10   A  
</psam>
</matrix_reduce>
