<?xml version="1.0" encoding="ISO-8859-1"?>
<matrix_reduce>
<meta>
	<time>04-09-2018 09:53:26</time>
	<source>curated_db.meme</source>
	<comment>meme2psam.py</comment>
	<nsites>1000</nsites>
	<e-value>0.0</e-value>
</meta>

<directionality>forward</directionality>
<psam_length>11</psam_length>
<optimal_sequence>CATGCGGGTAC</optimal_sequence>

<psam>
# A            C            G            T             # no. opt  
# +============+============+============+============ # ==+===+==
  0.295739     1            0.601504     0.609023      #   1   C  
  1            0.084724     0.18742      0.0115533     #   2   A  
  0.00713558   0.00713558   0.00407747   1             #   3   T  
  0.20341      0.0121803    1            0.00121803    #   4   G  
  0.0468227    1            0.0267559    0.0412486     #   5   C  
  0.0280146    0.0121803    1            0.177832      #   6   G  
  0            0            1            0.00200401    #   7   G  
  0            0.001001     1            0             #   8   G  
  0.00623441   0.233167     0.0074813    1             #   9   T  
  1            0.134615     0.370192     0.0929487     #  10   A  
  0.0591054    1            0.359425     0.178914      #  11   C  
</psam>
</matrix_reduce>
