<?xml version="1.0" encoding="ISO-8859-1"?>
<matrix_reduce>
<meta>
	<time>04-09-2018 09:53:26</time>
	<source>curated_db.meme</source>
	<comment>meme2psam.py</comment>
	<nsites>1761</nsites>
	<e-value>0.0</e-value>
</meta>

<directionality>forward</directionality>
<psam_length>11</psam_length>
<optimal_sequence>AAATCACAGCA</optimal_sequence>

<psam>
# A            C            G            T             # no. opt  
# +============+============+============+============ # ==+===+==
  1            0.38879      0.091637     0.0845196     #   1   A  
  1            0            0            0             #   2   A  
  1            0            0.00113766   0             #   3   A  
  0            0.241577     0.0193548    1             #   4   T  
  0            1            0            0             #   5   C  
  1            0.0193611    0            0.683446      #   6   A  
  0.0457666    1            0.295195     0             #   7   C  
  1            0            0.000896057  0.576165      #   8   A  
  0.0340095    0.000596659  1            0.0155131     #   9   G  
  0.106175     1            0.0564759    0.161898      #  10   C  
  1            0.583784     0.175676     0.618919      #  11   A  
</psam>
</matrix_reduce>
