<?xml version="1.0" encoding="ISO-8859-1"?>
<matrix_reduce>
<meta>
	<time>04-09-2018 09:53:26</time>
	<source>curated_db.meme</source>
	<comment>meme2psam.py</comment>
	<nsites>74</nsites>
	<e-value>0.0</e-value>
</meta>

<directionality>forward</directionality>
<psam_length>11</psam_length>
<optimal_sequence>TGCAGTGATTT</optimal_sequence>

<psam>
# A            C            G            T             # no. opt  
# +============+============+============+============ # ==+===+==
  0.657143     0.257143     0.142857     1             #   1   T  
  0.12963      0.0185185    1            0.166667      #   2   G  
  0.145833     1            0.104167     0.270833      #   3   C  
  1            0.475        0.025        0.325         #   4   A  
  0.0208333    0.4375       1            0.0625        #   5   G  
  0.0441176    0.0147059    0.0147059    1             #   6   T  
  0            0            1            0             #   7   G  
  1            0.0138889    0            0             #   8   A  
  0.0142857    0.0142857    0            1             #   9   T  
  0.0138889    0            0            1             #  10   T  
  0.184211     0.342105     0.342105     1             #  11   T  
</psam>
</matrix_reduce>
