<?xml version="1.0" encoding="ISO-8859-1"?>
<matrix_reduce>
<meta>
	<time>04-09-2018 09:53:26</time>
	<source>curated_db.meme</source>
	<comment>meme2psam.py</comment>
	<nsites>150</nsites>
	<e-value>0.0</e-value>
</meta>

<directionality>forward</directionality>
<psam_length>10</psam_length>
<optimal_sequence>GCTGTGATTT</optimal_sequence>

<psam>
# A            C            G            T             # no. opt  
# +============+============+============+============ # ==+===+==
  0.488636     0.113636     1            0.0795455     #   1   G  
  0.117647     1            0.205882     0.147059      #   2   C  
  0.968254     0.238095     0.15873      1             #   3   T  
  0.0833333    0.511905     1            0.178571      #   4   G  
  0.363636     0.030303     0.121212     1             #   5   T  
  0            0            1            0             #   6   G  
  1            0            0            0             #   7   A  
  0            0            0            1             #   8   T  
  0            0            0            1             #   9   T  
  0.170455     0.204545     0.318182     1             #  10   T  
</psam>
</matrix_reduce>
