<?xml version="1.0" encoding="ISO-8859-1"?>
<matrix_reduce>
<meta>
	<time>04-09-2018 09:53:26</time>
	<source>curated_db.meme</source>
	<comment>meme2psam.py</comment>
	<nsites>53</nsites>
	<e-value>0.0</e-value>
</meta>

<directionality>forward</directionality>
<psam_length>10</psam_length>
<optimal_sequence>CAAATCACTG</optimal_sequence>

<psam>
# A            C            G            T             # no. opt  
# +============+============+============+============ # ==+===+==
  0.421053     1            0.421053     0.789474      #   1   C  
  1            0.571429     0.214286     0.0714286     #   2   A  
  1            0            0            0             #   3   A  
  1            0            0            0             #   4   A  
  0.02         0            0.02         1             #   5   T  
  0.0196078    1            0            0             #   6   C  
  1            0.193548     0.0645161    0.387097      #   7   A  
  0.25         1            0.357143     0.214286      #   8   C  
  0.95         0.5          0.1          1             #   9   T  
  0.214286     0.428571     1            0.178571      #  10   G  
</psam>
</matrix_reduce>
