<?xml version="1.0" encoding="ISO-8859-1"?>
<matrix_reduce>
<meta>
	<time>04-09-2018 09:53:26</time>
	<source>curated_db.meme</source>
	<comment>meme2psam.py</comment>
	<nsites>931</nsites>
	<e-value>0.0</e-value>
</meta>

<directionality>forward</directionality>
<psam_length>11</psam_length>
<optimal_sequence>GTGGGTGGTCT</optimal_sequence>

<psam>
# A            C            G            T             # no. opt  
# +============+============+============+============ # ==+===+==
  0.183246     0.284468     1            0.153578      #   1   G  
  0            0            0            1             #   2   T  
  0            0            1            0             #   3   G  
  0            0            1            0.182166      #   4   G  
  0            0            1            0             #   5   G  
  0            0            0            1             #   6   T  
  0            0            1            0             #   7   G  
  0            0            1            0             #   8   G  
  0            0            0            1             #   9   T  
  0            1            0            0             #  10   C  
  0.171362     0.805164     0.204225     1             #  11   T  
</psam>
</matrix_reduce>
