<?xml version="1.0" encoding="ISO-8859-1"?>
<matrix_reduce>
<meta>
	<time>04-09-2018 09:53:26</time>
	<source>curated_db.meme</source>
	<comment>meme2psam.py</comment>
	<nsites>1000</nsites>
	<e-value>0.0</e-value>
</meta>

<directionality>forward</directionality>
<psam_length>12</psam_length>
<optimal_sequence>GCGACCACACTG</optimal_sequence>

<psam>
# A            C            G            T             # no. opt  
# +============+============+============+============ # ==+===+==
  0.241692     0.128399     1            0.140483      #   1   G  
  0.0884521    1            0.0798526    0.0565111     #   2   C  
  0.0104384    0.00626305   1            0.0240084     #   3   G  
  1            0.103175     0.0204082    0.0102041     #   4   A  
  0.0040568    1            0.0040568    0.00507099    #   5   C  
  0            1            0.00504541   0.00201816    #   6   C  
  1            0.0144033    0.00411523   0.00925926    #   7   A  
  0.00303951   1            0.00607903   0.00303951    #   8   C  
  1            0.545639     0.3286       0.154158      #   9   A  
  0.219008     1            0.0633609    0.0950413     #  10   C  
  0.466893     0.0814941    0.149406     1             #  11   T  
  0.585127     0.152642     1            0.213307      #  12   G  
</psam>
</matrix_reduce>
