<?xml version="1.0" encoding="ISO-8859-1"?>
<matrix_reduce>
<meta>
	<time>04-09-2018 09:53:26</time>
	<source>curated_db.meme</source>
	<comment>meme2psam.py</comment>
	<nsites>1000</nsites>
	<e-value>0.0</e-value>
</meta>

<directionality>forward</directionality>
<psam_length>14</psam_length>
<optimal_sequence>GACCACCCACGACG</optimal_sequence>

<psam>
# A            C            G            T             # no. opt  
# +============+============+============+============ # ==+===+==
  0.0559006    0.0583851    1            0.12795       #   1   G  
  1            0.27907      0.172965     0.00145349    #   2   A  
  0.0410095    1            0.00210305   0.0084122     #   3   C  
  0.00201613   1            0.00302419   0.00302419    #   4   C  
  1            0.117493     0.0718016    0.116188      #   5   A  
  0.00301508   1            0.00201005   0             #   6   C  
  0.479881     1            0.00745156   0.00149031    #   7   C  
  0.106061     1            0.0189394    0.133838      #   8   C  
  1            0.0221402    0.177122     0.0295203     #   9   A  
  0.347985     1            0.247253     0.236264      #  10   C  
  0.746988     0.440964     1            0.221687      #  11   G  
  1            0.419075     0.67052      0.800578      #  12   A  
  0.754821     1            0.322314     0.677686      #  13   C  
  0.216364     0.36         1            0.241818      #  14   G  
</psam>
</matrix_reduce>
