<?xml version="1.0" encoding="ISO-8859-1"?>
<matrix_reduce>
<meta>
	<time>04-09-2018 09:53:26</time>
	<source>curated_db.meme</source>
	<comment>meme2psam.py</comment>
	<nsites>15</nsites>
	<e-value>0.0</e-value>
</meta>

<directionality>forward</directionality>
<psam_length>11</psam_length>
<optimal_sequence>GTGGGTGGTCT</optimal_sequence>

<psam>
# A            C            G            T             # no. opt  
# +============+============+============+============ # ==+===+==
  0.25         1            1            1             #   1   G  
  0            0.0769231    0            1             #   2   T  
  0            0            1            0.0769231     #   3   G  
  0            0.0769231    1            0.0769231     #   4   G  
  0            0            1            0             #   5   G  
  0            0            0            1             #   6   T  
  0            0            1            0             #   7   G  
  0            0            1            0.0769231     #   8   G  
  0.0769231    0            0.0769231    1             #   9   T  
  0.1          1            0.1          0.3           #  10   C  
  0.25         1            0.75         1             #  11   T  
</psam>
</matrix_reduce>
