<?xml version="1.0" encoding="ISO-8859-1"?>
<matrix_reduce>
<meta>
	<time>04-09-2018 09:53:26</time>
	<source>curated_db.meme</source>
	<comment>meme2psam.py</comment>
	<nsites>26</nsites>
	<e-value>0.0</e-value>
</meta>

<directionality>forward</directionality>
<psam_length>12</psam_length>
<optimal_sequence>GGGTCTGGCATT</optimal_sequence>

<psam>
# A            C            G            T             # no. opt  
# +============+============+============+============ # ==+===+==
  0.1875       0.0625       1            0.1875        #   1   G  
  0.111111     1            1            0.777778      #   2   G  
  0.642857     0            1            0.0714286     #   3   G  
  0            0.0454545    0.0454545    1             #   4   T  
  0            1            0.0416667    0             #   5   C  
  0            0            0            1             #   6   T  
  0            0            1            0             #   7   G  
  0            0.0454545    1            0.0454545     #   8   G  
  0.818182     1            0.0909091    0.454545      #   9   C  
  1            0.0769231    0.0769231    0.692308      #  10   A  
  0.357143     0.214286     0.214286     1             #  11   T  
  0.230769     0.384615     0.230769     1             #  12   T  
</psam>
</matrix_reduce>
