<?xml version="1.0" encoding="ISO-8859-1"?>
<matrix_reduce>
<meta>
	<time>04-09-2018 09:53:26</time>
	<source>curated_db.meme</source>
	<comment>meme2psam.py</comment>
	<nsites>1000</nsites>
	<e-value>0.0</e-value>
</meta>

<directionality>forward</directionality>
<psam_length>10</psam_length>
<optimal_sequence>GACACGTGCC</optimal_sequence>

<psam>
# A            C            G            T             # no. opt  
# +============+============+============+============ # ==+===+==
  0.121387     0.464355     1            0.34104       #   1   G  
  1            0.402564     0.838462     0.323077      #   2   A  
  0            1            0            0.00603622    #   3   C  
  1            0.0374449    0.0253304    0.0374449     #   4   A  
  0.0189076    1            0.0315126    0             #   5   C  
  0            0.019368     1            0             #   6   G  
  0            0.266067     0.0192802    1             #   7   T  
  0            0.0384216    1            0             #   8   G  
  0.189145     1            0.0953947    0.360197      #   9   C  
  0.0882759    1            0.202759     0.0882759     #  10   C  
</psam>
</matrix_reduce>
