<?xml version="1.0" encoding="ISO-8859-1"?>
<matrix_reduce>
<meta>
	<time>04-09-2018 09:53:26</time>
	<source>curated_db.meme</source>
	<comment>meme2psam.py</comment>
	<nsites>1000</nsites>
	<e-value>0.0</e-value>
</meta>

<directionality>forward</directionality>
<psam_length>10</psam_length>
<optimal_sequence>GACACGTGCC</optimal_sequence>

<psam>
# A            C            G            T             # no. opt  
# +============+============+============+============ # ==+===+==
  0.059719     0.0550351    1            0.0562061     #   1   G  
  1            0.466851     0.950276     0.342541      #   2   A  
  0.0461192    1            0.0461192    0.0326209     #   3   C  
  1            0            0.0706638    0             #   4   A  
  0.00401606   1            0            0             #   5   C  
  0.0147679    0.0400844    1            0             #   6   G  
  0.0195652    0.0663043    0            1             #   7   T  
  0            0.0186335    1            0.0165631     #   8   G  
  0.047259     1            0.122873     0.720227      #   9   C  
  0.327122     1            0.438923     0.304348      #  10   C  
</psam>
</matrix_reduce>
