<?xml version="1.0" encoding="ISO-8859-1"?>
<matrix_reduce>
<meta>
	<time>04-09-2018 09:53:26</time>
	<source>curated_db.meme</source>
	<comment>meme2psam.py</comment>
	<nsites>16</nsites>
	<e-value>0.0</e-value>
</meta>

<directionality>forward</directionality>
<psam_length>14</psam_length>
<optimal_sequence>GGTGGGGAAACCCC</optimal_sequence>

<psam>
# A            C            G            T             # no. opt  
# +============+============+============+============ # ==+===+==
  0.1          0.1          1            0.4           #   1   G  
  0.111111     0.333333     1            0.333333      #   2   G  
  0.222222     0.555556     0            1             #   3   T  
  1            0.2          1            1             #   4   G  
  0.25         0.375        1            0.375         #   5   G  
  0.230769     0            1            0             #   6   G  
  0.230769     0            1            0             #   7   G  
  1            0.428571     0            0.857143      #   8   A  
  1            0.0714286    0.0714286    0             #   9   A  
  1            0            0.0769231    0.153846      #  10   A  
  0            1            0.444444     0.333333      #  11   C  
  0.5          1            0.5          0.666667      #  12   C  
  0.111111     1            0.666667     0             #  13   C  
  0.111111     1            0.666667     0             #  14   C  
</psam>
</matrix_reduce>
