<?xml version="1.0" encoding="ISO-8859-1"?>
<matrix_reduce>
<meta>
	<time>04-09-2018 09:53:26</time>
	<source>curated_db.meme</source>
	<comment>meme2psam.py</comment>
	<nsites>1000</nsites>
	<e-value>0.0</e-value>
</meta>

<directionality>forward</directionality>
<psam_length>12</psam_length>
<optimal_sequence>CATTACGTAACC</optimal_sequence>

<psam>
# A            C            G            T             # no. opt  
# +============+============+============+============ # ==+===+==
  0.584302     1            0.514535     0.80814       #   1   C  
  1            0.620155     0.860465     0.103359      #   2   A  
  0.00301205   0            0            1             #   3   T  
  0.00227273   0.0181818    0.115909     1             #   4   T  
  1            0            0.144509     0.00924855    #   5   A  
  0.00696379   1            0.0167131    0.369081      #   6   C  
  0.822097     0.0449438    1            0.00561798    #   7   G  
  0.0242261    0.317631     0.00403769   1             #   8   T  
  1            0.131818     0.00227273   0.00227273    #   9   A  
  1            0            0.00201207   0.00301811    #  10   A  
  0.102669     1            0.225873     0.724846      #  11   C  
  0.872464     1            0.486957     0.53913       #  12   C  
</psam>
</matrix_reduce>
