<?xml version="1.0" encoding="ISO-8859-1"?>
<matrix_reduce>
<meta>
	<time>04-09-2018 09:53:26</time>
	<source>curated_db.meme</source>
	<comment>meme2psam.py</comment>
	<nsites>1000</nsites>
	<e-value>0.0</e-value>
</meta>

<directionality>forward</directionality>
<psam_length>12</psam_length>
<optimal_sequence>GATTACGTAACC</optimal_sequence>

<psam>
# A            C            G            T             # no. opt  
# +============+============+============+============ # ==+===+==
  0.396875     0.7375       1            0.990625      #   1   G  
  1            0.117417     0.806262     0.0332681     #   2   A  
  0.0125261    0.00208768   0.0292276    1             #   3   T  
  0.0162933    0            0.00203666   1             #   4   T  
  1            0.00911854   0            0.00405268    #   5   A  
  0            1            0            0.0570825     #   6   C  
  0.140251     0            1            0             #   7   G  
  0.0092688    0.0205973    0            1             #   8   T  
  1            0            0            0.0869565     #   9   A  
  1            0.00406091   0.00203046   0.00913706    #  10   A  
  0.0125448    1            0.0358423    0.743728      #  11   C  
  0.992288     1            0.269923     0.308483      #  12   C  
</psam>
</matrix_reduce>
