<?xml version="1.0" encoding="ISO-8859-1"?>
<matrix_reduce>
<meta>
	<time>04-09-2018 09:53:26</time>
	<source>curated_db.meme</source>
	<comment>meme2psam.py</comment>
	<nsites>18</nsites>
	<e-value>0.0</e-value>
</meta>

<directionality>forward</directionality>
<psam_length>12</psam_length>
<optimal_sequence>GGTTACGTAATA</optimal_sequence>

<psam>
# A            C            G            T             # no. opt  
# +============+============+============+============ # ==+===+==
  0.142857     0.428571     1            0.714286      #   1   G  
  0.416667     0            1            0             #   2   G  
  0.0625       0            0            1             #   3   T  
  0            0            0.214286     1             #   4   T  
  1            0.0833333    0.0833333    0.0833333     #   5   A  
  0            1            0.0714286    0.0714286     #   6   C  
  0.416667     0            1            0             #   7   G  
  0            1            0            1             #   8   T  
  1            0.25         0.0833333    0             #   9   A  
  1            0            0.0714286    0.0714286     #  10   A  
  0.0833333    0.25         0.0833333    1             #  11   T  
  1            1            0.6          1             #  12   A  
</psam>
</matrix_reduce>
