<?xml version="1.0" encoding="ISO-8859-1"?>
<matrix_reduce>
<meta>
	<time>04-09-2018 09:53:26</time>
	<source>curated_db.meme</source>
	<comment>meme2psam.py</comment>
	<nsites>35</nsites>
	<e-value>0.0</e-value>
</meta>

<directionality>forward</directionality>
<psam_length>13</psam_length>
<optimal_sequence>GATTATGTAACAG</optimal_sequence>

<psam>
# A            C            G            T             # no. opt  
# +============+============+============+============ # ==+===+==
  0.5          0.428571     1            0.5           #   1   G  
  1            0.111111     0.5          0.111111      #   2   A  
  0            0            0            1             #   3   T  
  0            0.08         0.24         1             #   4   T  
  1            0.111111     0.777778     0             #   5   A  
  0            1            0.125        1             #   6   T  
  0.0625       0            1            0             #   7   G  
  0            0.214286     0            1             #   8   T  
  1            0            0            0             #   9   A  
  1            0            0            0             #  10   A  
  0            1            0            0.7           #  11   C  
  1            1            0.285714     0.142857      #  12   A  
  0.307692     1            1            0.307692      #  13   G  
</psam>
</matrix_reduce>
