<?xml version="1.0" encoding="ISO-8859-1"?>
<matrix_reduce>
<meta>
	<time>04-09-2018 09:53:26</time>
	<source>curated_db.meme</source>
	<comment>meme2psam.py</comment>
	<nsites>100</nsites>
	<e-value>0.0</e-value>
</meta>

<directionality>forward</directionality>
<psam_length>17</psam_length>
<optimal_sequence>GAAAACTAGTTAACATC</optimal_sequence>

<psam>
# A            C            G            T             # no. opt  
# +============+============+============+============ # ==+===+==
  0.833333     0.766667     1            0.733333      #   1   G  
  1            0.540541     0.27027      0.891892      #   2   A  
  1            0.227273     0.772727     0.272727      #   3   A  
  1            0.326087     0.478261     0.369565      #   4   A  
  1            0.191489     0.297872     0.638298      #   5   A  
  0.0117647    1            0.0235294    0.141176      #   6   C  
  0.0105263    0.0105263    0.0315789    1             #   7   T  
  1            0            0.4          0.0142857     #   8   A  
  0.010101     0            1            0             #   9   G  
  0            0            0.010101     1             #  10   T  
  0.125        0.0113636    0            1             #  11   T  
  1            0.0106383    0.0212766    0.0319149     #  12   A  
  1            0.09375      0.15625      0.3125        #  13   A  
  0.295455     1            0.318182     0.636364      #  14   C  
  1            0.393939     0.787879     0.848485      #  15   A  
  0.568182     0.25         0.454545     1             #  16   T  
  0.162791     1            0.72093      0.44186       #  17   C  
</psam>
</matrix_reduce>
