<?xml version="1.0" encoding="ISO-8859-1"?>
<matrix_reduce>
<meta>
	<time>04-09-2018 09:53:26</time>
	<source>curated_db.meme</source>
	<comment>meme2psam.py</comment>
	<nsites>1000</nsites>
	<e-value>0.0</e-value>
</meta>

<directionality>forward</directionality>
<psam_length>16</psam_length>
<optimal_sequence>GGGTCCAAAGTCCAAT</optimal_sequence>

<psam>
# A            C            G            T             # no. opt  
# +============+============+============+============ # ==+===+==
  0.742459     0.410673     1            0.167053      #   1   G  
  0.989879     0.01417      1            0.0182186     #   2   G  
  0.00203459   0.00203459   1            0.0132248     #   3   G  
  0.00626959   0.00104493   0.0376176    1             #   4   T  
  0.273927     1            0.10396      0.272277      #   5   C  
  0.00102564   1            0.00205128   0.0225641     #   6   C  
  1            0.00102145   0.0194076    0.00102145    #   7   A  
  1            0            0.00200803   0.00200803    #   8   A  
  1            0            0.0111562    0             #   9   A  
  0.00100301   0.00100301   1            0.00100301    #  10   G  
  0.00100806   0.00100806   0.00302419   1             #  11   T  
  0.0112233    1            0.00673401   0.104377      #  12   C  
  0.00203874   1            0.00203874   0.0142712     #  13   C  
  1            0.00708383   0.160567     0.0118064     #  14   A  
  1            0.657216     0.31701      0.603093      #  15   A  
  0.907473     0.975089     0.672598     1             #  16   T  
</psam>
</matrix_reduce>
