<?xml version="1.0" encoding="ISO-8859-1"?>
<matrix_reduce>
<meta>
	<time>04-09-2018 09:53:26</time>
	<source>curated_db.meme</source>
	<comment>meme2psam.py</comment>
	<nsites>1000</nsites>
	<e-value>0.0</e-value>
</meta>

<directionality>forward</directionality>
<psam_length>11</psam_length>
<optimal_sequence>TCTCGTAAAAA</optimal_sequence>

<psam>
# A            C            G            T             # no. opt  
# +============+============+============+============ # ==+===+==
  0.6925       0.35         0.4575       1             #   1   T  
  0.0592179    1            0.0558659    0             #   2   C  
  0            0.0638298    0            1             #   3   T  
  0            1            0            0.196172      #   4   C  
  0.159281     0.0191617    1            0.0155689     #   5   G  
  0.0432034    0.00948367   0            1             #   6   T  
  1            0.00321888   0            0.0697425     #   7   A  
  1            0            0            0             #   8   A  
  1            0            0            0             #   9   A  
  1            0.0332447    0.103723     0.192819      #  10   A  
  1            0.62954      0.25908      0.532688      #  11   A  
</psam>
</matrix_reduce>
