<?xml version="1.0" encoding="ISO-8859-1"?>
<matrix_reduce>
<meta>
	<time>04-09-2018 09:53:26</time>
	<source>curated_db.meme</source>
	<comment>meme2psam.py</comment>
	<nsites>100</nsites>
	<e-value>0.0</e-value>
</meta>

<directionality>forward</directionality>
<psam_length>16</psam_length>
<optimal_sequence>ACGGTAATTAGCTCAG</optimal_sequence>

<psam>
# A            C            G            T             # no. opt  
# +============+============+============+============ # ==+===+==
  1            0.181818     0.227273     0.106061      #   1   A  
  0.846154     1            0.384615     0.333333      #   2   C  
  0.396226     0.207547     1            0.283019      #   3   G  
  0.177778     0.422222     1            0.622222      #   4   G  
  0.0111111    0.1          0            1             #   5   T  
  1            0.1          0            0.0111111     #   6   A  
  1            0.0102041    0            0.0102041     #   7   A  
  0            0            0.010101     1             #   8   T  
  0            0            0.0989011    1             #   9   T  
  1            0            0.1          0.0111111     #  10   A  
  0.512195     0.756098     1            0.170732      #  11   G  
  0.283019     1            0.207547     0.396226      #  12   C  
  0.636364     0.454545     0.159091     1             #  13   T  
  0.658537     1            0.243902     0.536585      #  14   C  
  1            0.134615     0.365385     0.423077      #  15   A  
  0.75         0.388889     1            0.638889      #  16   G  
</psam>
</matrix_reduce>
