<?xml version="1.0" encoding="ISO-8859-1"?>
<matrix_reduce>
<meta>
	<time>04-09-2018 09:53:26</time>
	<source>curated_db.meme</source>
	<comment>meme2psam.py</comment>
	<nsites>100</nsites>
	<e-value>0.0</e-value>
</meta>

<directionality>forward</directionality>
<psam_length>16</psam_length>
<optimal_sequence>AAAGCTCGTAAAATTT</optimal_sequence>

<psam>
# A            C            G            T             # no. opt  
# +============+============+============+============ # ==+===+==
  1            0.485714     0.457143     0.914286      #   1   A  
  1            0.59375      0.625        0.875         #   2   A  
  1            0.540541     0.486486     0.675676      #   3   A  
  0.5          1            1            0.833333      #   4   G  
  0.0215054    1            0.0537634    0             #   5   C  
  0            0.0309278    0            1             #   6   T  
  0.0106383    1            0            0.0531915     #   7   C  
  0.25         0            1            0             #   8   G  
  0            0.010101     0            1             #   9   T  
  1            0            0            0.0752688     #  10   A  
  1            0            0            0.0309278     #  11   A  
  1            0.0102041    0            0.0102041     #  12   A  
  1            0.193548     0.0806452    0.33871       #  13   A  
  0.625        0.270833     0.1875       1             #  14   T  
  0.5          0.638889     0.638889     1             #  15   T  
  0.547619     0.309524     0.52381      1             #  16   T  
</psam>
</matrix_reduce>
