<?xml version="1.0" encoding="ISO-8859-1"?>
<matrix_reduce>
<meta>
	<time>04-09-2018 09:53:26</time>
	<source>curated_db.meme</source>
	<comment>meme2psam.py</comment>
	<nsites>52</nsites>
	<e-value>0.0</e-value>
</meta>

<directionality>forward</directionality>
<psam_length>10</psam_length>
<optimal_sequence>TTGATTAATG</optimal_sequence>

<psam>
# A            C            G            T             # no. opt  
# +============+============+============+============ # ==+===+==
  0.185185     0.592593     0.0740741    1             #   1   T  
  0            0.351351     0.027027     1             #   2   T  
  0.625        0.375        1            0.0833333     #   3   G  
  1            0            0            0             #   4   A  
  0            0            0            1             #   5   T  
  0            0            0            1             #   6   T  
  1            0            0.142857     0.047619      #   7   A  
  1            0.0606061    0.393939     0.0606061     #   8   A  
  0.05         0.175        0.025        1             #   9   T  
  0.448276     0.103448     1            0.172414      #  10   G  
</psam>
</matrix_reduce>
