<?xml version="1.0" encoding="ISO-8859-1"?>
<matrix_reduce>
<meta>
	<time>04-09-2018 09:53:26</time>
	<source>curated_db.meme</source>
	<comment>meme2psam.py</comment>
	<nsites>17</nsites>
	<e-value>0.0</e-value>
</meta>

<directionality>forward</directionality>
<psam_length>11</psam_length>
<optimal_sequence>GGTTTTATTGG</optimal_sequence>

<psam>
# A            C            G            T             # no. opt  
# +============+============+============+============ # ==+===+==
  0.333333     0.333333     1            0.111111      #   1   G  
  1            0.2          1            0.6           #   2   G  
  0            0            0.230769     1             #   3   T  
  0.555556     0            0.111111     1             #   4   T  
  0.0666667    0            0            1             #   5   T  
  0.230769     0            0            1             #   6   T  
  1            0            0            0             #   7   A  
  0            0.230769     0            1             #   8   T  
  0.111111     0.111111     0.333333     1             #   9   T  
  0            0.0769231    1            0.230769      #  10   G  
  0.0909091    0.272727     1            0.0909091     #  11   G  
</psam>
</matrix_reduce>
