<?xml version="1.0" encoding="ISO-8859-1"?>
<matrix_reduce>
<meta>
	<time>04-09-2018 09:53:26</time>
	<source>curated_db.meme</source>
	<comment>meme2psam.py</comment>
	<nsites>1000</nsites>
	<e-value>0.0</e-value>
</meta>

<directionality>forward</directionality>
<psam_length>11</psam_length>
<optimal_sequence>GGTAATAAAAA</optimal_sequence>

<psam>
# A            C            G            T             # no. opt  
# +============+============+============+============ # ==+===+==
  0.773109     0.47619      1            0.551821      #   1   G  
  0.288557     0.208955     1            0.159204      #   2   G  
  0.0342857    0.857143     0.0133333    1             #   3   T  
  1            0.539964     0.122558     0.113677      #   4   A  
  1            0.0539273    0.0855803    0.031653      #   5   A  
  0.0438871    0.00104493   0            1             #   6   T  
  1            0.0144092    0.0201729    0.40634       #   7   A  
  1            0.00423729   0.0095339    0.0455508     #   8   A  
  1            0.0673401    0.0145903    0.0392817     #   9   A  
  1            0.248739     0.186555     0.245378      #  10   A  
  1            0.691667     0.408333     0.677778      #  11   A  
</psam>
</matrix_reduce>
