<?xml version="1.0" encoding="ISO-8859-1"?>
<matrix_reduce>
<meta>
	<time>04-09-2018 09:53:26</time>
	<source>curated_db.meme</source>
	<comment>meme2psam.py</comment>
	<nsites>100</nsites>
	<e-value>0.0</e-value>
</meta>

<directionality>forward</directionality>
<psam_length>17</psam_length>
<optimal_sequence>GATTATTAATTAACTTG</optimal_sequence>

<psam>
# A            C            G            T             # no. opt  
# +============+============+============+============ # ==+===+==
  0.605263     0.447368     1            0.578947      #   1   G  
  1            0.25641      0.794872     0.512821      #   2   A  
  0.123077     0.307692     0.107692     1             #   3   T  
  0.456522     0.5          0.217391     1             #   4   T  
  1            0.232143     0.482143     0.0714286     #   5   A  
  0.253731     0.164179     0.0746269    1             #   6   T  
  0.010989     0.0879121    0            1             #   7   T  
  1            0.0638298    0            0             #   8   A  
  1            0            0.0102041    0.0102041     #   9   A  
  0.0102041    0.0102041    0            1             #  10   T  
  0            0            0.0638298    1             #  11   T  
  1            0            0.0879121    0.010989      #  12   A  
  1            0.0735294    0.161765     0.235294      #  13   A  
  0.160714     1            0.214286     0.410714      #  14   C  
  0.272727     0.204545     0.795455     1             #  15   T  
  0.27027      0.72973      0.702703     1             #  16   T  
  0.226415     0.301887     1            0.358491      #  17   G  
</psam>
</matrix_reduce>
