<?xml version="1.0" encoding="ISO-8859-1"?>
<matrix_reduce>
<meta>
	<time>04-09-2018 09:53:26</time>
	<source>curated_db.meme</source>
	<comment>meme2psam.py</comment>
	<nsites>1000</nsites>
	<e-value>0.0</e-value>
</meta>

<directionality>forward</directionality>
<psam_length>10</psam_length>
<optimal_sequence>CCAATAAAAC</optimal_sequence>

<psam>
# A            C            G            T             # no. opt  
# +============+============+============+============ # ==+===+==
  0.208621     1            0.339655     0.174138      #   1   C  
  0.0887324    1            0.0211268    0.298592      #   2   C  
  1            0.501812     0.0253623    0.282609      #   3   A  
  1            0            0.00421053   0.0484211     #   4   A  
  0            0.0373444    0            1             #   5   T  
  1            0.0352798    0.00729927   0.173966      #   6   A  
  1            0.00977199   0.0173724    0.0586319     #   7   A  
  1            0.0542888    0            0.0314875     #   8   A  
  1            0.340136     0.129252     0.231293      #   9   A  
  0.855978     1            0.225543     0.63587       #  10   C  
</psam>
</matrix_reduce>
