<?xml version="1.0" encoding="ISO-8859-1"?>
<matrix_reduce>
<meta>
	<time>04-09-2018 09:53:26</time>
	<source>curated_db.meme</source>
	<comment>meme2psam.py</comment>
	<nsites>16</nsites>
	<e-value>0.0</e-value>
</meta>

<directionality>forward</directionality>
<psam_length>8</psam_length>
<optimal_sequence>CACTAATT</optimal_sequence>

<psam>
# A            C            G            T             # no. opt  
# +============+============+============+============ # ==+===+==
  0.153846     1            0            0             #   1   C  
  1            0            0.714286     0.571429      #   2   A  
  0            1            0.714286     0.571429      #   3   C  
  0.666667     0            0.111111     1             #   4   T  
  1            0            0            0.142857      #   5   A  
  1            0            0.142857     0             #   6   A  
  0            0            0            1             #   7   T  
  0            0.111111     0.666667     1             #   8   T  
</psam>
</matrix_reduce>
