<?xml version="1.0" encoding="ISO-8859-1"?>
<matrix_reduce>
<meta>
	<time>04-09-2018 09:53:26</time>
	<source>curated_db.meme</source>
	<comment>meme2psam.py</comment>
	<nsites>1000</nsites>
	<e-value>0.0</e-value>
</meta>

<directionality>forward</directionality>
<psam_length>10</psam_length>
<optimal_sequence>CCAATAAAAA</optimal_sequence>

<psam>
# A            C            G            T             # no. opt  
# +============+============+============+============ # ==+===+==
  0.250389     1            0.287714     0.0155521     #   1   C  
  0.00462963   1            0.0324074    0.506173      #   2   C  
  1            0.284006     0.0358744    0.174888      #   3   A  
  1            0            0            0.126126      #   4   A  
  0            0            0            1             #   5   T  
  1            0.0368715    0.0201117    0.0603352     #   6   A  
  1            0            0            0.0649627     #   7   A  
  1            0.0121457    0            0             #   8   A  
  1            0.242991     0.17757      0.137072      #   9   A  
  1            0.691211     0.220903     0.460808      #  10   A  
</psam>
</matrix_reduce>
