<?xml version="1.0" encoding="ISO-8859-1"?>
<matrix_reduce>
<meta>
	<time>04-09-2018 09:53:26</time>
	<source>curated_db.meme</source>
	<comment>meme2psam.py</comment>
	<nsites>1000</nsites>
	<e-value>0.0</e-value>
</meta>

<directionality>forward</directionality>
<psam_length>11</psam_length>
<optimal_sequence>GCTCGTAAAAC</optimal_sequence>

<psam>
# A            C            G            T             # no. opt  
# +============+============+============+============ # ==+===+==
  0.366197     0.91831      1            0.532394      #   1   G  
  0.0353075    1            0.0899772    0.0136674     #   2   C  
  0.00648649   0.0443243    0.0291892    1             #   3   T  
  0.0278746    1            0.00348432   0.126597      #   4   C  
  0.253485     0.0114068    1            0             #   5   G  
  0            0.00502513   0            1             #   6   T  
  1            0.00982801   0.0036855    0.214988      #   7   A  
  1            0            0            0.0362694     #   8   A  
  1            0.0135558    0.016684     0.012513      #   9   A  
  1            0.262376     0.10396      0.283828      #  10   A  
  0.975535     1            0.40367      0.678899      #  11   C  
</psam>
</matrix_reduce>
