<?xml version="1.0" encoding="ISO-8859-1"?>
<matrix_reduce>
<meta>
	<time>04-09-2018 09:53:26</time>
	<source>curated_db.meme</source>
	<comment>meme2psam.py</comment>
	<nsites>100</nsites>
	<e-value>0.0</e-value>
</meta>

<directionality>forward</directionality>
<psam_length>16</psam_length>
<optimal_sequence>TAAAGTCGTAAAACAT</optimal_sequence>

<psam>
# A            C            G            T             # no. opt  
# +============+============+============+============ # ==+===+==
  0.625        0.525        0.35         1             #   1   T  
  1            0.244898     0.408163     0.387755      #   2   A  
  1            0.277778     0.259259     0.314815      #   3   A  
  1            0.232558     0.627907     0.465116      #   4   A  
  0.117647     0.0588235    1            0             #   5   G  
  0            0.0204082    0            1             #   6   T  
  0.0206186    1            0            0.0103093     #   7   C  
  0.351351     0            1            0             #   8   G  
  0            0            0            1             #   9   T  
  1            0            0            0.204819      #  10   A  
  1            0            0            0.0204082     #  11   A  
  1            0.0102041    0            0.0102041     #  12   A  
  1            0.15         0.15         0.366667      #  13   A  
  0.525        1            0.275        0.7           #  14   C  
  1            0.785714     0.892857     0.857143      #  15   A  
  0.384615     0.384615     0.794872     1             #  16   T  
</psam>
</matrix_reduce>
