<?xml version="1.0" encoding="ISO-8859-1"?>
<matrix_reduce>
<meta>
	<time>04-09-2018 09:53:26</time>
	<source>curated_db.meme</source>
	<comment>meme2psam.py</comment>
	<nsites>100</nsites>
	<e-value>0.0</e-value>
</meta>

<directionality>forward</directionality>
<psam_length>16</psam_length>
<optimal_sequence>GTAGTAATTAATGGAA</optimal_sequence>

<psam>
# A            C            G            T             # no. opt  
# +============+============+============+============ # ==+===+==
  0.106383     0.489362     1            0.531915      #   1   G  
  0.333333     0.589744     0.641026     1             #   2   T  
  1            0.607843     0.254902     0.0980392     #   3   A  
  0.14         0.22         1            0.64          #   4   G  
  0.0674157    0.0561798    0            1             #   5   T  
  1            0.0430108    0.0107527    0.0215054     #   6   A  
  1            0.0103093    0.0103093    0.0103093     #   7   A  
  0.0103093    0.0103093    0.0103093    1             #   8   T  
  0.0215054    0.0107527    0.0430108    1             #   9   T  
  1            0            0.0568182    0.0795455     #  10   A  
  1            0.531915     0.382979     0.212766      #  11   A  
  0.0769231    0.25         0.596154     1             #  12   T  
  0.488889     0.4          1            0.333333      #  13   G  
  0.283019     0.320755     1            0.283019      #  14   G  
  1            0.810811     0.27027      0.621622      #  15   A  
  1            0.825        0.475        0.2           #  16   A  
</psam>
</matrix_reduce>
