<?xml version="1.0" encoding="ISO-8859-1"?>
<matrix_reduce>
<meta>
	<time>04-09-2018 09:53:26</time>
	<source>curated_db.meme</source>
	<comment>meme2psam.py</comment>
	<nsites>1000</nsites>
	<e-value>0.0</e-value>
</meta>

<directionality>forward</directionality>
<psam_length>10</psam_length>
<optimal_sequence>AGTAATTAAC</optimal_sequence>

<psam>
# A            C            G            T             # no. opt  
# +============+============+============+============ # ==+===+==
  1            0.795053     0.943463     0.795053      #   1   A  
  0.654434     0.877676     1            0.525994      #   2   G  
  0.224348     0.433043     0.08         1             #   3   T  
  1            0.524306     0.164931     0.046875      #   4   A  
  1            0.0285088    0.0559211    0.0120614     #   5   A  
  0            0            0            1             #   6   T  
  0.0677765    0.110583     0.00713436   1             #   7   T  
  1            0.0261153    0.00435256   0.054407      #   8   A  
  1            0.603077     0.963077     0.510769      #   9   A  
  0.747664     1            0.738318     0.629283      #  10   C  
</psam>
</matrix_reduce>
