<?xml version="1.0" encoding="ISO-8859-1"?>
<matrix_reduce>
<meta>
	<time>04-09-2018 09:53:26</time>
	<source>curated_db.meme</source>
	<comment>meme2psam.py</comment>
	<nsites>1000</nsites>
	<e-value>0.0</e-value>
</meta>

<directionality>forward</directionality>
<psam_length>10</psam_length>
<optimal_sequence>ACTAATTAGC</optimal_sequence>

<psam>
# A            C            G            T             # no. opt  
# +============+============+============+============ # ==+===+==
  1            0.561605     0.69914      0.604585      #   1   A  
  0.616822     1            0.968847     0.529595      #   2   C  
  0.219653     0.630058     0.0770713    1             #   3   T  
  1            0.655556     0.107407     0.0888889     #   4   A  
  1            0.0422222    0.05         0.0188889     #   5   A  
  0            0.0111223    0            1             #   6   T  
  0.0340659    0.0648352    0            1             #   7   T  
  1            0.00948367   0            0.0442571     #   8   A  
  0.959128     0.446866     1            0.318801      #   9   G  
  0.8          1            0.745161     0.680645      #  10   C  
</psam>
</matrix_reduce>
