<?xml version="1.0" encoding="ISO-8859-1"?>
<matrix_reduce>
<meta>
	<time>04-09-2018 09:53:26</time>
	<source>curated_db.meme</source>
	<comment>meme2psam.py</comment>
	<nsites>15</nsites>
	<e-value>0.0</e-value>
</meta>

<directionality>forward</directionality>
<psam_length>10</psam_length>
<optimal_sequence>TGATGGATGG</optimal_sequence>

<psam>
# A            C            G            T             # no. opt  
# +============+============+============+============ # ==+===+==
  0.444444     0            0.111111     1             #   1   T  
  0            0            1            0             #   2   G  
  1            0            0            0             #   3   A  
  0            0            0            1             #   4   T  
  0            0            1            0.666667      #   5   G  
  0            0            1            0             #   6   G  
  1            0            0            0             #   7   A  
  0            0            0            1             #   8   T  
  0            0.25         1            0             #   9   G  
  0.0769231    0.0769231    1            0             #  10   G  
</psam>
</matrix_reduce>
