<?xml version="1.0" encoding="ISO-8859-1"?>
<matrix_reduce>
<meta>
	<time>04-09-2018 09:53:26</time>
	<source>curated_db.meme</source>
	<comment>meme2psam.py</comment>
	<nsites>100</nsites>
	<e-value>0.0</e-value>
</meta>

<directionality>forward</directionality>
<psam_length>17</psam_length>
<optimal_sequence>TGAGCTAATTAGTTGGA</optimal_sequence>

<psam>
# A            C            G            T             # no. opt  
# +============+============+============+============ # ==+===+==
  0.730769     0.0961538    0.0961538    1             #   1   T  
  0.538462     0.25         1            0.115385      #   2   G  
  1            0.363636     0.236364     0.218182      #   3   A  
  0.8125       0.84375      1            0.46875       #   4   G  
  0.142857     1            0.357143     0.267857      #   5   C  
  0.0113636    0.125        0            1             #   6   T  
  1            0.351351     0            0             #   7   A  
  1            0            0            0.0204082     #   8   A  
  0.010101     0            0            1             #   9   T  
  0            0            0.351351     1             #  10   T  
  1            0            0.125        0.0113636     #  11   A  
  0.267857     0.357143     1            0.142857      #  12   G  
  0.102041     0.693878     0.244898     1             #  13   T  
  0.527778     0.416667     0.833333     1             #  14   T  
  0.842105     0.605263     1            0.184211      #  15   G  
  0.775        0.3          1            0.425         #  16   G  
  1            0.341463     0.487805     0.609756      #  17   A  
</psam>
</matrix_reduce>
