<?xml version="1.0" encoding="ISO-8859-1"?>
<matrix_reduce>
<meta>
	<time>04-09-2018 09:53:26</time>
	<source>curated_db.meme</source>
	<comment>meme2psam.py</comment>
	<nsites>1000</nsites>
	<e-value>0.0</e-value>
</meta>

<directionality>forward</directionality>
<psam_length>10</psam_length>
<optimal_sequence>GCTAATTAGC</optimal_sequence>

<psam>
# A            C            G            T             # no. opt  
# +============+============+============+============ # ==+===+==
  0.893939     0.550505     1            0.0808081     #   1   G  
  0.942623     1            0.234973     0.546448      #   2   C  
  0.546737     0.111111     0.10582      1             #   3   T  
  1            0.22449      0.0748299    0.0612245     #   4   A  
  1            0.00448934   0.0112233    0.106622      #   5   A  
  0.235294     0.0374332    0.0628342    1             #   6   T  
  0.0970395    0.195724     0.351974     1             #   7   T  
  1            0.0824261    0.0855365    0.385692      #   8   A  
  0.986523     0.22372      1            0.485175      #   9   G  
  0.572139     1            0.485075     0.430348      #  10   C  
</psam>
</matrix_reduce>
