<?xml version="1.0" encoding="ISO-8859-1"?>
<matrix_reduce>
<meta>
	<time>04-09-2018 09:53:26</time>
	<source>curated_db.meme</source>
	<comment>meme2psam.py</comment>
	<nsites>100</nsites>
	<e-value>0.0</e-value>
</meta>

<directionality>forward</directionality>
<psam_length>17</psam_length>
<optimal_sequence>TAAATAATTAATGGCTA</optimal_sequence>

<psam>
# A            C            G            T             # no. opt  
# +============+============+============+============ # ==+===+==
  0.236364     0.218182     0.363636     1             #   1   T  
  1            0.2          0.183333     0.283333      #   2   A  
  1            0.133333     0.333333     0.2           #   3   A  
  1            0.151515     0.848485     1             #   4   A  
  0.101449     0.333333     0.0144928    1             #   5   T  
  1            0.166667     0.0416667    0.180556      #   6   A  
  1            0.0217391    0.0217391    0.0434783     #   7   A  
  0.0425532    0.0106383    0.0106383    1             #   8   T  
  0.0531915    0.0106383    0            1             #   9   T  
  1            0            0.0105263    0.0421053     #  10   A  
  1            0.0632911    0.0253165    0.177215      #  11   A  
  0.0886076    0.113924     0.0632911    1             #  12   T  
  0.744681     0.0851064    1            0.297872      #  13   G  
  0.428571     0.125        1            0.232143      #  14   G  
  0.38         1            0.16         0.46          #  15   C  
  0.333333     0.157895     0.245614     1             #  16   T  
  1            0.583333     0.5          0.694444      #  17   A  
</psam>
</matrix_reduce>
