<?xml version="1.0" encoding="ISO-8859-1"?>
<matrix_reduce>
<meta>
	<time>04-09-2018 09:53:26</time>
	<source>curated_db.meme</source>
	<comment>meme2psam.py</comment>
	<nsites>1000</nsites>
	<e-value>0.0</e-value>
</meta>

<directionality>forward</directionality>
<psam_length>9</psam_length>
<optimal_sequence>CCCATAAAA</optimal_sequence>

<psam>
# A            C            G            T             # no. opt  
# +============+============+============+============ # ==+===+==
  0.331858     1            0.732301     0.14823       #   1   C  
  0.38056      1            0            0.266886      #   2   C  
  0.495427     1            0.0289634    0             #   3   C  
  1            0            0.26257      0.134078      #   4   A  
  0            0.0695187    0            1             #   5   T  
  1            0.147009     0            0.558974      #   6   A  
  1            0.173006     0            0.0539877     #   7   A  
  1            0.0539877    0            0.173006      #   8   A  
  1            0.215569     0.229042     0.0523952     #   9   A  
</psam>
</matrix_reduce>
