<?xml version="1.0" encoding="ISO-8859-1"?>
<matrix_reduce>
<meta>
	<time>04-09-2018 09:53:26</time>
	<source>curated_db.meme</source>
	<comment>meme2psam.py</comment>
	<nsites>100</nsites>
	<e-value>0.0</e-value>
</meta>

<directionality>forward</directionality>
<psam_length>16</psam_length>
<optimal_sequence>TTGAGTTAATTAACCT</optimal_sequence>

<psam>
# A            C            G            T             # no. opt  
# +============+============+============+============ # ==+===+==
  0.487179     0.948718     0.128205     1             #   1   T  
  0.292308     0.123077     0.123077     1             #   2   T  
  0.233333     0.166667     1            0.266667      #   3   G  
  1            0.27027      0.891892     0.540541      #   4   A  
  0.545455     0.204545     1            0.522727      #   5   G  
  0.424242     0.727273     0.848485     1             #   6   T  
  0.0117647    0.164706     0            1             #   7   T  
  1            0.137931     0            0.0114943     #   8   A  
  1            0.0102041    0            0.0102041     #   9   A  
  0.0102041    0            0.0102041    1             #  10   T  
  0            0            0.136364     1             #  11   T  
  1            0            0.166667     0.0238095     #  12   A  
  1            1            0.378378     0.324324      #  13   A  
  0.545455     1            0.204545     0.522727      #  14   C  
  0.324324     1            0.837838     0.540541      #  15   C  
  0.1875       0.458333     0.4375       1             #  16   T  
</psam>
</matrix_reduce>
