<?xml version="1.0" encoding="ISO-8859-1"?>
<matrix_reduce>
<meta>
	<time>04-09-2018 09:53:26</time>
	<source>curated_db.meme</source>
	<comment>meme2psam.py</comment>
	<nsites>100</nsites>
	<e-value>0.0</e-value>
</meta>

<directionality>forward</directionality>
<psam_length>17</psam_length>
<optimal_sequence>TAAGCTAATTAGCTGTA</optimal_sequence>

<psam>
# A            C            G            T             # no. opt  
# +============+============+============+============ # ==+===+==
  0.866667     0.111111     0.244444     1             #   1   T  
  1            0.347826     0.608696     0.217391      #   2   A  
  1            0.560976     0.317073     0.560976      #   3   A  
  1            0.375        1            0.125         #   4   G  
  0.0888889    1            0.466667     0.666667      #   5   C  
  0.0117647    0.164706     0            1             #   6   T  
  1            0.076087     0.0108696    0             #   7   A  
  1            0            0            0.010101      #   8   A  
  0.010101     0            0            1             #   9   T  
  0            0.0108696    0.076087     1             #  10   T  
  1            0            0.164706     0.0117647     #  11   A  
  0.666667     0.466667     1            0.0888889     #  12   G  
  0.0701754    1            0.175439     0.491228      #  13   C  
  0.106061     0.121212     0.287879     1             #  14   T  
  0.6875       0.6875       1            0.75          #  15   G  
  0.69697      0.515152     0.818182     1             #  16   T  
  1            0.625        0.5625       0.9375        #  17   A  
</psam>
</matrix_reduce>
