<?xml version="1.0" encoding="ISO-8859-1"?>
<matrix_reduce>
<meta>
	<time>04-09-2018 09:53:26</time>
	<source>curated_db.meme</source>
	<comment>meme2psam.py</comment>
	<nsites>1000</nsites>
	<e-value>0.0</e-value>
</meta>

<directionality>forward</directionality>
<psam_length>9</psam_length>
<optimal_sequence>GTCGTAAAA</optimal_sequence>

<psam>
# A            C            G            T             # no. opt  
# +============+============+============+============ # ==+===+==
  0.539648     0.651982     1            0.00440529    #   1   G  
  0.0764618    0.305847     0.116942     1             #   2   T  
  0.170213     1            0            0.246809      #   3   C  
  0.411229     0.0409712    1            0.0652504     #   4   G  
  0.0406213    0.0406213    0.112306     1             #   5   T  
  1            0            0            0.340483      #   6   A  
  1            0.0231023    0.0176018    0.0583058     #   7   A  
  1            0.0416667    0            0             #   8   A  
  1            0.293907     0.22043      0.272401      #   9   A  
</psam>
</matrix_reduce>
