<?xml version="1.0" encoding="ISO-8859-1"?>
<matrix_reduce>
<meta>
	<time>04-09-2018 09:53:26</time>
	<source>curated_db.meme</source>
	<comment>meme2psam.py</comment>
	<nsites>1001</nsites>
	<e-value>0.0</e-value>
</meta>

<directionality>forward</directionality>
<psam_length>10</psam_length>
<optimal_sequence>GCAATAAAAA</optimal_sequence>

<psam>
# A            C            G            T             # no. opt  
# +============+============+============+============ # ==+===+==
  0.387043     0.227575     1            0.0465116     #   1   G  
  0.0862385    1            0.0422018    0.702752      #   2   C  
  1            0.397152     0.185127     0             #   3   A  
  1            0.00956938   0.159091     0.0251196     #   4   A  
  0.0660592    0.0353075    0.0353075    1             #   5   T  
  1            0.0298211    0            0.95825       #   6   A  
  1            0.00987925   0            0.0878156     #   7   A  
  1            0.0353698    0            0.0353698     #   8   A  
  1            0.133229     0.205329     0.225705      #   9   A  
  1            0.338028     0.2277       0.78169       #  10   A  
</psam>
</matrix_reduce>
