<?xml version="1.0" encoding="ISO-8859-1"?>
<matrix_reduce>
<meta>
	<time>04-09-2018 09:53:26</time>
	<source>curated_db.meme</source>
	<comment>meme2psam.py</comment>
	<nsites>60</nsites>
	<e-value>0.0</e-value>
</meta>

<directionality>forward</directionality>
<psam_length>8</psam_length>
<optimal_sequence>TTGGGAGA</optimal_sequence>

<psam>
# A            C            G            T             # no. opt  
# +============+============+============+============ # ==+===+==
  0.12         0.64         0.52         1             #   1   T  
  0.0576923    0.0769231    0            1             #   2   T  
  0.0526316    0            1            0             #   3   G  
  0.0175439    0.0175439    1            0             #   4   G  
  0            0.0172414    1            0             #   5   G  
  1            0            0.176471     0             #   6   A  
  0.612903     0.0322581    1            0.225806      #   7   G  
  1            0.04         0.88         0.4           #   8   A  
</psam>
</matrix_reduce>
