<?xml version="1.0" encoding="ISO-8859-1"?>
<matrix_reduce>
<meta>
	<time>04-09-2018 09:53:26</time>
	<source>curated_db.meme</source>
	<comment>meme2psam.py</comment>
	<nsites>83</nsites>
	<e-value>0.0</e-value>
</meta>

<directionality>forward</directionality>
<psam_length>14</psam_length>
<optimal_sequence>GGAAAGTGAAAGCA</optimal_sequence>

<psam>
# A            C            G            T             # no. opt  
# +============+============+============+============ # ==+===+==
  0.294118     0.647059     1            0.441176      #   1   G  
  0.344828     0.0517241    1            0             #   2   G  
  1            0.0138889    0.0833333    0             #   3   A  
  1            0            0            0.0519481     #   4   A  
  1            0            0            0             #   5   A  
  0.307692     0.192308     1            0.0576923     #   6   G  
  0.0888889    0.688889     0.0666667    1             #   7   T  
  0.0512821    0            1            0             #   8   G  
  1            0            0            0             #   9   A  
  1            0            0            0             #  10   A  
  1            0            0            0             #  11   A  
  0.111111     0.6          1            0.111111      #  12   G  
  0.15625      1            0.40625      0.96875       #  13   C  
  1            0.517241     0.896552     0.37931       #  14   A  
</psam>
</matrix_reduce>
