<?xml version="1.0" encoding="ISO-8859-1"?>
<matrix_reduce>
<meta>
	<time>04-09-2018 09:53:26</time>
	<source>curated_db.meme</source>
	<comment>meme2psam.py</comment>
	<nsites>12</nsites>
	<e-value>0.0</e-value>
</meta>

<directionality>forward</directionality>
<psam_length>18</psam_length>
<optimal_sequence>GGAAAGTGAAAGCAAAAC</optimal_sequence>

<psam>
# A            C            G            T             # no. opt  
# +============+============+============+============ # ==+===+==
  0            0.5          1            0             #   1   G  
  0.222222     0            1            0             #   2   G  
  1            0            0            0             #   3   A  
  1            0            0            0             #   4   A  
  1            0            0            0             #   5   A  
  0.222222     0            1            0             #   6   G  
  0            1            0            1             #   7   T  
  0            0            1            0             #   8   G  
  1            0            0            0             #   9   A  
  1            0            0            0             #  10   A  
  1            0            0            0             #  11   A  
  0            1            1            0             #  12   G  
  0            1            0.333333     0.5           #  13   C  
  1            0.4          0.6          0.4           #  14   A  
  1            0            0.333333     0.5           #  15   A  
  1            0            0            0.5           #  16   A  
  1            0.4          0            0.6           #  17   A  
  0.5          1            0            0.333333      #  18   C  
</psam>
</matrix_reduce>
