<?xml version="1.0" encoding="ISO-8859-1"?>
<matrix_reduce>
<meta>
	<time>04-09-2018 09:53:26</time>
	<source>curated_db.meme</source>
	<comment>meme2psam.py</comment>
	<nsites>25018</nsites>
	<e-value>0.0</e-value>
</meta>

<directionality>forward</directionality>
<psam_length>21</psam_length>
<optimal_sequence>GGGAAACGGAAACCGAAACTG</optimal_sequence>

<psam>
# A            C            G            T             # no. opt  
# +============+============+============+============ # ==+===+==
  0.586311     0.780437     1            0.52561       #   1   G  
  0.387878     0.767253     1            0.318272      #   2   G  
  0.572032     0.0473173    1            0.142022      #   3   G  
  1            0.00126068   0.701989     0.0487463     #   4   A  
  1            0.00451136   0.190264     0.117558      #   5   A  
  1            0.0111509    0.0100691    0.0196388     #   6   A  
  0.973345     1            0.381861     0.470183      #   7   C  
  0.0106722    0.27323      1            0.113874      #   8   G  
  0.0054724    0.000482859  1            0.000643811   #   9   G  
  1            0.000762593  0.00280955   0.000481638   #  10   A  
  1            0.000764495  0.00301774   0.00277632    #  11   A  
  1            0.00110087   0.00220175   0.0166762     #  12   A  
  0.023001     1            0.0626189    0.0470434     #  13   C  
  0.038815     1            0.185371     0.128176      #  14   C  
  0.0140737    0.000283907  1            0.000283907   #  15   G  
  1            0.00708416   0.00429098   0.00133587    #  16   A  
  1            0.0025927    0.00185193   0.0250628     #  17   A  
  1            0.00431377   0.00284793   0.0405411     #  18   A  
  0.0320108    1            0.184348     0.0290237     #  19   C  
  0.221583     0.626        0.237167     1             #  20   T  
  0.780084     0.195285     1            0.225194      #  21   G  
</psam>
</matrix_reduce>
