<?xml version="1.0" encoding="ISO-8859-1"?>
<matrix_reduce>
<meta>
	<time>04-09-2018 09:53:26</time>
	<source>curated_db.meme</source>
	<comment>meme2psam.py</comment>
	<nsites>1000</nsites>
	<e-value>0.0</e-value>
</meta>

<directionality>forward</directionality>
<psam_length>14</psam_length>
<optimal_sequence>GAGAACCGAAACTG</optimal_sequence>

<psam>
# A            C            G            T             # no. opt  
# +============+============+============+============ # ==+===+==
  0.516129     0.709677     1            0.703812      #   1   G  
  1            0.197211     0.474104     0.318725      #   2   A  
  0.900407     0.0487805    1            0.0833333     #   3   G  
  1            0.0315375    0.115637     0.166886      #   4   A  
  1            0.0397516    0.0285714    0.173913      #   5   A  
  0.962382     1            0.329154     0.84326       #   6   C  
  0.0952381    1            0.890269     0.0848861     #   7   C  
  0.0572973    0.0162162    1            0.00756757    #   8   G  
  1            0.122785     0.121519     0.0177215     #   9   A  
  1            0.0282686    0.0129564    0.136631      #  10   A  
  1            0.0563698    0.00676437   0.0608794     #  11   A  
  0.0643501    1            0.159588     0.0630631     #  12   C  
  0.241546     0.956522     0.217391     1             #  13   T  
  0.698068     0.364734     1            0.352657      #  14   G  
</psam>
</matrix_reduce>
