<?xml version="1.0" encoding="ISO-8859-1"?>
<matrix_reduce>
<meta>
	<time>04-09-2018 09:53:26</time>
	<source>curated_db.meme</source>
	<comment>meme2psam.py</comment>
	<nsites>44</nsites>
	<e-value>0.0</e-value>
</meta>

<directionality>forward</directionality>
<psam_length>17</psam_length>
<optimal_sequence>GGAAAGCGAAACTGAAA</optimal_sequence>

<psam>
# A            C            G            T             # no. opt  
# +============+============+============+============ # ==+===+==
  0.206897     0.206897     1            0.103448      #   1   G  
  0.344828     0.0689655    1            0.0689655     #   2   G  
  1            0            0.0769231    0             #   3   A  
  1            0            0            0             #   4   A  
  1            0            0.05         0.05          #   5   A  
  0.28         0.44         1            0             #   6   G  
  0.4          1            0.533333     0.866667      #   7   C  
  0.0810811    0            1            0             #   8   G  
  1            0            0            0             #   9   A  
  1            0            0            0             #  10   A  
  1            0.0487805    0            0             #  11   A  
  0.380952     1            0.52381      0.142857      #  12   C  
  0            0.933333     0.733333     1             #  13   T  
  0.684211     0.157895     1            0.368421      #  14   G  
  1            0.388889     0.777778     0.166667      #  15   A  
  1            0.136364     0.590909     0.181818      #  16   A  
  1            0.318182     0.318182     0.318182      #  17   A  
</psam>
</matrix_reduce>
