<?xml version="1.0" encoding="ISO-8859-1"?>
<matrix_reduce>
<meta>
	<time>04-09-2018 09:53:26</time>
	<source>curated_db.meme</source>
	<comment>meme2psam.py</comment>
	<nsites>1000</nsites>
	<e-value>0.0</e-value>
</meta>

<directionality>forward</directionality>
<psam_length>12</psam_length>
<optimal_sequence>TTACATGACATG</optimal_sequence>

<psam>
# A            C            G            T             # no. opt  
# +============+============+============+============ # ==+===+==
  0.610224     0.607029     0.977636     1             #   1   T  
  0.925837     0.0837321    0.382775     1             #   2   T  
  1            0.0231533    0.0562293    0.0231533     #   3   A  
  0.0415755    1            0.0229759    0.0295405     #   4   C  
  1            0.0195652    0.048913     0.0184783     #   5   A  
  0.145683     0.606115     0.0467626    1             #   6   T  
  0.428099     0.0347107    1            0.190083      #   7   G  
  1            0.0381406    0.0667461    0.0870083     #   8   A  
  0.0944584    1            0.0428212    0.120907      #   9   C  
  1            0.0539153    0.102696     0.127086      #  10   A  
  0.785714     0.47619      0.119048     1             #  11   T  
  0.326446     0.446281     1            0.291322      #  12   G  
</psam>
</matrix_reduce>
