<?xml version="1.0" encoding="ISO-8859-1"?>
<matrix_reduce>
<meta>
	<time>04-09-2018 09:53:26</time>
	<source>curated_db.meme</source>
	<comment>meme2psam.py</comment>
	<nsites>100</nsites>
	<e-value>0.0</e-value>
</meta>

<directionality>forward</directionality>
<psam_length>17</psam_length>
<optimal_sequence>TAAATACATGTAAAATT</optimal_sequence>

<psam>
# A            C            G            T             # no. opt  
# +============+============+============+============ # ==+===+==
  0.906977     0.186047     0.232558     1             #   1   T  
  1            0.276596     0.276596     0.574468      #   2   A  
  1            0.40625      0.8125       0.875         #   3   A  
  1            0.341463     0.609756     0.487805      #   4   A  
  0.297297     0.0135135    0.0405405    1             #   5   T  
  1            0.0105263    0.0105263    0.0315789     #   6   A  
  0            1            0.0103093    0.0206186     #   7   C  
  1            0            0.0104167    0.03125       #   8   A  
  0.03125      0.0104167    0            1             #   9   T  
  0.0103093    0.0103093    1            0.0103093     #  10   G  
  0.0315789    0.0105263    0.0105263    1             #  11   T  
  1            0.0405405    0.0135135    0.297297      #  12   A  
  1            0.425        0.525        0.55          #  13   A  
  1            0.633333     0.933333     0.733333      #  14   A  
  1            0.275        0.3          0.925         #  15   A  
  0.514286     0.571429     0.771429     1             #  16   T  
  0.723404     0.234043     0.170213     1             #  17   T  
</psam>
</matrix_reduce>
