<?xml version="1.0" encoding="ISO-8859-1"?>
<matrix_reduce>
<meta>
	<time>04-09-2018 09:53:26</time>
	<source>curated_db.meme</source>
	<comment>meme2psam.py</comment>
	<nsites>100</nsites>
	<e-value>0.0</e-value>
</meta>

<directionality>forward</directionality>
<psam_length>17</psam_length>
<optimal_sequence>AAAATACATGTAATACT</optimal_sequence>

<psam>
# A            C            G            T             # no. opt  
# +============+============+============+============ # ==+===+==
  1            0.243243     0.567568     0.891892      #   1   A  
  1            0.484848     0.848485     0.69697       #   2   A  
  1            0.678571     0.821429     1             #   3   A  
  1            0.733333     0.866667     0.733333      #   4   A  
  0.305556     0.0138889    0.0694444    1             #   5   T  
  1            0.0106383    0.0106383    0.0425532     #   6   A  
  0            1            0.0102041    0.0102041     #   7   C  
  1            0            0.0217391    0.0652174     #   8   A  
  0.0652174    0.0217391    0            1             #   9   T  
  0.0102041    0.0102041    1            0             #  10   G  
  0.0425532    0.0106383    0.0106383    1             #  11   T  
  1            0.0694444    0.0138889    0.305556      #  12   A  
  1            0.511111     0.377778     0.333333      #  13   A  
  0.704545     0.159091     0.409091     1             #  14   T  
  1            0.134615     0.211538     0.576923      #  15   A  
  0.487179     1            0.333333     0.717949      #  16   C  
  0.7          0.325        0.475        1             #  17   T  
</psam>
</matrix_reduce>
