<?xml version="1.0" encoding="ISO-8859-1"?>
<matrix_reduce>
<meta>
	<time>04-09-2018 09:53:26</time>
	<source>curated_db.meme</source>
	<comment>meme2psam.py</comment>
	<nsites>100</nsites>
	<e-value>0.0</e-value>
</meta>

<directionality>forward</directionality>
<psam_length>17</psam_length>
<optimal_sequence>AATATACATGTAATATA</optimal_sequence>

<psam>
# A            C            G            T             # no. opt  
# +============+============+============+============ # ==+===+==
  1            0.275        0.4          0.825         #   1   A  
  1            0.342105     0.631579     0.657895      #   2   A  
  0.84375      0.46875      0.8125       1             #   3   T  
  1            0.857143     0.857143     0.857143      #   4   A  
  0.297297     0.0135135    0.0405405    1             #   5   T  
  1            0.0105263    0.0105263    0.0315789     #   6   A  
  0.0103093    1            0            0.0206186     #   7   C  
  1            0            0.0105263    0.0421053     #   8   A  
  0.0421053    0.0105263    0            1             #   9   T  
  0.0206186    0            1            0.0103093     #  10   G  
  0.0208333    0.0104167    0.0104167    1             #  11   T  
  1            0.0405405    0.0135135    0.297297      #  12   A  
  1            0.444444     0.444444     0.333333      #  13   A  
  0.5625       0.1875       0.333333     1             #  14   T  
  1            0.268293     0.365854     0.804878      #  15   A  
  0.461538     0.692308     0.410256     1             #  16   T  
  1            0.361111     0.444444     0.972222      #  17   A  
</psam>
</matrix_reduce>
