<?xml version="1.0" encoding="ISO-8859-1"?>
<matrix_reduce>
<meta>
	<time>04-09-2018 09:53:26</time>
	<source>curated_db.meme</source>
	<comment>meme2psam.py</comment>
	<nsites>1000</nsites>
	<e-value>0.0</e-value>
</meta>

<directionality>forward</directionality>
<psam_length>12</psam_length>
<optimal_sequence>CTACATGACAAA</optimal_sequence>

<psam>
# A            C            G            T             # no. opt  
# +============+============+============+============ # ==+===+==
  0.0315399    1            0.0482375    0.769944      #   1   C  
  0.629981     0.0132827    0.254269     1             #   2   T  
  1            0            0.00301508   0.00100503    #   3   A  
  0            1            0            0.00603622    #   4   C  
  1            0            0            0             #   5   A  
  0.0588235    0.239216     0.00915033   1             #   6   T  
  0.177262     0.0110024    1            0.0342298     #   7   G  
  1            0.0251196    0.0454545    0.12201       #   8   A  
  0.685874     1            0.0371747    0.135688      #   9   C  
  1            0.0435754    0.0111732    0.0614525     #  10   A  
  1            0.169154     0.0315091    0.452736      #  11   A  
  1            0.0622155    0.0333839    0.421851      #  12   A  
</psam>
</matrix_reduce>
