<?xml version="1.0" encoding="ISO-8859-1"?>
<matrix_reduce>
<meta>
	<time>04-09-2018 09:53:26</time>
	<source>curated_db.meme</source>
	<comment>meme2psam.py</comment>
	<nsites>13</nsites>
	<e-value>0.0</e-value>
</meta>

<directionality>forward</directionality>
<psam_length>7</psam_length>
<optimal_sequence>GTTAATG</optimal_sequence>

<psam>
# A            C            G            T             # no. opt  
# +============+============+============+============ # ==+===+==
  0            0.714286     1            0             #   1   G  
  0            0.8          0.2          1             #   2   T  
  0            0            0            1             #   3   T  
  1            0            0            0             #   4   A  
  1            0            0            0             #   5   A  
  0            0            0            1             #   6   T  
  0.5          0            1            0             #   7   G  
</psam>
</matrix_reduce>
