<?xml version="1.0" encoding="ISO-8859-1"?>
<matrix_reduce>
<meta>
	<time>04-09-2018 09:53:26</time>
	<source>curated_db.meme</source>
	<comment>meme2psam.py</comment>
	<nsites>1000</nsites>
	<e-value>0.0</e-value>
</meta>

<directionality>forward</directionality>
<psam_length>8</psam_length>
<optimal_sequence>CTAATTAA</optimal_sequence>

<psam>
# A            C            G            T             # no. opt  
# +============+============+============+============ # ==+===+==
  0.368421     1            0.421053     0.602871      #   1   C  
  0.00782779   0.945205     0            1             #   2   T  
  1            0.0228216    0.00207469   0.0114108     #   3   A  
  1            0.0070922    0            0.00405268    #   4   A  
  0            0            0            1             #   5   T  
  0            0            0.0111223    1             #   6   T  
  1            0            0            0.0235415     #   7   A  
  1            0.399464     0.914209     0.367292      #   8   A  
</psam>
</matrix_reduce>
