<?xml version="1.0" encoding="ISO-8859-1"?>
<matrix_reduce>
<meta>
	<time>04-09-2018 09:53:26</time>
	<source>curated_db.meme</source>
	<comment>meme2psam.py</comment>
	<nsites>1000</nsites>
	<e-value>0.0</e-value>
</meta>

<directionality>forward</directionality>
<psam_length>8</psam_length>
<optimal_sequence>CCAATTAA</optimal_sequence>

<psam>
# A            C            G            T             # no. opt  
# +============+============+============+============ # ==+===+==
  0.209804     1            0.298039     0.452941      #   1   C  
  0.0791897    1            0.0257827    0.736648      #   2   C  
  1            0.0458015    0.0152672    0.0294438     #   3   A  
  1            0.00911854   0            0.00405268    #   4   A  
  0            0            0            1             #   5   T  
  0.0200846    0.0243129    0.012685     1             #   6   T  
  1            0.00734523   0.00314795   0.0388248     #   7   A  
  1            0.546667     0.757333     0.362667      #   8   A  
</psam>
</matrix_reduce>
