<?xml version="1.0" encoding="ISO-8859-1"?>
<matrix_reduce>
<meta>
	<time>04-09-2018 09:53:26</time>
	<source>curated_db.meme</source>
	<comment>meme2psam.py</comment>
	<nsites>1000</nsites>
	<e-value>0.0</e-value>
</meta>

<directionality>forward</directionality>
<psam_length>13</psam_length>
<optimal_sequence>TTAATCTAATTAA</optimal_sequence>

<psam>
# A            C            G            T             # no. opt  
# +============+============+============+============ # ==+===+==
  0.392593     0.65679      0.419753     1             #   1   T  
  0.0307203    0.0148305    0.0137712    1             #   2   T  
  1            0.00886918   0.0310421    0.0687361     #   3   A  
  1            0.027957     0.0397849    0.00752688    #   4   A  
  0.0817121    0.128405     0.0869001    1             #   5   T  
  0.00941915   1            0.0926217    0.466248      #   6   C  
  0.00494438   0.15822      0.0729295    1             #   7   T  
  1            0.00404858   0.00506073   0.00202429    #   8   A  
  1            0.00402414   0.00201207   0             #   9   A  
  0            0.00401606   0            1             #  10   T  
  0.00201207   0.00100604   0.00301811   1             #  11   T  
  1            0.0010395    0.0176715    0.0197505     #  12   A  
  1            0.447644     0.769634     0.400524      #  13   A  
</psam>
</matrix_reduce>
