<?xml version="1.0" encoding="ISO-8859-1"?>
<matrix_reduce>
<meta>
	<time>04-09-2018 09:53:26</time>
	<source>curated_db.meme</source>
	<comment>meme2psam.py</comment>
	<nsites>100</nsites>
	<e-value>0.0</e-value>
</meta>

<directionality>forward</directionality>
<psam_length>16</psam_length>
<optimal_sequence>ACTCCTAATTAGTCGT</optimal_sequence>

<psam>
# A            C            G            T             # no. opt  
# +============+============+============+============ # ==+===+==
  1            0.764706     0.352941     0.823529      #   1   A  
  0.870968     1            0.709677     0.645161      #   2   C  
  0.625        0.875        0.625        1             #   3   T  
  0.967742     1            0.870968     0.387097      #   4   C  
  0.0465116    1            0.0116279    0.104651      #   5   C  
  0            0.639344     0            1             #   6   T  
  1            0.010101     0            0             #   7   A  
  1            0            0            0.010101      #   8   A  
  0.010101     0            0            1             #   9   T  
  0.0102041    0            0.0102041    1             #  10   T  
  1            0            0.65         0.0166667     #  11   A  
  0.0930233    0.0116279    1            0.0581395     #  12   G  
  0.352941     0.617647     0.970588     1             #  13   T  
  0.466667     1            0.933333     0.933333      #  14   C  
  0.340426     0.468085     1            0.319149      #  15   G  
  0.780488     0.243902     0.414634     1             #  16   T  
</psam>
</matrix_reduce>
