<?xml version="1.0" encoding="ISO-8859-1"?>
<matrix_reduce>
<meta>
	<time>04-09-2018 09:53:26</time>
	<source>curated_db.meme</source>
	<comment>meme2psam.py</comment>
	<nsites>16992</nsites>
	<e-value>0.0</e-value>
</meta>

<directionality>forward</directionality>
<psam_length>11</psam_length>
<optimal_sequence>GGATGACTCAT</optimal_sequence>

<psam>
# A            C            G            T             # no. opt  
# +============+============+============+============ # ==+===+==
  0.602541     0.562427     1            0.674745      #   1   G  
  0.599929     0.125445     1            0.291004      #   2   G  
  1            0.0692987    0.9573       0             #   3   A  
  0            0            0            1             #   4   T  
  0            0            1            0             #   5   G  
  1            0            0            0             #   6   A  
  0            1            0.637147     0.0863258     #   7   C  
  0            0            0            1             #   8   T  
  0.0797534    1            0            0             #   9   C  
  1            0            0            0             #  10   A  
  0.102564     0.412625     0.852425     1             #  11   T  
</psam>
</matrix_reduce>
