<?xml version="1.0" encoding="ISO-8859-1"?>
<matrix_reduce>
<meta>
	<time>04-09-2018 09:53:26</time>
	<source>curated_db.meme</source>
	<comment>meme2psam.py</comment>
	<nsites>59</nsites>
	<e-value>0.0</e-value>
</meta>

<directionality>forward</directionality>
<psam_length>10</psam_length>
<optimal_sequence>GATGAGTCAT</optimal_sequence>

<psam>
# A            C            G            T             # no. opt  
# +============+============+============+============ # ==+===+==
  0.65         0.35         1            0.75          #   1   G  
  1            0.894737     0.789474     0.315789      #   2   A  
  0            0            0            1             #   3   T  
  0            0            1            0.145833      #   4   G  
  1            0.0208333    0            0.125         #   5   A  
  0            0            1            0.166667      #   6   G  
  0            0            0.0178571    1             #   7   T  
  0.0377358    1            0            0             #   8   C  
  1            0            0            0             #   9   A  
  0.217391     0.478261     0.826087     1             #  10   T  
</psam>
</matrix_reduce>
