<?xml version="1.0" encoding="ISO-8859-1"?>
<matrix_reduce>
<meta>
	<time>04-09-2018 09:53:26</time>
	<source>curated_db.meme</source>
	<comment>meme2psam.py</comment>
	<nsites>11</nsites>
	<e-value>0.0</e-value>
</meta>

<directionality>forward</directionality>
<psam_length>17</psam_length>
<optimal_sequence>GGCGGGGAGGTGGGGGG</optimal_sequence>

<psam>
# A            C            G            T             # no. opt  
# +============+============+============+============ # ==+===+==
  0.666667     0            1            0             #   1   G  
  0            1            1            0             #   2   G  
  0.5          1            0            0.25          #   3   C  
  0            0            1            1             #   4   G  
  0            0            1            0.125         #   5   G  
  0            0.111111     1            0             #   6   G  
  0            0.25         1            0             #   7   G  
  1            0            0.111111     0             #   8   A  
  0            0            1            0             #   9   G  
  0.5          0            1            0.5           #  10   G  
  0            0            0.285714     1             #  11   T  
  0            0            1            0.333333      #  12   G  
  0            0            1            0             #  13   G  
  0            0.142857     1            0             #  14   G  
  0            0            1            0.125         #  15   G  
  0            1            1            0             #  16   G  
  0            1            1            0             #  17   G  
</psam>
</matrix_reduce>
