<?xml version="1.0" encoding="ISO-8859-1"?>
<matrix_reduce>
<meta>
	<time>04-09-2018 09:53:26</time>
	<source>curated_db.meme</source>
	<comment>meme2psam.py</comment>
	<nsites>11</nsites>
	<e-value>0.0</e-value>
</meta>

<directionality>forward</directionality>
<psam_length>11</psam_length>
<optimal_sequence>CAGGGTGTGGC</optimal_sequence>

<psam>
# A            C            G            T             # no. opt  
# +============+============+============+============ # ==+===+==
  0.25         1            0.25         0.25          #   1   C  
  1            0            0.166667     0.333333      #   2   A  
  0            0            1            0             #   3   G  
  0            0            1            0             #   4   G  
  0            0            1            0             #   5   G  
  0            0            0            1             #   6   T  
  0            0            1            0             #   7   G  
  0            0            0.75         1             #   8   T  
  0            0            1            0             #   9   G  
  0            0            1            0             #  10   G  
  0.142857     1            0            0             #  11   C  
</psam>
</matrix_reduce>
