<?xml version="1.0" encoding="ISO-8859-1"?>
<matrix_reduce>
<meta>
	<time>04-09-2018 09:53:26</time>
	<source>curated_db.meme</source>
	<comment>meme2psam.py</comment>
	<nsites>1000</nsites>
	<e-value>0.0</e-value>
</meta>

<directionality>forward</directionality>
<psam_length>11</psam_length>
<optimal_sequence>GCCACGCCCCC</optimal_sequence>

<psam>
# A            C            G            T             # no. opt  
# +============+============+============+============ # ==+===+==
  0.412879     0.331439     1            0.149621      #   1   G  
  0.558725     1            0.0469799    0.0721477     #   2   C  
  0.0385439    1            0.00321199   0.0278373     #   3   C  
  1            0.401429     0.0271429    0             #   4   A  
  0.0414894    1            0.0106383    0.0117021     #   5   C  
  0.308333     0.106667     1            0.25          #   6   G  
  0.00502513   1            0            0             #   7   C  
  0.00100604   1            0.00503018   0             #   8   C  
  0.0096463    1            0.00214362   0.0600214     #   9   C  
  0.372688     1            0.0156472    0.0341394     #  10   C  
  0.0202276    1            0.0139064    0.230088      #  11   C  
</psam>
</matrix_reduce>
