<?xml version="1.0" encoding="ISO-8859-1"?>
<matrix_reduce>
<meta>
	<time>04-09-2018 09:53:26</time>
	<source>curated_db.meme</source>
	<comment>meme2psam.py</comment>
	<nsites>526</nsites>
	<e-value>0.0</e-value>
</meta>

<directionality>forward</directionality>
<psam_length>11</psam_length>
<optimal_sequence>GGCCACACCCA</optimal_sequence>

<psam>
# A            C            G            T             # no. opt  
# +============+============+============+============ # ==+===+==
  0.741294     0.378109     1            0.487562      #   1   G  
  0.544262     0.131148     1            0.0459016     #   2   G  
  0.166667     1            0.0808081    0.0757576     #   3   C  
  0.0281996    1            0            0.110629      #   4   C  
  1            0.292079     0            0.00990099    #   5   A  
  0            1            0            0             #   6   C  
  1            0            0.243108     0.0701754     #   7   A  
  0            1            0            0             #   8   C  
  0            1            0            0             #   9   C  
  0            1            0            0.035503      #  10   C  
  1            0.125448     0            0.756272      #  11   A  
</psam>
</matrix_reduce>
