<?xml version="1.0" encoding="ISO-8859-1"?>
<matrix_reduce>
<meta>
	<time>04-09-2018 09:53:26</time>
	<source>curated_db.meme</source>
	<comment>meme2psam.py</comment>
	<nsites>100</nsites>
	<e-value>0.0</e-value>
</meta>

<directionality>forward</directionality>
<psam_length>17</psam_length>
<optimal_sequence>TAAACTAATTAGCTTTG</optimal_sequence>

<psam>
# A            C            G            T             # no. opt  
# +============+============+============+============ # ==+===+==
  0.648649     0.27027      0.756757     1             #   1   T  
  1            0.45283      0.0943396    0.339623      #   2   A  
  1            0.414634     0.439024     0.585366      #   3   A  
  1            0.564103     0.589744     0.410256      #   4   A  
  0.112676     1            0.183099     0.112676      #   5   C  
  0.0126582    0.253165     0            1             #   6   T  
  1            0.0108696    0.076087     0             #   7   A  
  1            0            0.010101     0             #   8   A  
  0            0.010101     0            1             #   9   T  
  0            0.076087     0.0108696    1             #  10   T  
  1            0            0.253165     0.0126582     #  11   A  
  0.112676     0.183099     1            0.112676      #  12   G  
  0.214286     1            0.642857     0.52381       #  13   C  
  0.163636     0.2          0.454545     1             #  14   T  
  0.673913     0.195652     0.304348     1             #  15   T  
  0.0895522    0.119403     0.283582     1             #  16   T  
  0.327273     0.218182     1            0.272727      #  17   G  
</psam>
</matrix_reduce>
