<?xml version="1.0" encoding="ISO-8859-1"?>
<matrix_reduce>
<meta>
	<time>04-09-2018 09:53:26</time>
	<source>curated_db.meme</source>
	<comment>meme2psam.py</comment>
	<nsites>1000</nsites>
	<e-value>0.0</e-value>
</meta>

<directionality>forward</directionality>
<psam_length>8</psam_length>
<optimal_sequence>TTAATTAA</optimal_sequence>

<psam>
# A            C            G            T             # no. opt  
# +============+============+============+============ # ==+===+==
  0.36409      0.703242     0.426434     1             #   1   T  
  0.0737135    0.314325     0            1             #   2   T  
  1            0.147651     0.10604      0.0885906     #   3   A  
  1            0            0            0.0537408     #   4   A  
  0            0            0            1             #   5   T  
  0            0.153756     0.0199531    1             #   6   T  
  1            0.0140351    0.108772     0.0467836     #   7   A  
  1            0.34141      0.651982     0.209251      #   8   A  
</psam>
</matrix_reduce>
