<?xml version="1.0" encoding="ISO-8859-1"?>
<matrix_reduce>
<meta>
	<time>04-09-2018 09:53:26</time>
	<source>curated_db.meme</source>
	<comment>meme2psam.py</comment>
	<nsites>100</nsites>
	<e-value>0.0</e-value>
</meta>

<directionality>forward</directionality>
<psam_length>17</psam_length>
<optimal_sequence>CGAATTAATTAAATACT</optimal_sequence>

<psam>
# A            C            G            T             # no. opt  
# +============+============+============+============ # ==+===+==
  0.542857     1            0.857143     0.457143      #   1   C  
  0.806452     0.645161     1            0.774194      #   2   G  
  1            0.425532     0.297872     0.404255      #   3   A  
  1            0.0967742    0.322581     0.193548      #   4   A  
  0.0352941    0.117647     0.0235294    1             #   5   T  
  0.0108696    0.076087     0            1             #   6   T  
  1            0.0102041    0.0102041    0             #   7   A  
  1            0            0            0.0204082     #   8   A  
  0.010101     0            0            1             #   9   T  
  0            0.0102041    0.0102041    1             #  10   T  
  1            0            0.076087     0.0108696     #  11   A  
  1            0.0235294    0.117647     0.0352941     #  12   A  
  1            0.264151     0.132075     0.490566      #  13   A  
  0.576923     0.230769     0.115385     1             #  14   T  
  1            0.6          0.4          0.5           #  15   A  
  0.96875      1            0.46875      0.6875        #  16   C  
  0.219512     0.682927     0.512195     1             #  17   T  
</psam>
</matrix_reduce>
