<?xml version="1.0" encoding="ISO-8859-1"?>
<matrix_reduce>
<meta>
	<time>04-09-2018 09:53:26</time>
	<source>curated_db.meme</source>
	<comment>meme2psam.py</comment>
	<nsites>5988</nsites>
	<e-value>0.0</e-value>
</meta>

<directionality>forward</directionality>
<psam_length>12</psam_length>
<optimal_sequence>ACTATAAATAGA</optimal_sequence>

<psam>
# A            C            G            T             # no. opt  
# +============+============+============+============ # ==+===+==
  1            0.0512117    0.911751     0.774577      #   1   A  
  0.00474174   1            0            0.00897544    #   2   C  
  0.000503187  0.00369004   0            1             #   3   T  
  1            0.00133981   0.000334952  0.00100486    #   4   A  
  0.920732     0            0.000641849  1             #   5   T  
  1            0.000568613  0            0.134003      #   6   A  
  1            0            0.00017331   0.0372617     #   7   A  
  1            0.000338181  0.00016909   0.0118363     #   8   A  
  0            0            0            1             #   9   T  
  1            0            0.000668561  0             #  10   A  
  0.0583644    0.00283839   1            0.000709597   #  11   G  
  1            0.810229     0.0215343    0.182369      #  12   A  
</psam>
</matrix_reduce>
