<?xml version="1.0" encoding="ISO-8859-1"?>
<matrix_reduce>
<meta>
	<time>04-09-2018 09:53:26</time>
	<source>curated_db.meme</source>
	<comment>meme2psam.py</comment>
	<nsites>11</nsites>
	<e-value>0.0</e-value>
</meta>

<directionality>forward</directionality>
<psam_length>12</psam_length>
<optimal_sequence>GCTATTTTTAGC</optimal_sequence>

<psam>
# A            C            G            T             # no. opt  
# +============+============+============+============ # ==+===+==
  0.166667     0            1            0.166667      #   1   G  
  0            1            0            0             #   2   C  
  0            0            0            1             #   3   T  
  1            0            0            0             #   4   A  
  0            0            0            1             #   5   T  
  0.111111     0            0            1             #   6   T  
  0            0            0            1             #   7   T  
  0.428571     0            0            1             #   8   T  
  0            0            0            1             #   9   T  
  1            0            0            0             #  10   A  
  0            0            1            0.285714      #  11   G  
  0.666667     1            0.666667     0             #  12   C  
</psam>
</matrix_reduce>
