<?xml version="1.0" encoding="ISO-8859-1"?>
<matrix_reduce>
<meta>
	<time>04-09-2018 09:53:26</time>
	<source>curated_db.meme</source>
	<comment>meme2psam.py</comment>
	<nsites>2336</nsites>
	<e-value>0.0</e-value>
</meta>

<directionality>forward</directionality>
<psam_length>12</psam_length>
<optimal_sequence>TGACAGGTGTCA</optimal_sequence>

<psam>
# A            C            G            T             # no. opt  
# +============+============+============+============ # ==+===+==
  0.109284     0.0811671    0.0477454    1             #   1   T  
  0.0342531    0.0513796    1            0.0247383     #   2   G  
  1            0.017163     0.071681     0.0898536     #   3   A  
  0.0307549    1            0.0167754    0.0400746     #   4   C  
  1            0.00585059   0.0387039    0.00585059    #   5   A  
  0.0570621    0.020904     1            0.241243      #   6   G  
  0.154484     0.556895     1            0.0474755     #   7   G  
  0.0230697    0.0588512    0.0169492    1             #   8   T  
  0.0526059    0.0433512    1            0.0409157     #   9   G  
  0.238326     0.119466     0.0576107    1             #  10   T  
  0.0516166    1            0.208735     0.0640953     #  11   C  
  1            0.0989209    0.140288     0.160671      #  12   A  
</psam>
</matrix_reduce>
