<?xml version="1.0" encoding="ISO-8859-1"?>
<matrix_reduce>
<meta>
	<time>04-09-2018 09:53:26</time>
	<source>curated_db.meme</source>
	<comment>meme2psam.py</comment>
	<nsites>11887</nsites>
	<e-value>0.0</e-value>
</meta>

<directionality>forward</directionality>
<psam_length>7</psam_length>
<optimal_sequence>TTGACAG</optimal_sequence>

<psam>
# A            C            G            T             # no. opt  
# +============+============+============+============ # ==+===+==
  0.767791     0.553835     0.424445     1             #   1   T  
  0.0968725    0.0492722    0.0227183    1             #   2   T  
  0            0            1            0             #   3   G  
  1            0            0            0             #   4   A  
  0            1            0            0.00176991    #   5   C  
  1            0.00282566   0.0765753    0.0401243     #   6   A  
  0.360992     0.336547     1            0.348253      #   7   G  
</psam>
</matrix_reduce>
