<?xml version="1.0" encoding="ISO-8859-1"?>
<matrix_reduce>
<meta>
	<time>04-09-2018 09:53:26</time>
	<source>curated_db.meme</source>
	<comment>meme2psam.py</comment>
	<nsites>100</nsites>
	<e-value>0.0</e-value>
</meta>

<directionality>forward</directionality>
<psam_length>16</psam_length>
<optimal_sequence>AATTACCTGTCAATAC</optimal_sequence>

<psam>
# A            C            G            T             # no. opt  
# +============+============+============+============ # ==+===+==
  1            0.288889     0.311111     0.622222      #   1   A  
  1            0.101695     0.305085     0.288136      #   2   A  
  0.928571     0.75         0.892857     1             #   3   T  
  0.354839     0.903226     0.967742     1             #   4   T  
  1            0.025974     0.194805     0.0779221     #   5   A  
  0.0588235    1            0.823529     0.0784314     #   6   C  
  0.0574713    1            0.0229885    0.0689655     #   7   C  
  0            0.0309278    0            1             #   8   T  
  0.010101     0            1            0             #   9   G  
  0.03125      0.0104167    0            1             #  10   T  
  0            1            0            0.010101      #  11   C  
  1            0            0.0102041    0.0102041     #  12   A  
  1            0.09375      0.046875     0.421875      #  13   A  
  0.744186     0.302326     0.27907      1             #  14   T  
  1            0.627907     0.372093     0.325581      #  15   A  
  0.581395     1            0.348837     0.395349      #  16   C  
</psam>
</matrix_reduce>
