<?xml version="1.0" encoding="ISO-8859-1"?>
<matrix_reduce>
<meta>
	<time>04-09-2018 09:53:26</time>
	<source>curated_db.meme</source>
	<comment>meme2psam.py</comment>
	<nsites>8185</nsites>
	<e-value>0.0</e-value>
</meta>

<directionality>forward</directionality>
<psam_length>8</psam_length>
<optimal_sequence>TTGACAGG</optimal_sequence>

<psam>
# A            C            G            T             # no. opt  
# +============+============+============+============ # ==+===+==
  0.540589     0.0172501    0.518011     1             #   1   T  
  0.0648984    0.0533296    0.0362585    1             #   2   T  
  0            0.000733676  1            0             #   3   G  
  1            0.00275482   0.0634921    0.00734619    #   4   A  
  0.00730479   1            0.00100756   0.0222922     #   5   C  
  1            0.00106213   0.0651885    0.0201806     #   6   A  
  0.235771     0.263573     1            0.29225       #   7   G  
  0.332222     0.810852     1            0.337375      #   8   G  
</psam>
</matrix_reduce>
