<?xml version="1.0" encoding="ISO-8859-1"?>
<matrix_reduce>
<meta>
	<time>04-09-2018 09:53:26</time>
	<source>curated_db.meme</source>
	<comment>meme2psam.py</comment>
	<nsites>1748</nsites>
	<e-value>0.0</e-value>
</meta>

<directionality>forward</directionality>
<psam_length>14</psam_length>
<optimal_sequence>TTGACAGCTGTCAA</optimal_sequence>

<psam>
# A            C            G            T             # no. opt  
# +============+============+============+============ # ==+===+==
  0.848584     0            0.0533769    1             #   1   T  
  0.00114679   0            0.000573394  1             #   2   T  
  0.000573723  0            1            0.00114745    #   3   G  
  1            0            0            0             #   4   A  
  0            1            0            0.00287026    #   5   C  
  1            0.00172117   0.000573723  0             #   6   A  
  0            0            1            0             #   7   G  
  0            1            0.585701     0.015582      #   8   C  
  0            0            0            1             #   9   T  
  0.00172513   0.00230017   1            0             #  10   G  
  0.0116009    0.00174014   0            1             #  11   T  
  0            1            0            0.000572738   #  12   C  
  1            0            0.0737554    0             #  13   A  
  1            0.426995     0            0.0551783     #  14   A  
</psam>
</matrix_reduce>
