<?xml version="1.0" encoding="ISO-8859-1"?>
<matrix_reduce>
<meta>
	<time>04-09-2018 09:53:26</time>
	<source>curated_db.meme</source>
	<comment>meme2psam.py</comment>
	<nsites>15834</nsites>
	<e-value>0.0</e-value>
</meta>

<directionality>forward</directionality>
<psam_length>12</psam_length>
<optimal_sequence>TGACAGGTGTCA</optimal_sequence>

<psam>
# A            C            G            T             # no. opt  
# +============+============+============+============ # ==+===+==
  0.0434576    0.0275435    0.00571273   1             #   1   T  
  0.00299157   0.0717297    1            0.00169976    #   2   G  
  1            0.00555903   0.0302967    0.0642068     #   3   A  
  0.00478787   1            0.0305227    0.017489      #   4   C  
  1            0.00198705   0.0110249    0.00185886    #   5   A  
  0.0869842    0.0062018    1            0.16554       #   6   G  
  0.0540667    0.759264     1            0.0315777     #   7   G  
  0.00341825   0.0114802    0.00625605   1             #   8   T  
  0.0156831    0.00757576   1            0.028841      #   9   G  
  0.0947781    0.0417605    0.0133634    1             #  10   T  
  0.00352237   1            0.0965129    0.0153575     #  11   C  
  1            0.0254864    0.0631058    0.0480293     #  12   A  
</psam>
</matrix_reduce>
