<?xml version="1.0" encoding="ISO-8859-1"?>
<matrix_reduce>
<meta>
	<time>04-09-2018 09:53:26</time>
	<source>curated_db.meme</source>
	<comment>meme2psam.py</comment>
	<nsites>4055</nsites>
	<e-value>0.0</e-value>
</meta>

<directionality>forward</directionality>
<psam_length>12</psam_length>
<optimal_sequence>TGACAGGTGTCA</optimal_sequence>

<psam>
# A            C            G            T             # no. opt  
# +============+============+============+============ # ==+===+==
  0.0897549    0.0628875    0.0439917    1             #   1   T  
  0.0129664    0.0484255    1            0.0111141     #   2   G  
  1            0.0125401    0.0734908    0.0956547     #   3   A  
  0.0176349    1            0.0108921    0.0228216     #   4   C  
  1            0.0036036    0.0316602    0.00797941    #   5   A  
  0.059183     0.0170473    1            0.227726      #   6   G  
  0.0982941    0.521527     1            0.0264013     #   7   G  
  0.0064119    0.0294947    0.00359066   1             #   8   T  
  0.033029     0.019334     1            0.0359828     #   9   G  
  0.2452       0.0919502    0.0279555    1             #  10   T  
  0.0202254    1            0.119041     0.0317827     #  11   C  
  1            0.0528267    0.098548     0.100711      #  12   A  
</psam>
</matrix_reduce>
