<?xml version="1.0" encoding="ISO-8859-1"?>
<matrix_reduce>
<meta>
	<time>04-09-2018 09:53:26</time>
	<source>curated_db.meme</source>
	<comment>meme2psam.py</comment>
	<nsites>100</nsites>
	<e-value>0.0</e-value>
</meta>

<directionality>forward</directionality>
<psam_length>16</psam_length>
<optimal_sequence>AAGGACCTGTCAATAC</optimal_sequence>

<psam>
# A            C            G            T             # no. opt  
# +============+============+============+============ # ==+===+==
  1            0.394737     0.263158     0.973684      #   1   A  
  1            0.176471     0.352941     0.431373      #   2   A  
  1            0.821429     1            0.75          #   3   G  
  0.194444     0.944444     1            0.638889      #   4   G  
  1            0.0108696    0.0434783    0.0326087     #   5   A  
  0.0363636    1            0.763636     0.0181818     #   6   C  
  0.0208333    1            0.0104167    0.0104167     #   7   C  
  0            0.0204082    0            1             #   8   T  
  0.0102041    0            1            0.0102041     #   9   G  
  0.0416667    0            0            1             #  10   T  
  0            1            0            0.010101      #  11   C  
  1            0            0.010101     0             #  12   A  
  1            0.0555556    0.0277778    0.305556      #  13   A  
  0.673469     0.163265     0.204082     1             #  14   T  
  1            0.425532     0.319149     0.382979      #  15   A  
  0.636364     1            0.636364     0.757576      #  16   C  
</psam>
</matrix_reduce>
