<?xml version="1.0" encoding="ISO-8859-1"?>
<matrix_reduce>
<meta>
	<time>04-09-2018 09:53:26</time>
	<source>curated_db.meme</source>
	<comment>meme2psam.py</comment>
	<nsites>461</nsites>
	<e-value>0.0</e-value>
</meta>

<directionality>forward</directionality>
<psam_length>13</psam_length>
<optimal_sequence>TTGACAGCTGTCA</optimal_sequence>

<psam>
# A            C            G            T             # no. opt  
# +============+============+============+============ # ==+===+==
  0.361111     0.242063     0.218254     1             #   1   T  
  0            0            0            1             #   2   T  
  0            0            1            0             #   3   G  
  1            0            0            0.142145      #   4   A  
  0            1            0            0             #   5   C  
  1            0            0            0             #   6   A  
  0.0274725    0.153846     1            0.0796703     #   7   G  
  0.210526     1            0.642105     0.563158      #   8   C  
  0            0.0132743    0            1             #   9   T  
  0.0159744    0.0159744    1            0.4377        #  10   G  
  0.0269542    0.0242588    0.188679     1             #  11   T  
  0.0933852    1            0.307393     0.392996      #  12   C  
  1            0.75         0.240385     0.216346      #  13   A  
</psam>
</matrix_reduce>
