<?xml version="1.0" encoding="ISO-8859-1"?>
<matrix_reduce>
<meta>
	<time>04-09-2018 09:53:26</time>
	<source>curated_db.meme</source>
	<comment>meme2psam.py</comment>
	<nsites>1560</nsites>
	<e-value>0.0</e-value>
</meta>

<directionality>forward</directionality>
<psam_length>8</psam_length>
<optimal_sequence>TTGACAGC</optimal_sequence>

<psam>
# A            C            G            T             # no. opt  
# +============+============+============+============ # ==+===+==
  0.301887     0.195339     0.231964     1             #   1   T  
  0.0223275    0.00202977   0.0290934    1             #   2   T  
  0            0            1            0             #   3   G  
  1            0.00205198   0.0184679    0.0458276     #   4   A  
  0.00647668   1            0            0.00323834    #   5   C  
  1            0.0051713    0.00258565   0             #   6   A  
  0.060698     0.0720789    1            0.0493171     #   7   G  
  0.223358     1            0.927007     0.125547      #   8   C  
</psam>
</matrix_reduce>
