<?xml version="1.0" encoding="ISO-8859-1"?>
<matrix_reduce>
<meta>
	<time>04-09-2018 09:53:26</time>
	<source>curated_db.meme</source>
	<comment>meme2psam.py</comment>
	<nsites>5296</nsites>
	<e-value>0.0</e-value>
</meta>

<directionality>forward</directionality>
<psam_length>7</psam_length>
<optimal_sequence>TTGACAG</optimal_sequence>

<psam>
# A            C            G            T             # no. opt  
# +============+============+============+============ # ==+===+==
  0.655364     0.562247     0.461538     1             #   1   T  
  0.0928291    0.109774     0.0974951    1             #   2   T  
  0            0            1            0             #   3   G  
  1            0.0918155    0.00810137   0             #   4   A  
  0            1            0.00895579   0             #   5   C  
  1            0            0.139119     0.0154819     #   6   A  
  0.336009     0.363914     1            0.324159      #   7   G  
</psam>
</matrix_reduce>
