<?xml version="1.0" encoding="ISO-8859-1"?>
<matrix_reduce>
<meta>
	<time>04-09-2018 09:53:26</time>
	<source>curated_db.meme</source>
	<comment>meme2psam.py</comment>
	<nsites>1000</nsites>
	<e-value>0.0</e-value>
</meta>

<directionality>forward</directionality>
<psam_length>10</psam_length>
<optimal_sequence>AGTAATTAAC</optimal_sequence>

<psam>
# A            C            G            T             # no. opt  
# +============+============+============+============ # ==+===+==
  1            0.473373     0.846154     0.639053      #   1   A  
  0.218        0.598        1            0.184         #   2   G  
  0.0598179    0.210663     0.0260078    1             #   3   T  
  1            0.375385     0.126154     0.0369231     #   4   A  
  1            0.0330138    0.0117146    0.0202343     #   5   A  
  0.00303644   0.00202429   0.00708502   1             #   6   T  
  0.0482655    0.251885     0.208145     1             #   7   T  
  1            0.0147601    0.170972     0.0430504     #   8   A  
  1            0.349876     0.424318     0.707196      #   9   A  
  0.820598     1            0.79402      0.707641      #  10   C  
</psam>
</matrix_reduce>
