<?xml version="1.0" encoding="ISO-8859-1"?>
<matrix_reduce>
<meta>
	<time>04-09-2018 09:53:26</time>
	<source>curated_db.meme</source>
	<comment>meme2psam.py</comment>
	<nsites>1000</nsites>
	<e-value>0.0</e-value>
</meta>

<directionality>forward</directionality>
<psam_length>14</psam_length>
<optimal_sequence>CTAATCATCATTAA</optimal_sequence>

<psam>
# A            C            G            T             # no. opt  
# +============+============+============+============ # ==+===+==
  0.491525     1            0.920904     0.412429      #   1   C  
  0.0556242    0.163164     0.013597     1             #   2   T  
  1            0.756957     0.0278293    0.0705009     #   3   A  
  1            0.00406918   0.00915565   0.00406918    #   4   A  
  0.0050813    0.00304878   0.00813008   1             #   5   T  
  0.0354523    1            0.0134474    0.173594      #   6   C  
  1            0.00506073   0.00607287   0.00101215    #   7   A  
  0.00203252   0.0121951    0.00203252   1             #   8   T  
  0.251269     1            0            0.0139594     #   9   C  
  1            0.00102775   0.0195272    0.0061665     #  10   A  
  0.00916497   0.00305499   0.00305499   1             #  11   T  
  0.0383663    0.195545     0.00371287   1             #  12   T  
  1            0.0153005    0.0295082    0.0469945     #  13   A  
  1            0.255656     0.466063     0.540724      #  14   A  
</psam>
</matrix_reduce>
