<?xml version="1.0" encoding="ISO-8859-1"?>
<matrix_reduce>
<meta>
	<time>04-09-2018 09:53:26</time>
	<source>curated_db.meme</source>
	<comment>meme2psam.py</comment>
	<nsites>1000</nsites>
	<e-value>0.0</e-value>
</meta>

<directionality>forward</directionality>
<psam_length>17</psam_length>
<optimal_sequence>TTAATTACGGTAATTAC</optimal_sequence>

<psam>
# A            C            G            T             # no. opt  
# +============+============+============+============ # ==+===+==
  0.419598     0.444724     0.648241     1             #   1   T  
  0.0266821    0.11949      0.0139211    1             #   2   T  
  1            0.0687898    0.184713     0.0203822     #   3   A  
  1            0.0103842    0.0176532    0.0103842     #   4   A  
  0.00621118   0.00621118   0.0217391    1             #   5   T  
  0.0234483    0.0551724    0.30069      1             #   6   T  
  1            0.00351288   0.139344     0.0245902     #   7   A  
  0.37069      1            0.467672     0.31681       #   8   C  
  0.406542     0.647196     1            0.275701      #   9   G  
  0.366093     0.702703     1            0.385749      #  10   G  
  0.0315421    0.121495     0.0116822    1             #  11   T  
  1            0.201299     0.0779221    0.0155844     #  12   A  
  1            0.0330138    0.0212993    0.0106496     #  13   A  
  0.00721649   0.00721649   0.0154639    1             #  14   T  
  0.0227577    0.156627     0.159304     1             #  15   T  
  1            0.00705053   0.135135     0.0329025     #  16   A  
  0.871642     1            0.8          0.313433      #  17   C  
</psam>
</matrix_reduce>
