<?xml version="1.0" encoding="ISO-8859-1"?>
<matrix_reduce>
<meta>
	<time>04-09-2018 09:53:26</time>
	<source>curated_db.meme</source>
	<comment>meme2psam.py</comment>
	<nsites>1000</nsites>
	<e-value>0.0</e-value>
</meta>

<directionality>forward</directionality>
<psam_length>8</psam_length>
<optimal_sequence>GTAATTAC</optimal_sequence>

<psam>
# A            C            G            T             # no. opt  
# +============+============+============+============ # ==+===+==
  0.716216     0.692568     1            0.959459      #   1   G  
  0.0285006    0.16109      0.0458488    1             #   2   T  
  1            0            0.116279     0.044186      #   3   A  
  1            0.0142712    0            0.00509684    #   4   A  
  0            0.0498938    0.0106157    1             #   5   T  
  0.00810373   0.0907618    0.517018     1             #   6   T  
  1            0.00618812   0.17698      0.0544554     #   7   A  
  0.760383     1            0.795527     0.635783      #   8   C  
</psam>
</matrix_reduce>
