<?xml version="1.0" encoding="ISO-8859-1"?>
<matrix_reduce>
<meta>
	<time>04-09-2018 09:53:26</time>
	<source>curated_db.meme</source>
	<comment>meme2psam.py</comment>
	<nsites>1829</nsites>
	<e-value>0.0</e-value>
</meta>

<directionality>forward</directionality>
<psam_length>18</psam_length>
<optimal_sequence>AGGTGTGAAGTCACACCT</optimal_sequence>

<psam>
# A            C            G            T             # no. opt  
# +============+============+============+============ # ==+===+==
  1            0.00907323   0.127025     0.0486066     #   1   A  
  0.112772     0.0699728    1            0.0584239     #   2   G  
  0            0.00605727   1            0             #   3   G  
  0            0.0974143    0.000601323  1             #   4   T  
  0            0            1            0             #   5   G  
  0.0415879    0.10523      0.00441084   1             #   6   T  
  0.0377814    0.0337621    1            0.396302      #   7   G  
  1            0.00110803   0.0099723    0.00110803    #   8   A  
  1            0.877583     0.295707     0.73132       #   9   A  
  0.890845     0.367958     1            0.957746      #  10   G  
  0.00274424   0.000548847  0            1             #  11   T  
  0.558824     1            0.0187166    0.0499109     #  12   C  
  1            0.00972644   0.0699088    0.031003      #  13   A  
  0            1            0            0             #  14   C  
  1            0.000582072  0.0634459    0             #  15   A  
  0.000551572  1            0.00661886   0.000551572   #  16   C  
  0.0194553    1            0.158755     0.242802      #  17   C  
  0.0699931    0.184338     0.012474     1             #  18   T  
</psam>
</matrix_reduce>
