<?xml version="1.0" encoding="ISO-8859-1"?>
<matrix_reduce>
<meta>
	<time>04-09-2018 09:53:26</time>
	<source>curated_db.meme</source>
	<comment>meme2psam.py</comment>
	<nsites>1000</nsites>
	<e-value>0.0</e-value>
</meta>

<directionality>forward</directionality>
<psam_length>10</psam_length>
<optimal_sequence>AACAGCTGTT</optimal_sequence>

<psam>
# A            C            G            T             # no. opt  
# +============+============+============+============ # ==+===+==
  1            0            0.260218     0.100817      #   1   A  
  1            0.174178     0.043849     0             #   2   A  
  0            1            0.0433862    0.0148148     #   3   C  
  1            0            0            0             #   4   A  
  0            0.173709     1            0             #   5   G  
  0            1            0.0438413    0             #   6   C  
  0            0            0            1             #   7   T  
  0            0            1            0.0582011     #   8   G  
  0.0436409    0.144638     0.0586035    1             #   9   T  
  0            0.130797     0.058264     1             #  10   T  
</psam>
</matrix_reduce>
