<?xml version="1.0" encoding="ISO-8859-1"?>
<matrix_reduce>
<meta>
	<time>04-09-2018 09:53:26</time>
	<source>curated_db.meme</source>
	<comment>meme2psam.py</comment>
	<nsites>54</nsites>
	<e-value>0.0</e-value>
</meta>

<directionality>forward</directionality>
<psam_length>7</psam_length>
<optimal_sequence>CAGTTGG</optimal_sequence>

<psam>
# A            C            G            T             # no. opt  
# +============+============+============+============ # ==+===+==
  0.06         1            0            0             #   1   C  
  1            0.46875      0.09375      0.03125       #   2   A  
  0            0            1            0             #   3   G  
  0            0            0            1             #   4   T  
  0            0            0            1             #   5   T  
  0.6          0.36         1            0.12          #   6   G  
  0.619048     0.333333     1            0.52381       #   7   G  
</psam>
</matrix_reduce>
