<?xml version="1.0" encoding="ISO-8859-1"?>
<matrix_reduce>
<meta>
	<time>04-09-2018 09:53:26</time>
	<source>curated_db.meme</source>
	<comment>meme2psam.py</comment>
	<nsites>1000</nsites>
	<e-value>0.0</e-value>
</meta>

<directionality>forward</directionality>
<psam_length>17</psam_length>
<optimal_sequence>ATGGAAACCGTTATTTT</optimal_sequence>

<psam>
# A            C            G            T             # no. opt  
# +============+============+============+============ # ==+===+==
  1            0.659574     0.531915     0.848024      #   1   A  
  0.419028     0.192308     0.412955     1             #   2   T  
  0.639769     0.429395     1            0.81268       #   3   G  
  0.81761      0.484277     1            0.833333      #   4   G  
  1            0.695767     0.362434     0.587302      #   5   A  
  1            0.0118265    0.197109     0.105125      #   6   A  
  1            0.00605327   0.108959     0.094431      #   7   A  
  0.0270552    1            0.00104058   0.012487      #   8   C  
  0.00848485   1            0.191515     0.0121212     #   9   C  
  0.00403226   0.00302419   1            0.00100806    #  10   G  
  0.00614754   0.00922131   0.00922131   1             #  11   T  
  0.0184697    0.296834     0.00395778   1             #  12   T  
  1            0.0292826    0.2694       0.165447      #  13   A  
  0.793893     0.480916     0.26972      1             #  14   T  
  0.940171     0.669516     0.239316     1             #  15   T  
  0.892308     0.932308     0.252308     1             #  16   T  
  0.701493     0.641791     0.641791     1             #  17   T  
</psam>
</matrix_reduce>
