<?xml version="1.0" encoding="ISO-8859-1"?>
<matrix_reduce>
<meta>
	<time>04-09-2018 09:53:26</time>
	<source>curated_db.meme</source>
	<comment>meme2psam.py</comment>
	<nsites>979</nsites>
	<e-value>0.0</e-value>
</meta>

<directionality>forward</directionality>
<psam_length>10</psam_length>
<optimal_sequence>CCAACTGCCA</optimal_sequence>

<psam>
# A            C            G            T             # no. opt  
# +============+============+============+============ # ==+===+==
  0.235925     1            0.509383     0.873995      #   1   C  
  0.5          1            0            0.661504      #   2   C  
  1            0            0            0             #   3   A  
  1            0            0.0747253    0             #   4   A  
  0            1            0            0             #   5   C  
  0.0572973    0            0            1             #   6   T  
  0            0            1            0             #   7   G  
  0.361446     1            0.0192771    0.973494      #   8   C  
  0.0316456    1            0            0             #   9   C  
  1            0.0110345    0            0.33931       #  10   A  
</psam>
</matrix_reduce>
