<?xml version="1.0" encoding="ISO-8859-1"?>
<matrix_reduce>
<meta>
	<time>04-09-2018 09:53:26</time>
	<source>curated_db.meme</source>
	<comment>meme2psam.py</comment>
	<nsites>51</nsites>
	<e-value>0.0</e-value>
</meta>

<directionality>forward</directionality>
<psam_length>8</psam_length>
<optimal_sequence>GGCCGTTG</optimal_sequence>

<psam>
# A            C            G            T             # no. opt  
# +============+============+============+============ # ==+===+==
  0.235294     0.0882353    1            0.117647      #   1   G  
  0.916667     0.0416667    1            0.125         #   2   G  
  0.0425532    1            0.0212766    0             #   3   C  
  0.9375       1            0.9375       0.125         #   4   C  
  0.0204082    0            1            0             #   5   G  
  0.0425532    0.0212766    0            1             #   6   T  
  0            0            0            1             #   7   T  
  0.116279     0            1            0.0232558     #   8   G  
</psam>
</matrix_reduce>
