<?xml version="1.0" encoding="ISO-8859-1"?>
<matrix_reduce>
<meta>
	<time>04-09-2018 09:53:26</time>
	<source>curated_db.meme</source>
	<comment>meme2psam.py</comment>
	<nsites>14070</nsites>
	<e-value>0.0</e-value>
</meta>

<directionality>forward</directionality>
<psam_length>11</psam_length>
<optimal_sequence>AAAACCGTTAA</optimal_sequence>

<psam>
# A            C            G            T             # no. opt  
# +============+============+============+============ # ==+===+==
  1            0.548468     0.500521     0.883469      #   1   A  
  1            0.656097     0.23899      0.858485      #   2   A  
  1            0.0817261    0.422734     0.191297      #   3   A  
  1            0.030197     0.201528     0.0634321     #   4   A  
  0.021048     1            0.00375331   0.010524      #   5   C  
  0.0410753    1            0            0.0153188     #   6   C  
  0            0            1            0             #   7   G  
  0.0016605    0.0568345    0.00332101   1             #   8   T  
  0.03947      0.263227     0.0192651    1             #   9   T  
  1            0.0790603    0.224757     0.285182      #  10   A  
  1            0.36528      0.247023     0.358834      #  11   A  
</psam>
</matrix_reduce>
