<?xml version="1.0" encoding="ISO-8859-1"?>
<matrix_reduce>
<meta>
	<time>04-09-2018 09:53:26</time>
	<source>curated_db.meme</source>
	<comment>meme2psam.py</comment>
	<nsites>1000</nsites>
	<e-value>0.0</e-value>
</meta>

<directionality>forward</directionality>
<psam_length>17</psam_length>
<optimal_sequence>TTGAAAACCGTTAATTT</optimal_sequence>

<psam>
# A            C            G            T             # no. opt  
# +============+============+============+============ # ==+===+==
  0.642229     0.71261      0.57478      1             #   1   T  
  0.564103     0.219114     0.545455     1             #   2   T  
  0.661202     0.42623      1            0.644809      #   3   G  
  1            0.502703     0.591892     0.608108      #   4   A  
  1            0.539642     0.250639     0.767263      #   5   A  
  1            0.0153453    0.202046     0.0613811     #   6   A  
  1            0.0071599    0.101432     0.0847255     #   7   A  
  0.0279793    1            0.00103627   0.00621762    #   8   C  
  0.00842359   1            0.181709     0.0132371     #   9   C  
  0.00302419   0.00302419   1            0.00201613    #  10   G  
  0.00409417   0.00921187   0.0102354    1             #  11   T  
  0.0121803    0.20341      0.00243605   1             #  12   T  
  1            0.00985915   0.287324     0.111268      #  13   A  
  1            0.756329     0.443038     0.962025      #  14   A  
  0.610048     0.566986     0.215311     1             #  15   T  
  0.873494     0.933735     0.204819     1             #  16   T  
  0.862295     0.704918     0.711475     1             #  17   T  
</psam>
</matrix_reduce>
