<?xml version="1.0" encoding="ISO-8859-1"?>
<matrix_reduce>
<meta>
	<time>04-09-2018 09:53:26</time>
	<source>curated_db.meme</source>
	<comment>meme2psam.py</comment>
	<nsites>2700</nsites>
	<e-value>0.0</e-value>
</meta>

<directionality>forward</directionality>
<psam_length>12</psam_length>
<optimal_sequence>ACCGTTAACGGT</optimal_sequence>

<psam>
# A            C            G            T             # no. opt  
# +============+============+============+============ # ==+===+==
  1            0.0154242    0.245758     0.125964      #   1   A  
  0.156762     1            0.0552176    0.0505381     #   2   C  
  0.116407     1            0.120073     0             #   3   C  
  0.02207      0.00304414   1            0.00152207    #   4   G  
  0.00376364   0.0116673    0            1             #   5   T  
  0.00448096   0.00336072   0            1             #   6   T  
  1            0            0.00524738   0.005997      #   7   A  
  1            0.00792752   0.01057      0             #   8   A  
  0.00599925   1            0.000374953  0.00524934    #   9   C  
  0.0737288    0.784746     1            0.427966      #  10   G  
  0.222664     0.163685     1            0.40159       #  11   G  
  0.30916      0.71374      0.0366412    1             #  12   T  
</psam>
</matrix_reduce>
