<?xml version="1.0" encoding="ISO-8859-1"?>
<matrix_reduce>
<meta>
	<time>04-09-2018 09:53:26</time>
	<source>curated_db.meme</source>
	<comment>meme2psam.py</comment>
	<nsites>2632</nsites>
	<e-value>0.0</e-value>
</meta>

<directionality>forward</directionality>
<psam_length>16</psam_length>
<optimal_sequence>ACCGTTAAAACCGTTA</optimal_sequence>

<psam>
# A            C            G            T             # no. opt  
# +============+============+============+============ # ==+===+==
  1            0.0366732    0.519319     0.166339      #   1   A  
  0.0771176    1            0.0294985    0.00210704    #   2   C  
  0.13001      1            0.206578     0.0149024     #   3   C  
  0.0107941    0.00269854   1            0.00077101    #   4   G  
  0.00200321   0.00360577   0.0480769    1             #   5   T  
  0.00191278   0.00229533   0.00153022   1             #   6   T  
  1            0.00922509   0.159133     0.0442804     #   7   A  
  1            0.377425     0.791887     0.149912      #   8   A  
  1            0.00428495   0.384039     0.0203535     #   9   A  
  1            0.0380173    0.137632     0.0899904     #  10   A  
  0.0784062    1            0.0299914    0.0184233     #  11   C  
  0.0852787    1            0.121486     0.0462125     #  12   C  
  0.0261617    0.000780945  1            0             #  13   G  
  0.000834725  0.0100167    0.086394     1             #  14   T  
  0.00425039   0.0108192    0.000772798  1             #  15   T  
  1            0.041996     0.166008     0.0914032     #  16   A  
</psam>
</matrix_reduce>
