<?xml version="1.0" encoding="ISO-8859-1"?>
<matrix_reduce>
<meta>
	<time>04-09-2018 09:53:26</time>
	<source>curated_db.meme</source>
	<comment>meme2psam.py</comment>
	<nsites>1616</nsites>
	<e-value>0.0</e-value>
</meta>

<directionality>forward</directionality>
<psam_length>12</psam_length>
<optimal_sequence>ACCGTTAAACGG</optimal_sequence>

<psam>
# A            C            G            T             # no. opt  
# +============+============+============+============ # ==+===+==
  1            0.0529158    0.482721     0.208423      #   1   A  
  0.15897      1            0.00605602   0.0567752     #   2   C  
  0.373041     1            0.31348      0             #   3   C  
  0.0207636    0            1            0.0609511     #   4   G  
  0.0163625    0            0            1             #   5   T  
  0.0459534    0.0617284    0            1             #   6   T  
  1            0.241447     0.146628     0.189638      #   7   A  
  1            0.0631424    0.0624082    0.0594714     #   8   A  
  1            0.0425691    0.0612397    0.101568      #   9   A  
  0.206925     1            0.0436933    0.079967      #  10   C  
  0.0459364    0.939929     1            0.863958      #  11   G  
  0.264523     0.231328     1            0.178423      #  12   G  
</psam>
</matrix_reduce>
