<?xml version="1.0" encoding="ISO-8859-1"?>
<matrix_reduce>
<meta>
	<time>04-09-2018 09:53:26</time>
	<source>curated_db.meme</source>
	<comment>meme2psam.py</comment>
	<nsites>1657</nsites>
	<e-value>0.0</e-value>
</meta>

<directionality>forward</directionality>
<psam_length>17</psam_length>
<optimal_sequence>GGCCGTTATAACCGTTA</optimal_sequence>

<psam>
# A            C            G            T             # no. opt  
# +============+============+============+============ # ==+===+==
  0.140678     0.029661     1            0.232203      #   1   G  
  0.932907     0.153355     1            0.555911      #   2   G  
  0.107253     1            0.0733025    0.0964506     #   3   C  
  0.571231     1            0.680498     0.0373444     #   4   C  
  0.0334789    0.0225619    1            0.149199      #   5   G  
  0.0315997    0.0157999    0.042133     1             #   6   T  
  0.0375335    0.0529491    0.019437     1             #   7   T  
  1            0.0176899    0.328824     0.37565       #   8   A  
  0.958746     0.262376     0.508251     1             #   9   T  
  1            0            0.416058     0.597324      #  10   A  
  1            0.0571726    0.369023     0.294179      #  11   A  
  0.0498034    1            0            0.0347313     #  12   C  
  0.175097     1            0.92607      0.0453956     #  13   C  
  0.00863664   0.00925355   1            0.00370142    #  14   G  
  0.00474898   0.0766621    0.041384     1             #  15   T  
  0.0769231    0.107543     0.051531     1             #  16   T  
  1            0.0705882    0.699346     0.393464      #  17   A  
</psam>
</matrix_reduce>
