<?xml version="1.0" encoding="ISO-8859-1"?>
<matrix_reduce>
<meta>
	<time>04-09-2018 09:53:26</time>
	<source>curated_db.meme</source>
	<comment>meme2psam.py</comment>
	<nsites>341</nsites>
	<e-value>0.0</e-value>
</meta>

<directionality>forward</directionality>
<psam_length>11</psam_length>
<optimal_sequence>GAGCACGTGGC</optimal_sequence>

<psam>
# A            C            G            T             # no. opt  
# +============+============+============+============ # ==+===+==
  0.317647     0.264706     1            0.411765      #   1   G  
  1            0.482558     0.273256     0.226744      #   2   A  
  0.197674     0.651163     1            0.122093      #   3   G  
  0.0304878    1            0.00304878   0             #   4   C  
  1            0.0155763    0.0436137    0             #   5   A  
  0.00315457   1            0.022082     0.044164      #   6   C  
  0.0504732    0.00946372   1            0.00946372    #   7   G  
  0.030303     0.107744     0.003367     1             #   8   T  
  0.003003     0.003003     1            0.015015      #   9   G  
  0.03861      0.0965251    1            0.173745      #  10   G  
  0.242236     1            0.167702     0.68323       #  11   C  
</psam>
</matrix_reduce>
