<?xml version="1.0" encoding="ISO-8859-1"?>
<matrix_reduce>
<meta>
	<time>04-09-2018 09:53:26</time>
	<source>curated_db.meme</source>
	<comment>meme2psam.py</comment>
	<nsites>5335</nsites>
	<e-value>0.0</e-value>
</meta>

<directionality>forward</directionality>
<psam_length>10</psam_length>
<optimal_sequence>CCATGTGCTT</optimal_sequence>

<psam>
# A            C            G            T             # no. opt  
# +============+============+============+============ # ==+===+==
  0.323376     1            0.137846     0             #   1   C  
  0            1            0            0             #   2   C  
  1            0            0            0             #   3   A  
  0            0.754605     0            1             #   4   T  
  0            0            1            0             #   5   G  
  0            0            0            1             #   6   T  
  0            0            1            0             #   7   G  
  0.0213322    1            0.905964     0.395298      #   8   C  
  0.297925     0.382343     0.195216     1             #   9   T  
  0.0314563    0.728932     0.311068     1             #  10   T  
</psam>
</matrix_reduce>
