<?xml version="1.0" encoding="ISO-8859-1"?>
<matrix_reduce>
<meta>
	<time>04-09-2018 09:53:26</time>
	<source>curated_db.meme</source>
	<comment>meme2psam.py</comment>
	<nsites>227</nsites>
	<e-value>0.0</e-value>
</meta>

<directionality>forward</directionality>
<psam_length>10</psam_length>
<optimal_sequence>CGCACGTGGC</optimal_sequence>

<psam>
# A            C            G            T             # no. opt  
# +============+============+============+============ # ==+===+==
  0.694737     1            0.368421     0.284211      #   1   C  
  0.263566     0.403101     1            0.0775194     #   2   G  
  0.0319635    1            0            0             #   3   C  
  1            0.0138889    0.0185185    0             #   4   A  
  0            1            0.0141509    0.0518868     #   5   C  
  0.08867      0.00985222   1            0.00985222    #   6   G  
  0.0517241    0.252874     0            1             #   7   T  
  0            0.00925926   1            0.0416667     #   8   G  
  0            0.0934066    1            0.148352      #   9   G  
  0.420561     1            0.224299     0.476636      #  10   C  
</psam>
</matrix_reduce>
