<?xml version="1.0" encoding="ISO-8859-1"?>
<matrix_reduce>
<meta>
	<time>04-09-2018 09:53:26</time>
	<source>curated_db.meme</source>
	<comment>meme2psam.py</comment>
	<nsites>1000</nsites>
	<e-value>0.0</e-value>
</meta>

<directionality>forward</directionality>
<psam_length>16</psam_length>
<optimal_sequence>GAAGAACAGGTGTCCG</optimal_sequence>

<psam>
# A            C            G            T             # no. opt  
# +============+============+============+============ # ==+===+==
  0.633588     0.516539     1            0.386768      #   1   G  
  1            0.584527     0.922636     0.358166      #   2   A  
  1            0.452196     0.645995     0.485788      #   3   A  
  0.42233      0.567961     1            0.436893      #   4   G  
  1            0.0558069    0.396682     0.0512821     #   5   A  
  1            0.0571827    0.288703     0.0488145     #   6   A  
  0.0040568    1            0.0030426    0.00709939    #   7   C  
  1            0.00517063   0.00827301   0.0175801     #   8   A  
  0.108579     0.120643     1            0.11126       #   9   G  
  0.0487805    0.660976     1            0.729268      #  10   G  
  0.0212993    0.028754     0.0149095    1             #  11   T  
  0.00511247   0.00817996   1            0.00920245    #  12   G  
  0.253829     0.439825     0.49453      1             #  13   T  
  0.0607211    1            0.242884     0.59203       #  14   C  
  0.524675     1            0.275325     0.797403      #  15   C  
  0.42723      0.453052     1            0.467136      #  16   G  
</psam>
</matrix_reduce>
