<?xml version="1.0" encoding="ISO-8859-1"?>
<matrix_reduce>
<meta>
	<time>04-09-2018 09:53:26</time>
	<source>curated_db.meme</source>
	<comment>meme2psam.py</comment>
	<nsites>70</nsites>
	<e-value>0.0</e-value>
</meta>

<directionality>forward</directionality>
<psam_length>9</psam_length>
<optimal_sequence>GGTGGGGAA</optimal_sequence>

<psam>
# A            C            G            T             # no. opt  
# +============+============+============+============ # ==+===+==
  0.793103     0.137931     1            0.413793      #   1   G  
  0.44186      0.0465116    1            0.0930233     #   2   G  
  0.535714     0.0714286    0.785714     1             #   3   T  
  0            0            1            0             #   4   G  
  0            0            1            0             #   5   G  
  0            0            1            0             #   6   G  
  0            0            1            0             #   7   G  
  1            0            0            0.0298507     #   8   A  
  1            0.166667     0.5          0.633333      #   9   A  
</psam>
</matrix_reduce>
