<?xml version="1.0" encoding="ISO-8859-1"?>
<matrix_reduce>
<meta>
	<time>04-09-2018 09:53:26</time>
	<source>curated_db.meme</source>
	<comment>meme2psam.py</comment>
	<nsites>20</nsites>
	<e-value>0.0</e-value>
</meta>

<directionality>forward</directionality>
<psam_length>6</psam_length>
<optimal_sequence>TGGGGA</optimal_sequence>

<psam>
# A            C            G            T             # no. opt  
# +============+============+============+============ # ==+===+==
  0.375        0.625        0.5          1             #   1   T  
  0            0            1            0.0526316     #   2   G  
  0.111111     0            1            0             #   3   G  
  0            0            1            0.0526316     #   4   G  
  0            0            1            0             #   5   G  
  1            0            0.111111     0             #   6   A  
</psam>
</matrix_reduce>
