<?xml version="1.0" encoding="ISO-8859-1"?>
<matrix_reduce>
<meta>
	<time>04-09-2018 09:53:26</time>
	<source>curated_db.meme</source>
	<comment>meme2psam.py</comment>
	<nsites>16</nsites>
	<e-value>0.0</e-value>
</meta>

<directionality>forward</directionality>
<psam_length>10</psam_length>
<optimal_sequence>GGAGGGGGAA</optimal_sequence>

<psam>
# A            C            G            T             # no. opt  
# +============+============+============+============ # ==+===+==
  0.142857     0.571429     1            0.571429      #   1   G  
  0.285714     0            1            1             #   2   G  
  1            0.0666667    0            0             #   3   A  
  0            0            1            0.454545      #   4   G  
  0            0            1            0.0666667     #   5   G  
  0            0.142857     1            0             #   6   G  
  0            0            1            0.142857      #   7   G  
  0.375        0.125        1            0.5           #   8   G  
  1            0            0.4          0.2           #   9   A  
  1            0.25         0.5          0.25          #  10   A  
</psam>
</matrix_reduce>
