<?xml version="1.0" encoding="ISO-8859-1"?>
<matrix_reduce>
<meta>
	<time>04-09-2018 09:53:26</time>
	<source>curated_db.meme</source>
	<comment>meme2psam.py</comment>
	<nsites>1000</nsites>
	<e-value>0.0</e-value>
</meta>

<directionality>forward</directionality>
<psam_length>10</psam_length>
<optimal_sequence>GCCATATGGT</optimal_sequence>

<psam>
# A            C            G            T             # no. opt  
# +============+============+============+============ # ==+===+==
  0.785124     0.152893     1            0.121901      #   1   G  
  0.602251     1            0.273921     0             #   2   C  
  0            1            0.059322     0             #   3   C  
  1            0            0.193865     0.0331288     #   4   A  
  0            0.0989011    0            1             #   5   T  
  1            0.076075     0.0242558    0.00220507    #   6   A  
  0            0.206273     0            1             #   7   T  
  0            0            1            0.0706638     #   8   G  
  0            0.52765      1            0.776498      #   9   G  
  0.303944     0.863109     0.146172     1             #  10   T  
</psam>
</matrix_reduce>
