<?xml version="1.0" encoding="ISO-8859-1"?>
<matrix_reduce>
<meta>
	<time>04-09-2018 09:53:26</time>
	<source>curated_db.meme</source>
	<comment>meme2psam.py</comment>
	<nsites>26</nsites>
	<e-value>0.0</e-value>
</meta>

<directionality>forward</directionality>
<psam_length>12</psam_length>
<optimal_sequence>CGGCAGATGGCC</optimal_sequence>

<psam>
# A            C            G            T             # no. opt  
# +============+============+============+============ # ==+===+==
  0.454545     1            0.454545     0.454545      #   1   C  
  0.4375       0.0625       1            0.0625        #   2   G  
  0.5          0.214286     1            0.0714286     #   3   G  
  0            1            0            0             #   4   C  
  1            0            0            0.0416667     #   5   A  
  0.05         0.15         1            0             #   6   G  
  1            0.454545     0.818182     0             #   7   A  
  0            0.0416667    0            1             #   8   T  
  0            0            1            0             #   9   G  
  0.230769     0.0769231    1            0.538462      #  10   G  
  0.272727     1            0.454545     0.454545      #  11   C  
  0.357143     1            0.357143     0.0714286     #  12   C  
</psam>
</matrix_reduce>
