<?xml version="1.0" encoding="ISO-8859-1"?>
<matrix_reduce>
<meta>
	<time>04-09-2018 09:53:26</time>
	<source>curated_db.meme</source>
	<comment>meme2psam.py</comment>
	<nsites>18</nsites>
	<e-value>0.0</e-value>
</meta>

<directionality>forward</directionality>
<psam_length>9</psam_length>
<optimal_sequence>TGGAAAACT</optimal_sequence>

<psam>
# A            C            G            T             # no. opt  
# +============+============+============+============ # ==+===+==
  0.0833333    0.0833333    0.0833333    1             #   1   T  
  0            0            1            0             #   2   G  
  0            0            1            0             #   3   G  
  1            0            0.0625       0             #   4   A  
  1            0            0.0625       0             #   5   A  
  1            0            0            0             #   6   A  
  1            0.214286     0.0714286    0             #   7   A  
  0.714286     1            0.142857     0.428571      #   8   C  
  0.111111     0.555556     0.111111     1             #   9   T  
</psam>
</matrix_reduce>
