<?xml version="1.0" encoding="ISO-8859-1"?>
<matrix_reduce>
<meta>
	<time>04-09-2018 09:53:26</time>
	<source>curated_db.meme</source>
	<comment>meme2psam.py</comment>
	<nsites>26</nsites>
	<e-value>0.0</e-value>
</meta>

<directionality>forward</directionality>
<psam_length>7</psam_length>
<optimal_sequence>TTTTCCA</optimal_sequence>

<psam>
# A            C            G            T             # no. opt  
# +============+============+============+============ # ==+===+==
  0.15         0.05         0.05         1             #   1   T  
  0.05         0.05         0.05         1             #   2   T  
  0.0416667    0.0416667    0            1             #   3   T  
  0            0            0            1             #   4   T  
  0.0416667    1            0            0             #   5   C  
  0            1            0            0             #   6   C  
  1            0.166667     0.0555556    0.166667      #   7   A  
</psam>
</matrix_reduce>
