<?xml version="1.0" encoding="ISO-8859-1"?>
<matrix_reduce>
<meta>
	<time>04-09-2018 09:53:26</time>
	<source>curated_db.meme</source>
	<comment>meme2psam.py</comment>
	<nsites>86</nsites>
	<e-value>0.0</e-value>
</meta>

<directionality>forward</directionality>
<psam_length>9</psam_length>
<optimal_sequence>TGGAAAATT</optimal_sequence>

<psam>
# A            C            G            T             # no. opt  
# +============+============+============+============ # ==+===+==
  0.468085     0.106383     0.255319     1             #   1   T  
  0            0            1            0             #   2   G  
  0            0            1            0             #   3   G  
  1            0            0            0             #   4   A  
  1            0            0.0240964    0             #   5   A  
  1            0.0123457    0.037037     0             #   6   A  
  1            0.0735294    0.0735294    0.0882353     #   7   A  
  0.666667     0.282051     0.205128     1             #   8   T  
  0.378378     0.513514     0.405405     1             #   9   T  
</psam>
</matrix_reduce>
