<?xml version="1.0" encoding="ISO-8859-1"?>
<matrix_reduce>
<meta>
	<time>04-09-2018 09:53:26</time>
	<source>curated_db.meme</source>
	<comment>meme2psam.py</comment>
	<nsites>1000</nsites>
	<e-value>0.0</e-value>
</meta>

<directionality>forward</directionality>
<psam_length>15</psam_length>
<optimal_sequence>CTGGCAAATTGCCAA</optimal_sequence>

<psam>
# A            C            G            T             # no. opt  
# +============+============+============+============ # ==+===+==
  0.174292     1            0.0544662    0.949891      #   1   C  
  0.00210084   0.00420168   0.0441176    1             #   2   T  
  0            0            1            0             #   3   G  
  0            0            1            0             #   4   G  
  0.089422     1            0            0.00109051    #   5   C  
  1            0.127407     0.125926     0.228148      #   6   A  
  1            0.820122     0.384146     0.841463      #   7   A  
  1            0.655063     0.60443      0.905063      #   8   A  
  0.908257     0.458716     0.688073     1             #   9   T  
  0.212034     0.111748     0.108883     1             #  10   T  
  0            0            1            0.113586      #  11   G  
  0            1            0            0.001001      #  12   C  
  0            1            0            0             #  13   C  
  1            0.0379747    0.00632911   0.00949367    #  14   A  
  1            0.0487106    0.183381     0.200573      #  15   A  
</psam>
</matrix_reduce>
