<?xml version="1.0" encoding="ISO-8859-1"?>
<matrix_reduce>
<meta>
	<time>04-09-2018 09:53:26</time>
	<source>curated_db.meme</source>
	<comment>meme2psam.py</comment>
	<nsites>7020</nsites>
	<e-value>0.0</e-value>
</meta>

<directionality>forward</directionality>
<psam_length>15</psam_length>
<optimal_sequence>AAATGGACCAATCAG</optimal_sequence>

<psam>
# A            C            G            T             # no. opt  
# +============+============+============+============ # ==+===+==
  1            0.532546     0.668803     0.165261      #   1   A  
  1            0.624645     0.382457     0.485085      #   2   A  
  1            0.623538     0.416519     0.447714      #   3   A  
  0.214966     0.731211     0.357073     1             #   4   T  
  0.248615     0.766531     1            0.577392      #   5   G  
  0.950974     0.366017     1            0.0399597     #   6   G  
  1            0.0396124    0.832431     0.128242      #   7   A  
  0            1            0            0             #   8   C  
  0            1            0            0             #   9   C  
  1            0            0            0             #  10   A  
  1            0            0.00242788   0             #  11   A  
  0            0            0            1             #  12   T  
  0.0864017    1            0.357322     0.024477      #  13   C  
  1            0.0177884    0.267192     0.00201724    #  14   A  
  0.140966     0.183411     1            0.0418614     #  15   G  
</psam>
</matrix_reduce>
