<?xml version="1.0" encoding="ISO-8859-1"?>
<matrix_reduce>
<meta>
	<time>04-09-2018 09:53:26</time>
	<source>curated_db.meme</source>
	<comment>meme2psam.py</comment>
	<nsites>1148</nsites>
	<e-value>0.0</e-value>
</meta>

<directionality>forward</directionality>
<psam_length>13</psam_length>
<optimal_sequence>CTCTGATTGGCTG</optimal_sequence>

<psam>
# A            C            G            T             # no. opt  
# +============+============+============+============ # ==+===+==
  0.309804     1            0.239216     0.701961      #   1   C  
  0.120858     0.454191     0.65692      1             #   2   T  
  0.0781457    1            0.256954     0.184106      #   3   C  
  0.0161943    0.45749      0.0701754    1             #   4   T  
  0.0731707    0.585366     1            0.0914634     #   5   G  
  1            0.00618921   0.00353669   0.00353669    #   6   A  
  0            0.00176211   0.00792952   1             #   7   T  
  0            0            0.00614574   1             #   8   T  
  0.000879507  0.00615655   1            0             #   9   G  
  0.000877963  0.00351185   1            0             #  10   G  
  0.153374     1            0.0812883    0.519939      #  11   C  
  0.0439394    0.622727     0.069697     1             #  12   T  
  0.54049      0.346516     1            0.27307       #  13   G  
</psam>
</matrix_reduce>
