<?xml version="1.0" encoding="ISO-8859-1"?>
<matrix_reduce>
<meta>
	<time>04-09-2018 09:53:26</time>
	<source>curated_db.meme</source>
	<comment>meme2psam.py</comment>
	<nsites>26</nsites>
	<e-value>0.0</e-value>
</meta>

<directionality>forward</directionality>
<psam_length>14</psam_length>
<optimal_sequence>GCGCTGATTGGCTG</optimal_sequence>

<psam>
# A            C            G            T             # no. opt  
# +============+============+============+============ # ==+===+==
  0.333333     0.777778     1            0.333333      #   1   G  
  0.454545     1            0.454545     0.272727      #   2   C  
  0.0909091    0.636364     1            0.636364      #   3   G  
  0.0714286    1            0.5          0.0714286     #   4   C  
  0.1875       0.1875       0.0625       1             #   5   T  
  0.230769     0.538462     1            0.0769231     #   6   G  
  1            0.0454545    0.0454545    0.0454545     #   7   A  
  0            0            0.0416667    1             #   8   T  
  0.0416667    0            0.0416667    1             #   9   T  
  0            0            1            0             #  10   G  
  0.0416667    0.0416667    1            0             #  11   G  
  0.0714286    1            0.214286     0.357143      #  12   C  
  0.0625       0.3125       0.0625       1             #  13   T  
  0.636364     0.272727     1            0.272727      #  14   G  
</psam>
</matrix_reduce>
