<?xml version="1.0" encoding="ISO-8859-1"?>
<matrix_reduce>
<meta>
	<time>04-09-2018 09:53:26</time>
	<source>curated_db.meme</source>
	<comment>meme2psam.py</comment>
	<nsites>1000</nsites>
	<e-value>0.0</e-value>
</meta>

<directionality>forward</directionality>
<psam_length>10</psam_length>
<optimal_sequence>CGCAGCTGCG</optimal_sequence>

<psam>
# A            C            G            T             # no. opt  
# +============+============+============+============ # ==+===+==
  0.15871      1            0.0735484    0.0580645     #   1   C  
  0.17934      0.190818     1            0.0631277     #   2   G  
  0.0214505    1            0            0             #   3   C  
  1            0.00510725   0.0163432    0             #   4   A  
  0            0.200521     1            0.10026       #   5   G  
  0.026971     1            0.00518672   0.00518672    #   6   C  
  0.0214505    0            0            1             #   7   T  
  0.010101     0            1            0             #   8   G  
  0            1            0            0             #   9   C  
  0.167689     0.517382     1            0.353783      #  10   G  
</psam>
</matrix_reduce>
