<?xml version="1.0" encoding="ISO-8859-1"?>
<matrix_reduce>
<meta>
	<time>04-09-2018 09:53:26</time>
	<source>curated_db.meme</source>
	<comment>meme2psam.py</comment>
	<nsites>55</nsites>
	<e-value>0.0</e-value>
</meta>

<directionality>forward</directionality>
<psam_length>20</psam_length>
<optimal_sequence>TGGGGAGCAGCTGCGTCCCT</optimal_sequence>

<psam>
# A            C            G            T             # no. opt  
# +============+============+============+============ # ==+===+==
  0.368421     0.684211     0.789474     1             #   1   T  
  0.171429     0.114286     1            0.228571      #   2   G  
  0.0487805    0.0487805    1            0.195122      #   3   G  
  0.0869565    0            1            0.0434783     #   4   G  
  0.291667     0.291667     1            0.625         #   5   G  
  1            0.923077     0.0769231    0             #   6   A  
  0.291667     0.333333     1            0.625         #   7   G  
  0.04         1            0.04         0             #   8   C  
  1            0.0192308    0.0192308    0             #   9   A  
  0            0.0638298    1            0.0425532     #  10   G  
  0            1            0            0             #  11   C  
  0.0384615    0            0            1             #  12   T  
  0            0            1            0.0188679     #  13   G  
  0.0208333    1            0.0416667    0.0416667     #  14   C  
  0.0444444    0.0222222    1            0.133333      #  15   G  
  0            0.461538     0.576923     1             #  16   T  
  0.0208333    1            0.0416667    0.0416667     #  17   C  
  0.102564     1            0.0769231    0.179487      #  18   C  
  0.26087      1            0.26087      0.826087      #  19   C  
  0.318182     1            0.136364     1             #  20   T  
</psam>
</matrix_reduce>
