<?xml version="1.0" encoding="ISO-8859-1"?>
<matrix_reduce>
<meta>
	<time>04-09-2018 09:53:26</time>
	<source>curated_db.meme</source>
	<comment>meme2psam.py</comment>
	<nsites>1000</nsites>
	<e-value>0.0</e-value>
</meta>

<directionality>forward</directionality>
<psam_length>10</psam_length>
<optimal_sequence>CGCAGCTGCG</optimal_sequence>

<psam>
# A            C            G            T             # no. opt  
# +============+============+============+============ # ==+===+==
  0.364318     1            0.083958     0.0509745     #   1   C  
  0.212245     0.0829932    1            0.0653061     #   2   G  
  0.001001     1            0            0             #   3   C  
  1            0.001002     0            0             #   4   A  
  0            0.139452     1            0.0524434     #   5   G  
  0.0440529    1            0.0572687    0             #   6   C  
  0            0.00200803   0.00200803   1             #   7   T  
  0.00100301   0.00200602   1            0             #   8   G  
  0.137281     1            0.0471063    0.161507      #   9   C  
  0.141304     0.33913      1            0.686957      #  10   G  
</psam>
</matrix_reduce>
