<?xml version="1.0" encoding="ISO-8859-1"?>
<matrix_reduce>
<meta>
	<time>04-09-2018 09:53:26</time>
	<source>curated_db.meme</source>
	<comment>meme2psam.py</comment>
	<nsites>54</nsites>
	<e-value>0.0</e-value>
</meta>

<directionality>forward</directionality>
<psam_length>12</psam_length>
<optimal_sequence>GCGCAGCTGCGT</optimal_sequence>

<psam>
# A            C            G            T             # no. opt  
# +============+============+============+============ # ==+===+==
  0.764706     0.764706     1            0.647059      #   1   G  
  0.342105     1            0.0263158    0             #   2   C  
  0.0833333    0.138889     1            0.25          #   3   G  
  0.0192308    1            0            0             #   4   C  
  1            0            0            0             #   5   A  
  0.0192308    0.0192308    1            0             #   6   G  
  0.02         1            0.06         0             #   7   C  
  0.0192308    0.0192308    0            1             #   8   T  
  0            0            1            0.0192308     #   9   G  
  0.0833333    1            0.194444     0.138889      #  10   C  
  0.0277778    0            1            0.416667      #  11   G  
  0.263158     0.894737     0.578947     1             #  12   T  
</psam>
</matrix_reduce>
