<?xml version="1.0" encoding="ISO-8859-1"?>
<matrix_reduce>
<meta>
	<time>04-09-2018 09:53:26</time>
	<source>curated_db.meme</source>
	<comment>meme2psam.py</comment>
	<nsites>100</nsites>
	<e-value>0.0</e-value>
</meta>

<directionality>forward</directionality>
<psam_length>17</psam_length>
<optimal_sequence>TGCGCTAATTAGTGGGA</optimal_sequence>

<psam>
# A            C            G            T             # no. opt  
# +============+============+============+============ # ==+===+==
  0.76087      0.152174     0.26087      1             #   1   T  
  0.309091     0.454545     1            0.0545455     #   2   G  
  0.541667     1            0.270833     0.270833      #   3   C  
  0.875        0.5          1            0.125         #   4   G  
  0.0793651    1            0.206349     0.301587      #   5   C  
  0.0178571    0.75         0            1             #   6   T  
  1            0.125        0            0.0113636     #   7   A  
  1            0            0            0.0526316     #   8   A  
  0.0416667    0            0            1             #   9   T  
  0            0            0.123596     1             #  10   T  
  1            0            0.736842     0             #  11   A  
  0.301587     0.206349     1            0.0793651     #  12   G  
  0.0212766    0.978723     0.12766      1             #  13   T  
  0.161765     0.147059     1            0.161765      #  14   G  
  0.204082     0.632653     1            0.204082      #  15   G  
  0.326531     0.326531     1            0.387755      #  16   G  
  1            0.555556     0.722222     0.5           #  17   A  
</psam>
</matrix_reduce>
