<?xml version="1.0" encoding="ISO-8859-1"?>
<matrix_reduce>
<meta>
	<time>04-09-2018 09:53:26</time>
	<source>curated_db.meme</source>
	<comment>meme2psam.py</comment>
	<nsites>100</nsites>
	<e-value>0.0</e-value>
</meta>

<directionality>forward</directionality>
<psam_length>16</psam_length>
<optimal_sequence>TAAGCCACTTGAATTT</optimal_sequence>

<psam>
# A            C            G            T             # no. opt  
# +============+============+============+============ # ==+===+==
  0.933333     0.933333     0.466667     1             #   1   T  
  1            0.275        0.825        0.4           #   2   A  
  1            0.046875     0.34375      0.171875      #   3   A  
  0.486486     0.378378     1            0.837838      #   4   G  
  0.0232558    1            0.139535     0             #   5   C  
  0            1            0            0.0416667     #   6   C  
  1            0.0105263    0            0.0421053     #   7   A  
  0.0206186    1            0            0.0103093     #   8   C  
  0            0            0            1             #   9   T  
  0.0108696    0.076087     0            1             #  10   T  
  0.795918     0.183673     1            0.0612245     #  11   G  
  1            0.0114943    0.0574713    0.0804598     #  12   A  
  1            0.253968     0.269841     0.0634921     #  13   A  
  0.857143     0.309524     0.214286     1             #  14   T  
  0.206349     0.333333     0.047619     1             #  15   T  
  0.163636     0.490909     0.163636     1             #  16   T  
</psam>
</matrix_reduce>
