<?xml version="1.0" encoding="ISO-8859-1"?>
<matrix_reduce>
<meta>
	<time>04-09-2018 09:53:26</time>
	<source>curated_db.meme</source>
	<comment>meme2psam.py</comment>
	<nsites>3429</nsites>
	<e-value>0.0</e-value>
</meta>

<directionality>forward</directionality>
<psam_length>11</psam_length>
<optimal_sequence>AGCCACTCAAG</optimal_sequence>

<psam>
# A            C            G            T             # no. opt  
# +============+============+============+============ # ==+===+==
  1            0.182225     0.458357     0.273896      #   1   A  
  0.873892     0.130198     1            0.332652      #   2   G  
  0.193585     1            0.726505     0.00844119    #   3   C  
  0            1            0            0             #   4   C  
  1            0.0024321    0            0.38711       #   5   A  
  0            1            0            0             #   6   C  
  0            0            0            1             #   7   T  
  0            1            0            0.0112094     #   8   C  
  1            0.150858     0            0.0486524     #   9   A  
  1            0.00132509   0.364399     0.14841       #  10   A  
  0.279264     0.53233      1            0.0981048     #  11   G  
</psam>
</matrix_reduce>
