<?xml version="1.0" encoding="ISO-8859-1"?>
<matrix_reduce>
<meta>
	<time>04-09-2018 09:53:26</time>
	<source>curated_db.meme</source>
	<comment>meme2psam.py</comment>
	<nsites>100</nsites>
	<e-value>0.0</e-value>
</meta>

<directionality>forward</directionality>
<psam_length>16</psam_length>
<optimal_sequence>TAAGCCACTTGAAATT</optimal_sequence>

<psam>
# A            C            G            T             # no. opt  
# +============+============+============+============ # ==+===+==
  0.8          0.6          0.457143     1             #   1   T  
  1            0.24         0.38         0.38          #   2   A  
  1            0.0793651    0.206349     0.301587      #   3   A  
  0.625        0.425        1            0.45          #   4   G  
  0.118421     1            0.171053     0.0263158     #   5   C  
  0.0121951    1            0            0.207317      #   6   C  
  1            0.0117647    0            0.164706      #   7   A  
  0.0206186    1            0            0.0103093     #   8   C  
  0            0            0            1             #   9   T  
  0.012987     0.285714     0            1             #  10   T  
  0.528302     0.339623     1            0.0188679     #  11   G  
  1            0            0.0337079    0.0898876     #  12   A  
  1            0.883721     0.348837     0.0930233     #  13   A  
  1            0.313725     0.0784314    0.54902       #  14   A  
  0.433962     0.358491     0.0943396    1             #  15   T  
  0.25         0.446429     0.0892857    1             #  16   T  
</psam>
</matrix_reduce>
