<?xml version="1.0" encoding="ISO-8859-1"?>
<matrix_reduce>
<meta>
	<time>04-09-2018 09:53:26</time>
	<source>curated_db.meme</source>
	<comment>meme2psam.py</comment>
	<nsites>59</nsites>
	<e-value>0.0</e-value>
</meta>

<directionality>forward</directionality>
<psam_length>7</psam_length>
<optimal_sequence>TCAAGTG</optimal_sequence>

<psam>
# A            C            G            T             # no. opt  
# +============+============+============+============ # ==+===+==
  0.157895     0.105263     0.263158     1             #   1   T  
  0.0769231    1            0.307692     0.769231      #   2   C  
  1            0            0            0             #   3   A  
  1            0            0.0188679    0.0188679     #   4   A  
  0            0            1            0.117647      #   5   G  
  0.0178571    0            0            1             #   6   T  
  0.0961538    0            1            0             #   7   G  
</psam>
</matrix_reduce>
