<?xml version="1.0" encoding="ISO-8859-1"?>
<matrix_reduce>
<meta>
	<time>04-09-2018 09:53:26</time>
	<source>curated_db.meme</source>
	<comment>meme2psam.py</comment>
	<nsites>17</nsites>
	<e-value>0.0</e-value>
</meta>

<directionality>forward</directionality>
<psam_length>7</psam_length>
<optimal_sequence>TTAATTG</optimal_sequence>

<psam>
# A            C            G            T             # no. opt  
# +============+============+============+============ # ==+===+==
  0.777778     0            0.111111     1             #   1   T  
  0            0.230769     0            1             #   2   T  
  1            0            0            0             #   3   A  
  1            0            0            0             #   4   A  
  0            0            0.777778     1             #   5   T  
  0.272727     0.0909091    0            1             #   6   T  
  0.0909091    0.0909091    1            0.272727      #   7   G  
</psam>
</matrix_reduce>
