<?xml version="1.0" encoding="ISO-8859-1"?>
<matrix_reduce>
<meta>
	<time>04-09-2018 09:53:26</time>
	<source>curated_db.meme</source>
	<comment>meme2psam.py</comment>
	<nsites>100</nsites>
	<e-value>0.0</e-value>
</meta>

<directionality>forward</directionality>
<psam_length>17</psam_length>
<optimal_sequence>GAAAATTAATTACTTTG</optimal_sequence>

<psam>
# A            C            G            T             # no. opt  
# +============+============+============+============ # ==+===+==
  0.488372     0.395349     1            0.44186       #   1   G  
  1            0.605263     0.578947     0.447368      #   2   A  
  1            0.677419     0.548387     1             #   3   A  
  1            0.217391     0.217391     0.73913       #   4   A  
  1            0.0441176    0.0294118    0.397059      #   5   A  
  0.233766     0.025974     0.038961     1             #   6   T  
  0.0108696    0.076087     0            1             #   7   T  
  1            0            0.010101     0             #   8   A  
  1            0            0.0102041    0.0102041     #   9   A  
  0.0204082    0            0            1             #  10   T  
  0.0138889    0.0277778    0.347222     1             #  11   T  
  1            0            0.142857     0.047619      #  12   A  
  0.857143     1            0.657143     0.342857      #  13   C  
  0.160714     0.339286     0.285714     1             #  14   T  
  0.424242     0.666667     0.939394     1             #  15   T  
  0.59375      0.8125       0.71875      1             #  16   T  
  0.177778     0.488889     1            0.555556      #  17   G  
</psam>
</matrix_reduce>
