<?xml version="1.0" encoding="ISO-8859-1"?>
<matrix_reduce>
<meta>
	<time>04-09-2018 09:53:26</time>
	<source>curated_db.meme</source>
	<comment>meme2psam.py</comment>
	<nsites>1000</nsites>
	<e-value>0.0</e-value>
</meta>

<directionality>forward</directionality>
<psam_length>8</psam_length>
<optimal_sequence>GTAATTAA</optimal_sequence>

<psam>
# A            C            G            T             # no. opt  
# +============+============+============+============ # ==+===+==
  0.604046     0.736994     1            0.540462      #   1   G  
  0            0.474926     0            1             #   2   T  
  1            0.514382     0.037225     0.14044       #   3   A  
  1            0            0            0             #   4   A  
  0            0            0            1             #   5   T  
  0.0351967    0            0            1             #   6   T  
  1            0            0            0             #   7   A  
  1            0.219203     0.143116     0.449275      #   8   A  
</psam>
</matrix_reduce>
