<?xml version="1.0" encoding="ISO-8859-1"?>
<matrix_reduce>
<meta>
	<time>04-09-2018 09:53:26</time>
	<source>curated_db.meme</source>
	<comment>meme2psam.py</comment>
	<nsites>1000</nsites>
	<e-value>0.0</e-value>
</meta>

<directionality>forward</directionality>
<psam_length>8</psam_length>
<optimal_sequence>CTAATTAA</optimal_sequence>

<psam>
# A            C            G            T             # no. opt  
# +============+============+============+============ # ==+===+==
  0.61875      1            0.859375     0.6375        #   1   C  
  0.105461     0.704331     0.0734463    1             #   2   T  
  1            0.667992     0.0934394    0.22664       #   3   A  
  1            0.0158395    0.0095037    0.0274551     #   4   A  
  0.0309278    0            0            1             #   5   T  
  0.130268     0.117497     0.0293742    1             #   6   T  
  1            0.0197368    0.0405702    0.0361842     #   7   A  
  1            0.346008     0.165399     0.38403       #   8   A  
</psam>
</matrix_reduce>
