<?xml version="1.0" encoding="ISO-8859-1"?>
<matrix_reduce>
<meta>
	<time>04-09-2018 09:53:26</time>
	<source>curated_db.meme</source>
	<comment>meme2psam.py</comment>
	<nsites>1000</nsites>
	<e-value>0.0</e-value>
</meta>

<directionality>forward</directionality>
<psam_length>8</psam_length>
<optimal_sequence>CTAATTAA</optimal_sequence>

<psam>
# A            C            G            T             # no. opt  
# +============+============+============+============ # ==+===+==
  0.507331     1            0.844575     0.571848      #   1   C  
  0.0687831    0.645503     0.0493827    1             #   2   T  
  1            0.718941     0.0855397    0.232179      #   3   A  
  1            0.0101833    0            0.00610998    #   4   A  
  0.017294     0            0            1             #   5   T  
  0.104218     0.110422     0.0260546    1             #   6   T  
  1            0.00942408   0.0303665    0.00732984    #   7   A  
  1            0.373563     0.176245     0.3659        #   8   A  
</psam>
</matrix_reduce>
