<?xml version="1.0" encoding="ISO-8859-1"?>
<matrix_reduce>
<meta>
	<time>04-09-2018 09:53:26</time>
	<source>curated_db.meme</source>
	<comment>meme2psam.py</comment>
	<nsites>66</nsites>
	<e-value>0.0</e-value>
</meta>

<directionality>forward</directionality>
<psam_length>9</psam_length>
<optimal_sequence>TTAATTGGT</optimal_sequence>

<psam>
# A            C            G            T             # no. opt  
# +============+============+============+============ # ==+===+==
  0.904762     1            0.142857     1             #   1   T  
  0            0            0            1             #   2   T  
  1            0            0            0.015625      #   3   A  
  1            0.015625     0            0             #   4   A  
  0.0166667    0.0166667    0.0166667    1             #   5   T  
  0.0178571    0            0.125        1             #   6   T  
  0.547619     0            1            0             #   7   G  
  0.448276     0.655172     1            0.103448      #   8   G  
  0.16129      0.548387     0.354839     1             #   9   T  
</psam>
</matrix_reduce>
