<?xml version="1.0" encoding="ISO-8859-1"?>
<matrix_reduce>
<meta>
	<time>04-09-2018 09:53:26</time>
	<source>curated_db.meme</source>
	<comment>meme2psam.py</comment>
	<nsites>38</nsites>
	<e-value>0.0</e-value>
</meta>

<directionality>forward</directionality>
<psam_length>8</psam_length>
<optimal_sequence>TAATTGGT</optimal_sequence>

<psam>
# A            C            G            T             # no. opt  
# +============+============+============+============ # ==+===+==
  0            0.0277778    0            1             #   1   T  
  1            0            0            0.0571429     #   2   A  
  1            0            0            0             #   3   A  
  0.0294118    0.0294118    0.0588235    1             #   4   T  
  0.0645161    0            0.0967742    1             #   5   T  
  0.714286     0            1            0.047619      #   6   G  
  0.176471     0.647059     1            0.176471      #   7   G  
  0.125        0.75         0.375        1             #   8   T  
</psam>
</matrix_reduce>
