<?xml version="1.0" encoding="ISO-8859-1"?>
<matrix_reduce>
<meta>
	<time>04-09-2018 09:53:26</time>
	<source>curated_db.meme</source>
	<comment>meme2psam.py</comment>
	<nsites>100</nsites>
	<e-value>0.0</e-value>
</meta>

<directionality>forward</directionality>
<psam_length>17</psam_length>
<optimal_sequence>CGCGCTAATTAGGTATC</optimal_sequence>

<psam>
# A            C            G            T             # no. opt  
# +============+============+============+============ # ==+===+==
  0.34         1            0.4          0.26          #   1   C  
  0.240741     0.333333     1            0.277778      #   2   G  
  0.821429     1            0.892857     0.857143      #   3   C  
  0.861111     0.638889     1            0.277778      #   4   G  
  0.0350877    1            0.0526316    0.649123      #   5   C  
  0.0307692    0.507692     0            1             #   6   T  
  1            0.0108696    0.076087     0             #   7   A  
  1            0            0.0104167    0.03125       #   8   A  
  0.03125      0.0104167    0            1             #   9   T  
  0.010989     0.0769231    0.010989     1             #  10   T  
  1            0            0.507692     0.0307692     #  11   A  
  0.666667     0.0526316    1            0.0175439     #  12   G  
  0.358974     0.410256     1            0.794872      #  13   G  
  0.857143     0.542857     0.457143     1             #  14   T  
  1            0.363636     0.363636     0.545455      #  15   A  
  0.741935     0.903226     0.548387     1             #  16   T  
  0.365854     1            0.609756     0.463415      #  17   C  
</psam>
</matrix_reduce>
