<?xml version="1.0" encoding="ISO-8859-1"?>
<matrix_reduce>
<meta>
	<time>04-09-2018 09:53:26</time>
	<source>curated_db.meme</source>
	<comment>meme2psam.py</comment>
	<nsites>1000</nsites>
	<e-value>0.0</e-value>
</meta>

<directionality>forward</directionality>
<psam_length>10</psam_length>
<optimal_sequence>GCTAATTAGC</optimal_sequence>

<psam>
# A            C            G            T             # no. opt  
# +============+============+============+============ # ==+===+==
  0.862295     0.868852     1            0.544262      #   1   G  
  0.0553746    1            0.0439739    0.529316      #   2   C  
  0.332303     0.187017     0.0262751    1             #   3   T  
  1            0.417974     0            0.0085592     #   4   A  
  1            0            0            0             #   5   A  
  0            0            0            1             #   6   T  
  0.0176899    0.00312175   0.0197711    1             #   7   T  
  1            0            0.0959716    0.0888626     #   8   A  
  0.916435     0.501393     1            0.367688      #   9   G  
  0.529248     1            0.713092     0.534819      #  10   C  
</psam>
</matrix_reduce>
