<?xml version="1.0" encoding="ISO-8859-1"?>
<matrix_reduce>
<meta>
	<time>04-09-2018 09:53:26</time>
	<source>curated_db.meme</source>
	<comment>meme2psam.py</comment>
	<nsites>45</nsites>
	<e-value>0.0</e-value>
</meta>

<directionality>forward</directionality>
<psam_length>14</psam_length>
<optimal_sequence>AGGGTCAATGACCT</optimal_sequence>

<psam>
# A            C            G            T             # no. opt  
# +============+============+============+============ # ==+===+==
  1            0.0454545    0.772727     0.181818      #   1   A  
  0.954545     0            1            0             #   2   G  
  0            0            1            0             #   3   G  
  0            0            1            0.102564      #   4   G  
  0            0.075        0            1             #   5   T  
  0            1            0.138889     0             #   6   C  
  1            0            0            0             #   7   A  
  1            0.529412     0.529412     0.529412      #   8   A  
  0.0333333    0.166667     0.233333     1             #   9   T  
  0.28125      0            1            0             #  10   G  
  1            0.185185     0.148148     0.296296      #  11   A  
  0.0810811    1            0            0.0810811     #  12   C  
  0            1            0            0.075         #  13   C  
  0.129032     0.129032     0.129032     1             #  14   T  
</psam>
</matrix_reduce>
