<?xml version="1.0" encoding="ISO-8859-1"?>
<matrix_reduce>
<meta>
	<time>04-09-2018 09:53:26</time>
	<source>curated_db.meme</source>
	<comment>meme2psam.py</comment>
	<nsites>18</nsites>
	<e-value>0.0</e-value>
</meta>

<directionality>forward</directionality>
<psam_length>13</psam_length>
<optimal_sequence>GGCCAGAGGTCAG</optimal_sequence>

<psam>
# A            C            G            T             # no. opt  
# +============+============+============+============ # ==+===+==
  0.3          0.1          1            0.1           #   1   G  
  0.142857     0.714286     1            0.428571      #   2   G  
  0.1          1            0.1          0.5           #   3   C  
  0.714286     1            0.428571     0.142857      #   4   C  
  1            0            0.416667     0             #   5   A  
  0.3          0.3          1            0.1           #   6   G  
  1            0            0.0625       0             #   7   A  
  0            0            1            0             #   8   G  
  0            0            1            0.214286      #   9   G  
  0            0            0            1             #  10   T  
  0            1            0            0             #  11   C  
  1            0            0            0.0625        #  12   A  
  0.2          1            1            1             #  13   G  
</psam>
</matrix_reduce>
