<?xml version="1.0" encoding="ISO-8859-1"?>
<matrix_reduce>
<meta>
	<time>04-09-2018 09:53:26</time>
	<source>curated_db.meme</source>
	<comment>meme2psam.py</comment>
	<nsites>23</nsites>
	<e-value>0.0</e-value>
</meta>

<directionality>forward</directionality>
<psam_length>14</psam_length>
<optimal_sequence>AAAGTCAAAAGTCA</optimal_sequence>

<psam>
# A            C            G            T             # no. opt  
# +============+============+============+============ # ==+===+==
  1            0.272727     0.272727     0.272727      #   1   A  
  1            0.111111     0.111111     0             #   2   A  
  1            0            0.166667     0             #   3   A  
  0.133333     0.133333     1            0.2           #   4   G  
  0.105263     0            0.105263     1             #   5   T  
  0.105263     1            0            0             #   6   C  
  1            0            0            0             #   7   A  
  1            0.166667     0.111111     0             #   8   A  
  1            0            0            0             #   9   A  
  1            0            0.157895     0             #  10   A  
  0.5          0.166667     1            0.166667      #  11   G  
  0            0.133333     0.266667     1             #  12   T  
  0.2          1            0.133333     0.133333      #  13   C  
  1            0.1875       0.125        0             #  14   A  
</psam>
</matrix_reduce>
