<?xml version="1.0" encoding="ISO-8859-1"?>
<matrix_reduce>
<meta>
	<time>04-09-2018 09:53:26</time>
	<source>curated_db.meme</source>
	<comment>meme2psam.py</comment>
	<nsites>1000</nsites>
	<e-value>0.0</e-value>
</meta>

<directionality>forward</directionality>
<psam_length>9</psam_length>
<optimal_sequence>AAAAGTCAA</optimal_sequence>

<psam>
# A            C            G            T             # no. opt  
# +============+============+============+============ # ==+===+==
  1            0.218531     0.171329     0.358392      #   1   A  
  1            0.0797101    0.400362     0.32971       #   2   A  
  1            0.00110865   0.0909091    0.0166297     #   3   A  
  1            0            0.0663812    0.00428266    #   4   A  
  0.0354536    0            1            0.00729927    #   5   G  
  0            0.0515247    0            1             #   6   T  
  0.0100897    1            0.0112108    0.0997758     #   7   C  
  1            0            0            0             #   8   A  
  1            0.116883     0.105339     0.220779      #   9   A  
</psam>
</matrix_reduce>
