<?xml version="1.0" encoding="ISO-8859-1"?>
<matrix_reduce>
<meta>
	<time>04-09-2018 09:53:26</time>
	<source>curated_db.meme</source>
	<comment>meme2psam.py</comment>
	<nsites>23</nsites>
	<e-value>0.0</e-value>
</meta>

<directionality>forward</directionality>
<psam_length>7</psam_length>
<optimal_sequence>CAAGCTT</optimal_sequence>

<psam>
# A            C            G            T             # no. opt  
# +============+============+============+============ # ==+===+==
  0.272727     1            0.181818     0.363636      #   1   C  
  1            0            0            0             #   2   A  
  1            0            0            0             #   3   A  
  0            0            1            0             #   4   G  
  0            1            0            0             #   5   C  
  0            0            0            1             #   6   T  
  0            0            0            1             #   7   T  
</psam>
</matrix_reduce>
