<?xml version="1.0" encoding="ISO-8859-1"?>
<matrix_reduce>
<meta>
	<time>04-09-2018 09:53:26</time>
	<source>curated_db.meme</source>
	<comment>meme2psam.py</comment>
	<nsites>1000</nsites>
	<e-value>0.0</e-value>
</meta>

<directionality>forward</directionality>
<psam_length>14</psam_length>
<optimal_sequence>GAGGTCAAAGGTCA</optimal_sequence>

<psam>
# A            C            G            T             # no. opt  
# +============+============+============+============ # ==+===+==
  0.762948     0.0498008    1            0.179283      #   1   G  
  1            0            0.34094      0             #   2   A  
  0.00206612   0            1            0.0309917     #   3   G  
  0            0            1            0.026694      #   4   G  
  0            0.0060423    0.00100705   1             #   5   T  
  0.02194      1            0            0.130485      #   6   C  
  1            0            0            0.00401606    #   7   A  
  1            0            0.0040858    0.0143003     #   8   A  
  1            0            0.0131712    0             #   9   A  
  0            0            1            0.00401606    #  10   G  
  0            0            1            0.0235415     #  11   G  
  0            0.0040282    0.00302115   1             #  12   T  
  0            1            0.0173348    0.0660888     #  13   C  
  1            0.00217155   0.0781759    0.00542888    #  14   A  
</psam>
</matrix_reduce>
