<?xml version="1.0" encoding="ISO-8859-1"?>
<matrix_reduce>
<meta>
	<time>04-09-2018 09:53:26</time>
	<source>curated_db.meme</source>
	<comment>meme2psam.py</comment>
	<nsites>1000</nsites>
	<e-value>0.0</e-value>
</meta>

<directionality>forward</directionality>
<psam_length>17</psam_length>
<optimal_sequence>GGGAACACAATGTTCCC</optimal_sequence>

<psam>
# A            C            G            T             # no. opt  
# +============+============+============+============ # ==+===+==
  0.416667     0.330952     1            0.633333      #   1   G  
  0.55873      0.00793651   1            0.0206349     #   2   G  
  0.001002     0            1            0.001002      #   3   G  
  1            0.0782998    0.380313     0.778523      #   4   A  
  1            0            0            0             #   5   A  
  0            1            0            0             #   6   C  
  1            0.00103842   0.0311526    0.00623053    #   7   A  
  0.40099      1            0.170792     0.90099       #   8   C  
  1            0.268868     0.474057     0.615566      #   9   A  
  1            0.0842697    0.61236      0.17603       #  10   A  
  0.00929752   0.0227273    0            1             #  11   T  
  0            0            1            0             #  12   G  
  0            0.001001     0            1             #  13   T  
  0.743363     0.396018     0.0730088    1             #  14   T  
  0            1            0            0.00200602    #  15   C  
  0.0219224    1            0.0219224    0.642496      #  16   C  
  0.522277     1            0.44802      0.50495       #  17   C  
</psam>
</matrix_reduce>
