<?xml version="1.0" encoding="ISO-8859-1"?>
<matrix_reduce>
<meta>
	<time>04-09-2018 09:53:26</time>
	<source>curated_db.meme</source>
	<comment>meme2psam.py</comment>
	<nsites>50</nsites>
	<e-value>0.0</e-value>
</meta>

<directionality>forward</directionality>
<psam_length>13</psam_length>
<optimal_sequence>AAGTTCAAGGTCA</optimal_sequence>

<psam>
# A            C            G            T             # no. opt  
# +============+============+============+============ # ==+===+==
  1            0.0769231    0.128205     0.0769231     #   1   A  
  1            0.0212766    0.0212766    0.0212766     #   2   A  
  0.0425532    0            1            0.0212766     #   3   G  
  0            0.0714286    0.678571     1             #   4   T  
  0            0.0204082    0            1             #   5   T  
  0.0204082    1            0            0             #   6   C  
  1            0.0204082    0            0             #   7   A  
  1            0.0454545    0.0227273    0.0681818     #   8   A  
  0            0.0222222    1            0.0888889     #   9   G  
  0.0333333    0            1            0.633333      #  10   G  
  0.0487805    0.121951     0.0487805    1             #  11   T  
  0.0465116    1            0            0.116279      #  12   C  
  1            0.0465116    0.0465116    0.0697674     #  13   A  
</psam>
</matrix_reduce>
