<?xml version="1.0" encoding="ISO-8859-1"?>
<matrix_reduce>
<meta>
	<time>04-09-2018 09:53:26</time>
	<source>curated_db.meme</source>
	<comment>meme2psam.py</comment>
	<nsites>1840</nsites>
	<e-value>0.0</e-value>
</meta>

<directionality>forward</directionality>
<psam_length>12</psam_length>
<optimal_sequence>GCGCATGCGCAG</optimal_sequence>

<psam>
# A            C            G            T             # no. opt  
# +============+============+============+============ # ==+===+==
  0.37551      0.0783673    1            0.0473469     #   1   G  
  0.170896     1            0.119403     0.0820896     #   2   C  
  0.091084     0.045542     1            0.0423348     #   3   G  
  0.00744417   1            0.112283     0.0204715     #   4   C  
  1            0.0457596    0.0543014    0.0213545     #   5   A  
  0.222222     0.263039     0.596372     1             #   6   T  
  0.0299003    0.0232558    1            0.169435      #   7   G  
  0.0322967    1            0.0245215    0.0424641     #   8   C  
  0.0228162    0.0762712    1            0.0990874     #   9   G  
  0.057971     1            0.0995589    0.00126024    #  10   C  
  1            0.113095     0.22247      0.031994      #  11   A  
  0.281092     0.395349     1            0.183013      #  12   G  
</psam>
</matrix_reduce>
