<?xml version="1.0" encoding="ISO-8859-1"?>
<matrix_reduce>
<meta>
	<time>04-09-2018 09:53:26</time>
	<source>curated_db.meme</source>
	<comment>meme2psam.py</comment>
	<nsites>4624</nsites>
	<e-value>0.0</e-value>
</meta>

<directionality>forward</directionality>
<psam_length>11</psam_length>
<optimal_sequence>GCGCCTGCGCA</optimal_sequence>

<psam>
# A            C            G            T             # no. opt  
# +============+============+============+============ # ==+===+==
  0.164838     0.102852     1            0             #   1   G  
  0.15575      1            0            0             #   2   C  
  0.0462373    0.044586     1            0             #   3   G  
  0            1            0.116314     0.0348692     #   4   C  
  0.812567     1            0.502148     0.167562      #   5   C  
  0            0.109155     0.143012     1             #   6   T  
  0            0            1            0             #   7   G  
  0            1            0            0.0656985     #   8   C  
  0            0.0816565    1            0             #   9   G  
  0.016044     1            0            0             #  10   C  
  1            0.357843     0.701426     0             #  11   A  
</psam>
</matrix_reduce>
