<?xml version="1.0" encoding="ISO-8859-1"?>
<matrix_reduce>
<meta>
	<time>04-09-2018 09:53:26</time>
	<source>curated_db.meme</source>
	<comment>meme2psam.py</comment>
	<nsites>3026</nsites>
	<e-value>0.0</e-value>
</meta>

<directionality>forward</directionality>
<psam_length>12</psam_length>
<optimal_sequence>TGCGCATGCGCA</optimal_sequence>

<psam>
# A            C            G            T             # no. opt  
# +============+============+============+============ # ==+===+==
  0.0222694    0.566808     0.014316     1             #   1   T  
  0.348661     0.00178571   1            0             #   2   G  
  0.0120927    1            0.00302318   0.000671817   #   3   C  
  0.020643     0.00169205   1            0.00135364    #   4   G  
  0.000330797  1            0            0.000330797   #   5   C  
  1            0.0148481    0.0224448    0.00690608    #   6   A  
  0.00740219   0.0426507    0.0162143    1             #   7   T  
  0            0.00132494   1            0.000662471   #   8   G  
  0.00168577   1            0.00134862   0.0168577     #   9   C  
  0.00102916   0.0140652    1            0.0222985     #  10   G  
  0.002457     1            0.004095     0.231777      #  11   C  
  1            0.382014     0.342446     0.451079      #  12   A  
</psam>
</matrix_reduce>
