<?xml version="1.0" encoding="ISO-8859-1"?>
<matrix_reduce>
<meta>
	<time>04-09-2018 09:53:26</time>
	<source>curated_db.meme</source>
	<comment>meme2psam.py</comment>
	<nsites>1000</nsites>
	<e-value>0.0</e-value>
</meta>

<directionality>forward</directionality>
<psam_length>10</psam_length>
<optimal_sequence>ACCATATGTT</optimal_sequence>

<psam>
# A            C            G            T             # no. opt  
# +============+============+============+============ # ==+===+==
  1            0.106294     0.222378     0.0685315     #   1   A  
  0.717017     1            0.185468     0.00382409    #   2   C  
  0.116201     1            0            0.00111732    #   3   C  
  1            0.00534188   0.0512821    0.0117521     #   4   A  
  0            0.0136698    0.0378549    1             #   5   T  
  1            0.0540254    0.00529661   0             #   6   A  
  0.0286697    0.116972     0.00114679   1             #   7   T  
  0.00229621   0.00229621   1            0.143513      #   8   G  
  0.0283505    0.654639     0.89433      1             #   9   T  
  0.138648     0.5026       0.0918544    1             #  10   T  
</psam>
</matrix_reduce>
