<?xml version="1.0" encoding="ISO-8859-1"?>
<matrix_reduce>
<meta>
	<time>04-09-2018 09:53:26</time>
	<source>curated_db.meme</source>
	<comment>meme2psam.py</comment>
	<nsites>1000</nsites>
	<e-value>0.0</e-value>
</meta>

<directionality>forward</directionality>
<psam_length>10</psam_length>
<optimal_sequence>AACATATGTT</optimal_sequence>

<psam>
# A            C            G            T             # no. opt  
# +============+============+============+============ # ==+===+==
  1            0.0211268    0.133803     0.0176056     #   1   A  
  1            0.698077     0.221154     0             #   2   A  
  0.00502513   1            0            0             #   3   C  
  1            0            0.0122324    0.00713558    #   4   A  
  0.00101215   0.00101215   0.0101215    1             #   5   T  
  1            0.00706357   0.00100908   0.00100908    #   6   A  
  0.0165289    0.0144628    0            1             #   7   T  
  0            0            1            0.00603622    #   8   G  
  0.00240964   0.440964     0.966265     1             #   9   T  
  0.0433071    0.246719     0.0223097    1             #  10   T  
</psam>
</matrix_reduce>
