<?xml version="1.0" encoding="ISO-8859-1"?>
<matrix_reduce>
<meta>
	<time>04-09-2018 09:53:26</time>
	<source>curated_db.meme</source>
	<comment>meme2psam.py</comment>
	<nsites>5090</nsites>
	<e-value>0.0</e-value>
</meta>

<directionality>forward</directionality>
<psam_length>17</psam_length>
<optimal_sequence>CGTCACGCATGACTGCA</optimal_sequence>

<psam>
# A            C            G            T             # no. opt  
# +============+============+============+============ # ==+===+==
  0.0994475    1            0.450764     0.103347      #   1   C  
  0.000399122  0            1            0.0149671     #   2   G  
  0.0530526    0.0181053    0            1             #   3   T  
  0.000652316  1            0.000217439  0.105675      #   4   C  
  1            0.0595709    0.00041658   0             #   5   A  
  0.000225073  1            0            0.144947      #   6   C  
  0.000393546  0.000196773  1            0.000393546   #   7   G  
  0            1            0.230713     0             #   8   C  
  1            0.0363761    0.0192176    0.69046       #   9   A  
  0.00238198   0.0989606    0.000433088  1             #  10   T  
  0            0.380197     1            0.011488      #  11   G  
  1            0.000458505  0.166208     0             #  12   A  
  0.505876     1            0.755342     0.456731      #  13   C  
  0.0174954    0.146179     0.00759669   1             #  14   T  
  0.197735     0.0024855    1            0.204916      #  15   G  
  0.567525     1            0.447921     0             #  16   C  
  1            0.808045     0.294807     0.48778       #  17   A  
</psam>
</matrix_reduce>
