<?xml version="1.0" encoding="ISO-8859-1"?>
<matrix_reduce>
<meta>
	<time>04-09-2018 09:53:26</time>
	<source>curated_db.meme</source>
	<comment>meme2psam.py</comment>
	<nsites>31</nsites>
	<e-value>0.0</e-value>
</meta>

<directionality>forward</directionality>
<psam_length>8</psam_length>
<optimal_sequence>AGTCACGG</optimal_sequence>

<psam>
# A            C            G            T             # no. opt  
# +============+============+============+============ # ==+===+==
  1            0.6          0.4          0.9           #   1   A  
  0.3          0            1            0.05          #   2   G  
  0.0769231    0.0384615    0            1             #   3   T  
  0            1            0            0.0357143     #   4   C  
  1            0            0.0769231    0             #   5   A  
  0.0625       1            0            0.6875        #   6   C  
  0.0555556    0            1            0.555556      #   7   G  
  0            1            1            0.727273      #   8   G  
</psam>
</matrix_reduce>
