<?xml version="1.0" encoding="ISO-8859-1"?>
<matrix_reduce>
<meta>
	<time>04-09-2018 09:53:26</time>
	<source>curated_db.meme</source>
	<comment>meme2psam.py</comment>
	<nsites>37</nsites>
	<e-value>0.0</e-value>
</meta>

<directionality>forward</directionality>
<psam_length>14</psam_length>
<optimal_sequence>GTCACTGAAGCGGG</optimal_sequence>

<psam>
# A            C            G            T             # no. opt  
# +============+============+============+============ # ==+===+==
  0.214286     0.5          1            0.642857      #   1   G  
  0.0909091    0.318182     0.136364     1             #   2   T  
  0.615385     1            0.846154     0.0769231     #   3   C  
  1            0.0666667    0.0333333    0.0333333     #   4   A  
  0.25         1            0            0.875         #   5   C  
  0.0769231    0.192308     0.0384615    1             #   6   T  
  0.125        0.9375       1            0             #   7   G  
  1            0.125        0.8125       0.125         #   8   A  
  1            0.733333     0.266667     0.2           #   9   A  
  0            0.28         1            0.08          #  10   G  
  0.2          1            0            0.55          #  11   C  
  0.684211     0.157895     1            0             #  12   G  
  0            0.1875       1            0.9375        #  13   G  
  0.8          0.0666667    1            0.333333      #  14   G  
</psam>
</matrix_reduce>
