<?xml version="1.0" encoding="ISO-8859-1"?>
<matrix_reduce>
<meta>
	<time>04-09-2018 09:53:26</time>
	<source>curated_db.meme</source>
	<comment>meme2psam.py</comment>
	<nsites>3855</nsites>
	<e-value>0.0</e-value>
</meta>

<directionality>forward</directionality>
<psam_length>17</psam_length>
<optimal_sequence>CGTCACGCATGACTGCA</optimal_sequence>

<psam>
# A            C            G            T             # no. opt  
# +============+============+============+============ # ==+===+==
  0.0639211    1            0.487773     0.101244      #   1   C  
  0            0            1            0.00260146    #   2   G  
  0.0213276    0.00399893   0.00186617   1             #   3   T  
  0            1            0            0.0452943     #   4   C  
  1            0.0217622    0.000530786  0.000265393   #   5   A  
  0            1            0            0.0690707     #   6   C  
  0            0            1            0             #   7   G  
  0            1            0.196523     0             #   8   C  
  1            0.0446855    0.00694143   0.619957      #   9   A  
  0.000265041  0.0212033    0            1             #  10   T  
  0.000725953  0.397459     1            0.000725953   #  11   G  
  1            0            0.151823     0             #  12   A  
  0.436753     1            0.675897     0.311517      #  13   C  
  0.00166251   0.0659462    0            1             #  14   T  
  0.0392044    0.00201787   1            0.0694725     #  15   G  
  0.522535     1            0.196787     0             #  16   C  
  1            0.610482     0.294818     0.390113      #  17   A  
</psam>
</matrix_reduce>
