<?xml version="1.0" encoding="ISO-8859-1"?>
<matrix_reduce>
<meta>
	<time>04-09-2018 09:53:26</time>
	<source>curated_db.meme</source>
	<comment>meme2psam.py</comment>
	<nsites>25</nsites>
	<e-value>0.0</e-value>
</meta>

<directionality>forward</directionality>
<psam_length>13</psam_length>
<optimal_sequence>AGAACAGTCTGTA</optimal_sequence>

<psam>
# A            C            G            T             # no. opt  
# +============+============+============+============ # ==+===+==
  1            0            0.75         0.333333      #   1   A  
  0            0.0416667    1            0             #   2   G  
  1            0            0.470588     0             #   3   A  
  1            0            0            0.190476      #   4   A  
  0.0434783    1            0.0434783    0             #   5   C  
  1            0.0952381    0.047619     0.047619      #   6   A  
  0.625        0.625        1            0.875         #   7   G  
  0.3          0.9          0.3          1             #   8   T  
  0.166667     1            0.416667     0.5           #   9   C  
  0.315789     0            0            1             #  10   T  
  0            0            1            0.190476      #  11   G  
  0            0.235294     0.235294     1             #  12   T  
  1            0.6          0            0.9           #  13   A  
</psam>
</matrix_reduce>
