<?xml version="1.0" encoding="ISO-8859-1"?>
<matrix_reduce>
<meta>
	<time>04-09-2018 09:53:26</time>
	<source>curated_db.meme</source>
	<comment>meme2psam.py</comment>
	<nsites>38</nsites>
	<e-value>0.0</e-value>
</meta>

<directionality>forward</directionality>
<psam_length>7</psam_length>
<optimal_sequence>AGAACAG</optimal_sequence>

<psam>
# A            C            G            T             # no. opt  
# +============+============+============+============ # ==+===+==
  1            0            0.269231     0.192308      #   1   A  
  0            0.0285714    1            0.0571429     #   2   G  
  1            0            0.307692     0.0769231     #   3   A  
  1            0            0            0             #   4   A  
  0.0277778    1            0            0             #   5   C  
  1            0            0            0.15625       #   6   A  
  0.461538     0.538462     1            0.846154      #   7   G  
</psam>
</matrix_reduce>
