<?xml version="1.0" encoding="ISO-8859-1"?>
<matrix_reduce>
<meta>
	<time>04-09-2018 09:53:26</time>
	<source>curated_db.meme</source>
	<comment>meme2psam.py</comment>
	<nsites>9830</nsites>
	<e-value>0.0</e-value>
</meta>

<directionality>forward</directionality>
<psam_length>14</psam_length>
<optimal_sequence>TATGAATATTCAAA</optimal_sequence>

<psam>
# A            C            G            T             # no. opt  
# +============+============+============+============ # ==+===+==
  0.376538     0.552609     0.155706     1             #   1   T  
  1            0.157045     0.161983     0.547284      #   2   A  
  0.117684     0.0592826    0.0601636    1             #   3   T  
  0.0680832    0.00789854   1            0.0173545     #   4   G  
  1            0.339421     0.0045311    0.00549224    #   5   A  
  1            0.00376451   0.00533305   0.0186134     #   6   A  
  0.0287724    0.00252021   0.000735062  1             #   7   T  
  1            0.00316356   0.00221449   0.0308974     #   8   A  
  0.0207876    0.0034472    0.00240259   1             #   9   T  
  0.00505872   0.00578139   0.76477      1             #  10   T  
  0.011987     1            0.00583153   0.0436285     #  11   C  
  1            0.0436288    0.0287396    0.062096      #  12   A  
  1            0.195831     0.153027     0.830783      #  13   A  
  1            0.0971246    0.316773     0.155911      #  14   A  
</psam>
</matrix_reduce>
