<?xml version="1.0" encoding="ISO-8859-1"?>
<matrix_reduce>
<meta>
	<time>04-09-2018 09:53:26</time>
	<source>curated_db.meme</source>
	<comment>meme2psam.py</comment>
	<nsites>6442</nsites>
	<e-value>0.0</e-value>
</meta>

<directionality>forward</directionality>
<psam_length>9</psam_length>
<optimal_sequence>TATGCAAAT</optimal_sequence>

<psam>
# A            C            G            T             # no. opt  
# +============+============+============+============ # ==+===+==
  0.114044     0.174234     0.0718057    1             #   1   T  
  1            0.00429868   0.00971183   0.0111447     #   2   A  
  0.0310012    0.0355751    0.0245638    1             #   3   T  
  0.0245237    0.0109413    1            0.1794        #   4   G  
  0.0299373    1            0.112323     0.352286      #   5   C  
  1            0.00813592   0.0105288    0.522613      #   6   A  
  1            0.0184731    0.0942507    0.101414      #   7   A  
  1            0.00404269   0.0113195    0.0260349     #   8   A  
  0.132918     0.0430715    0.0791269    1             #   9   T  
</psam>
</matrix_reduce>
