<?xml version="1.0" encoding="ISO-8859-1"?>
<matrix_reduce>
<meta>
	<time>04-09-2018 09:53:26</time>
	<source>curated_db.meme</source>
	<comment>meme2psam.py</comment>
	<nsites>1420</nsites>
	<e-value>0.0</e-value>
</meta>

<directionality>forward</directionality>
<psam_length>12</psam_length>
<optimal_sequence>ATGAATATGCAA</optimal_sequence>

<psam>
# A            C            G            T             # no. opt  
# +============+============+============+============ # ==+===+==
  1            0.188514     0.0886392    0.493134      #   1   A  
  0.261252     0.0704501    0.055773     1             #   2   T  
  0.37689      0.0561555    1            0.0971922     #   3   G  
  1            0.523973     0.0319635    0.0627854     #   4   A  
  1            0.0275624    0.047373     0.145564      #   5   A  
  0.133001     0.0266002    0.0191189    1             #   6   T  
  1            0.0182106    0.0277118    0.077593      #   7   A  
  0.325462     0.0667351    0.063655     1             #   8   T  
  0.109312     0.0377868    1            0.765182      #   9   G  
  0.118996     1            0.069869     0.35917       #  10   C  
  1            0.0351494    0.0544815    0.156415      #  11   A  
  1            0.137255     0.220211     0.781297      #  12   A  
</psam>
</matrix_reduce>
