<?xml version="1.0" encoding="ISO-8859-1"?>
<matrix_reduce>
<meta>
	<time>04-09-2018 09:53:26</time>
	<source>curated_db.meme</source>
	<comment>meme2psam.py</comment>
	<nsites>10897</nsites>
	<e-value>0.0</e-value>
</meta>

<directionality>forward</directionality>
<psam_length>11</psam_length>
<optimal_sequence>ATATGCAAATT</optimal_sequence>

<psam>
# A            C            G            T             # no. opt  
# +============+============+============+============ # ==+===+==
  1            0.261477     0.512305     0.80407       #   1   A  
  0.105443     0.208095     0.068773     1             #   2   T  
  1            0.00243674   0.00834114   0.010403      #   3   A  
  0.0259436    0.0562621    0.0263506    1             #   4   T  
  0.0240833    0.0113908    1            0.146453      #   5   G  
  0.0386569    1            0.15364      0.344808      #   6   C  
  1            0.010454     0.0147501    0.535014      #   7   A  
  1            0.0136185    0.114125     0.098368      #   8   A  
  1            0.00741311   0.0143449    0.027053      #   9   A  
  0.169417     0.060995     0.101455     1             #  10   T  
  0.492117     0.4618       0.688819     1             #  11   T  
</psam>
</matrix_reduce>
