<?xml version="1.0" encoding="ISO-8859-1"?>
<matrix_reduce>
<meta>
	<time>04-09-2018 09:53:26</time>
	<source>curated_db.meme</source>
	<comment>meme2psam.py</comment>
	<nsites>2328</nsites>
	<e-value>0.0</e-value>
</meta>

<directionality>forward</directionality>
<psam_length>14</psam_length>
<optimal_sequence>CATGCATATGCAAA</optimal_sequence>

<psam>
# A            C            G            T             # no. opt  
# +============+============+============+============ # ==+===+==
  0.858478     1            0.319092     0.927904      #   1   C  
  1            0.366248     0.142729     0.579892      #   2   A  
  0.213504     0.153893     0.0474453    1             #   3   T  
  0.510317     0.137302     1            0.198413      #   4   G  
  0.929391     1            0.0414828    0.082083      #   5   C  
  1            0.0819113    0.0494881    0.191695      #   6   A  
  0.073301     0.0398058    0.0165049    1             #   7   T  
  1            0.0179669    0.00851064   0.0732861     #   8   A  
  0.278497     0.0998152    0.0548367    1             #   9   T  
  0.153992     0.0741445    1            0.98289       #  10   G  
  0.155844     1            0.0544218    0.2282        #  11   C  
  1            0.105505     0.0722477    0.156537      #  12   A  
  1            0.31547      0.242669     0.793731      #  13   A  
  1            0.420543     0.360465     0.472868      #  14   A  
</psam>
</matrix_reduce>
