<?xml version="1.0" encoding="ISO-8859-1"?>
<matrix_reduce>
<meta>
	<time>04-09-2018 09:53:26</time>
	<source>curated_db.meme</source>
	<comment>meme2psam.py</comment>
	<nsites>17233</nsites>
	<e-value>0.0</e-value>
</meta>

<directionality>forward</directionality>
<psam_length>9</psam_length>
<optimal_sequence>TATGCAAAT</optimal_sequence>

<psam>
# A            C            G            T             # no. opt  
# +============+============+============+============ # ==+===+==
  0.0107276    0.0173798    0.00455472   1             #   1   T  
  1            5.80956e-05  0.000580956  0.000406669   #   2   A  
  0.00168998   0.00238928   0.00011655   1             #   3   T  
  0.00148205   0.000773246  1            0.108061      #   4   G  
  0.000759927  1            0.00183649   0.0885314     #   5   C  
  1            0.000498114  0.00462535   0.22102       #   6   A  
  1            0.0201655    0.0237782    0.0878875     #   7   A  
  1            0.00284242   0.0058625    0.0116066     #   8   A  
  0.0959366    0.0195573    0.0229931    1             #   9   T  
</psam>
</matrix_reduce>
