<?xml version="1.0" encoding="ISO-8859-1"?>
<matrix_reduce>
<meta>
	<time>04-09-2018 09:53:26</time>
	<source>curated_db.meme</source>
	<comment>meme2psam.py</comment>
	<nsites>2287</nsites>
	<e-value>0.0</e-value>
</meta>

<directionality>forward</directionality>
<psam_length>13</psam_length>
<optimal_sequence>TTCATTTGCATAT</optimal_sequence>

<psam>
# A            C            G            T             # no. opt  
# +============+============+============+============ # ==+===+==
  0.496403     0.760192     0.480815     1             #   1   T  
  0.590858     0.296544     0.661093     1             #   2   T  
  0.733333     1            0.501818     0.534545      #   3   C  
  1            0.00942928   0            0.124566      #   4   A  
  0            0            0            1             #   5   T  
  0.12574      0.000986193  0            1             #   6   T  
  0            0            0            1             #   7   T  
  0.0786573    0            1            0.0661323     #   8   G  
  0            1            0            0.00660502    #   9   C  
  1            0.0132979    0            0             #  10   A  
  0            0.000875657  0            1             #  11   T  
  1            0.0336788    0.529361     0.411054      #  12   A  
  0.485294     0.294935     0.0866013    1             #  13   T  
</psam>
</matrix_reduce>
