<?xml version="1.0" encoding="ISO-8859-1"?>
<matrix_reduce>
<meta>
	<time>04-09-2018 09:53:26</time>
	<source>curated_db.meme</source>
	<comment>meme2psam.py</comment>
	<nsites>1201</nsites>
	<e-value>0.0</e-value>
</meta>

<directionality>forward</directionality>
<psam_length>9</psam_length>
<optimal_sequence>TATGCAAAT</optimal_sequence>

<psam>
# A            C            G            T             # no. opt  
# +============+============+============+============ # ==+===+==
  0.222222     0.246212     0.0429293    1             #   1   T  
  1            0            0            0             #   2   A  
  0            0            0            1             #   3   T  
  0            0            1            0.147228      #   4   G  
  0            1            0            0.0344828     #   5   C  
  1            0            0            0             #   6   A  
  1            0            0            0.15942       #   7   A  
  1            0            0            0             #   8   A  
  0.085796     0.0533842    0.00381316   1             #   9   T  
</psam>
</matrix_reduce>
