<?xml version="1.0" encoding="ISO-8859-1"?>
<matrix_reduce>
<meta>
	<time>04-09-2018 09:53:26</time>
	<source>curated_db.meme</source>
	<comment>meme2psam.py</comment>
	<nsites>100</nsites>
	<e-value>0.0</e-value>
</meta>

<directionality>forward</directionality>
<psam_length>16</psam_length>
<optimal_sequence>TTGTATGCAAATTAGA</optimal_sequence>

<psam>
# A            C            G            T             # no. opt  
# +============+============+============+============ # ==+===+==
  0.363636     0.454545     0.454545     1             #   1   T  
  0.615385     0.564103     0.384615     1             #   2   T  
  0.475        0.325        1            0.7           #   3   G  
  0.12         0.16         0.0533333    1             #   4   T  
  1            0            0            0.010101      #   5   A  
  0            0.010101     0            1             #   6   T  
  0            0            1            0.0638298     #   7   G  
  0            1            0            0.0989011     #   8   C  
  1            0            0            0.351351      #   9   A  
  1            0            0.010989     0.0879121     #  10   A  
  1            0            0            0.010101      #  11   A  
  0.0208333    0            0.0208333    1             #  12   T  
  0.375        0.4          0.7          1             #  13   T  
  1            0.521739     0.23913      0.413043      #  14   A  
  0.8          0.457143     1            0.571429      #  15   G  
  1            0.585366     0.439024     0.414634      #  16   A  
</psam>
</matrix_reduce>
