<?xml version="1.0" encoding="ISO-8859-1"?>
<matrix_reduce>
<meta>
	<time>04-09-2018 09:53:26</time>
	<source>curated_db.meme</source>
	<comment>meme2psam.py</comment>
	<nsites>100</nsites>
	<e-value>0.0</e-value>
</meta>

<directionality>forward</directionality>
<psam_length>16</psam_length>
<optimal_sequence>TTGTATGCAAATTAGA</optimal_sequence>

<psam>
# A            C            G            T             # no. opt  
# +============+============+============+============ # ==+===+==
  0.368421     0.710526     0.552632     1             #   1   T  
  0.75         0.555556     0.472222     1             #   2   T  
  0.657143     0.428571     1            0.771429      #   3   G  
  0.175676     0.135135     0.0405405    1             #   4   T  
  1            0            0            0.010101      #   5   A  
  0            0.0204082    0            1             #   6   T  
  0.0108696    0            1            0.076087      #   7   G  
  0            1            0.011236     0.11236       #   8   C  
  1            0            0            0.351351      #   9   A  
  1            0            0.011236     0.11236       #  10   A  
  1            0            0            0.0204082     #  11   A  
  0.0319149    0.0106383    0.0212766    1             #  12   T  
  0.487805     0.292683     0.658537     1             #  13   T  
  1            0.4          0.22         0.38          #  14   A  
  0.945946     0.351351     1            0.405405      #  15   G  
  1            0.585366     0.536585     0.317073      #  16   A  
</psam>
</matrix_reduce>
