<?xml version="1.0" encoding="ISO-8859-1"?>
<matrix_reduce>
<meta>
	<time>04-09-2018 09:53:26</time>
	<source>curated_db.meme</source>
	<comment>meme2psam.py</comment>
	<nsites>100</nsites>
	<e-value>0.0</e-value>
</meta>

<directionality>forward</directionality>
<psam_length>17</psam_length>
<optimal_sequence>AATTAATTAATTAATTC</optimal_sequence>

<psam>
# A            C            G            T             # no. opt  
# +============+============+============+============ # ==+===+==
  1            0.342105     0.736842     0.526316      #   1   A  
  1            0.742857     0.714286     0.4           #   2   A  
  0.625        0.84375      0.65625      1             #   3   T  
  0.147059     0.0735294    0.25         1             #   4   T  
  1            0.158537     0.0243902    0.0365854     #   5   A  
  1            0.032967     0.021978     0.043956      #   6   A  
  0.0537634    0.0107527    0.0107527    1             #   7   T  
  0.0319149    0.0106383    0.0212766    1             #   8   T  
  1            0.0212766    0.0106383    0.0319149     #   9   A  
  1            0.0107527    0.0107527    0.0537634     #  10   A  
  0.0326087    0.0217391    0.0326087    1             #  11   T  
  0.0493827    0.0246914    0.160494     1             #  12   T  
  1            0.135802     0.0123457    0.0864198     #  13   A  
  1            0.151515     0.242424     0.121212      #  14   A  
  0.342857     0.571429     0.942857     1             #  15   T  
  0.37037      0.222222     0.259259     1             #  16   T  
  0.964286     1            0.785714     0.821429      #  17   C  
</psam>
</matrix_reduce>
