<?xml version="1.0" encoding="ISO-8859-1"?>
<matrix_reduce>
<meta>
	<time>04-09-2018 09:53:26</time>
	<source>curated_db.meme</source>
	<comment>meme2psam.py</comment>
	<nsites>2715</nsites>
	<e-value>0.0</e-value>
</meta>

<directionality>forward</directionality>
<psam_length>12</psam_length>
<optimal_sequence>ATGCATAATTTA</optimal_sequence>

<psam>
# A            C            G            T             # no. opt  
# +============+============+============+============ # ==+===+==
  1            0.223082     0.168191     0.517241      #   1   A  
  0.185863     0.0988631    0.0568463    1             #   2   T  
  0.276833     0.0690755    1            0.0961743     #   3   G  
  0.82055      1            0.0101302    0.132417      #   4   C  
  1            0.0298147    0.0185334    0.0451249     #   5   A  
  0.012021     0.0052592    0.00150263   1             #   6   T  
  1            0.0317061    0.046301     0.287871      #   7   A  
  1            0.103684     0.0363158    0.287895      #   8   A  
  0.645695     0.0887417    0.0615894    1             #   9   T  
  0.239928     0.117258     0.273602     1             #  10   T  
  0.621531     0.502103     0.157275     1             #  11   T  
  1            0.11123      0.125134     0.213904      #  12   A  
</psam>
</matrix_reduce>
