<?xml version="1.0" encoding="ISO-8859-1"?>
<matrix_reduce>
<meta>
	<time>04-09-2018 09:53:26</time>
	<source>curated_db.meme</source>
	<comment>meme2psam.py</comment>
	<nsites>2928</nsites>
	<e-value>0.0</e-value>
</meta>

<directionality>forward</directionality>
<psam_length>12</psam_length>
<optimal_sequence>TTATGCAAATTA</optimal_sequence>

<psam>
# A            C            G            T             # no. opt  
# +============+============+============+============ # ==+===+==
  0.719639     0.0874393    0.223456     1             #   1   T  
  0.204184     0.0750341    0.051387     1             #   2   T  
  1            0.00279232   0.0104712    0.00837696    #   3   A  
  0.0175376    0.0211167    0.00823193   1             #   4   T  
  0.0148402    0.00494673   1            0.0936073     #   5   G  
  0.0686671    1            0.166763     0.452972      #   6   C  
  1            0.000598444  0.0143627    0.736086      #   7   A  
  1            0.0413052    0.0524577    0.114829      #   8   A  
  1            0.00784314   0.00998217   0.0253119     #   9   A  
  0.10449      0.0383673    0.0514286    1             #  10   T  
  0.327062     0.258321     0.531114     1             #  11   T  
  1            0.316397     0.299461     0.636644      #  12   A  
</psam>
</matrix_reduce>
