<?xml version="1.0" encoding="ISO-8859-1"?>
<matrix_reduce>
<meta>
	<time>04-09-2018 09:53:26</time>
	<source>curated_db.meme</source>
	<comment>meme2psam.py</comment>
	<nsites>15</nsites>
	<e-value>0.0</e-value>
</meta>

<directionality>forward</directionality>
<psam_length>14</psam_length>
<optimal_sequence>GATTGTAATGCAAA</optimal_sequence>

<psam>
# A            C            G            T             # no. opt  
# +============+============+============+============ # ==+===+==
  1            1            1            0.25          #   1   G  
  1            0            0.444444     0.111111      #   2   A  
  0.0769231    0            0.0769231    1             #   3   T  
  0.142857     0            0.857143     1             #   4   T  
  0.142857     0.571429     1            0.142857      #   5   G  
  0.666667     0            0            1             #   6   T  
  1            0            0.111111     0.444444      #   7   A  
  1            0            0            0.0769231     #   8   A  
  0.0769231    0            0.0769231    1             #   9   T  
  0.0833333    0.0833333    1            0.0833333     #  10   G  
  0.0833333    1            0.0833333    0             #  11   C  
  1            0            0.333333     0.333333      #  12   A  
  1            0.142857     0.142857     0.571429      #  13   A  
  1            0.166667     0.5          0.666667      #  14   A  
</psam>
</matrix_reduce>
