<?xml version="1.0" encoding="ISO-8859-1"?>
<matrix_reduce>
<meta>
	<time>04-09-2018 09:53:26</time>
	<source>curated_db.meme</source>
	<comment>meme2psam.py</comment>
	<nsites>100</nsites>
	<e-value>0.0</e-value>
</meta>

<directionality>forward</directionality>
<psam_length>16</psam_length>
<optimal_sequence>AGTTATTAATGAGGTC</optimal_sequence>

<psam>
# A            C            G            T             # no. opt  
# +============+============+============+============ # ==+===+==
  1            0.526316     0.421053     0.684211      #   1   A  
  0.8          0.657143     1            0.371429      #   2   G  
  0.321429     0.125        0.339286     1             #   3   T  
  0.480769     0.423077     0.0192308    1             #   4   T  
  1            0.0107527    0.0107527    0.0537634     #   5   A  
  0.0103093    0.0206186    0            1             #   6   T  
  0.0204082    0            0            1             #   7   T  
  1            0            0            0.0309278     #   8   A  
  1            0            0            0.010101      #   9   A  
  0.0102041    0.0102041    0            1             #  10   T  
  0.107143     0.0178571    1            0.660714      #  11   G  
  1            0.0319149    0.0106383    0.0212766     #  12   A  
  0.885714     0.342857     1            0.628571      #  13   G  
  0.16         0.22         1            0.62          #  14   G  
  0.488889     0.6          0.133333     1             #  15   T  
  0.345455     1            0.109091     0.363636      #  16   C  
</psam>
</matrix_reduce>
