<?xml version="1.0" encoding="ISO-8859-1"?>
<matrix_reduce>
<meta>
	<time>04-09-2018 09:53:26</time>
	<source>curated_db.meme</source>
	<comment>meme2psam.py</comment>
	<nsites>27</nsites>
	<e-value>0.0</e-value>
</meta>

<directionality>forward</directionality>
<psam_length>13</psam_length>
<optimal_sequence>TATTAATGAGCTG</optimal_sequence>

<psam>
# A            C            G            T             # no. opt  
# +============+============+============+============ # ==+===+==
  0.0625       0.4375       0            1             #   1   T  
  1            0.214286     0.357143     0.142857      #   2   A  
  0            0.181818     0            1             #   3   T  
  0            0            0            1             #   4   T  
  1            0            0            0             #   5   A  
  1            0            0            0             #   6   A  
  0            0            0            1             #   7   T  
  0            0            1            0.3           #   8   G  
  1            0            0.0909091    0.0454545     #   9   A  
  0            0.111111     1            0.277778      #  10   G  
  0.181818     1            0.0909091    0.818182      #  11   C  
  0.214286     0.285714     0.214286     1             #  12   T  
  0.2          0.1          1            1             #  13   G  
</psam>
</matrix_reduce>
