<?xml version="1.0" encoding="ISO-8859-1"?>
<matrix_reduce>
<meta>
	<time>04-09-2018 09:53:26</time>
	<source>curated_db.meme</source>
	<comment>meme2psam.py</comment>
	<nsites>3355</nsites>
	<e-value>0.0</e-value>
</meta>

<directionality>forward</directionality>
<psam_length>16</psam_length>
<optimal_sequence>ATGCATAATTAATGAG</optimal_sequence>

<psam>
# A            C            G            T             # no. opt  
# +============+============+============+============ # ==+===+==
  1            0.321196     0.517555     0.341352      #   1   A  
  0.0397895    0.0437356    0.0190727    1             #   2   T  
  0.0558623    0.00974342   1            0.0233842     #   3   G  
  0.469271     1            0.000438982  0.00175593    #   4   C  
  1            0.00180072   0.00120048   0.00330132    #   5   A  
  0.00029824   0            0            1             #   6   T  
  1            0.00293542   0.00456621   0.0861057     #   7   A  
  1            0.0309893    0.0198649    0.28089       #   8   A  
  0.0277515    0.0195522    0.0100915    1             #   9   T  
  0.113894     0.00334001   0.00267201   1             #  10   T  
  1            0.00821558   0.0752547    0.0180743     #  11   A  
  1            0.00119725   0.0026938    0             #  12   A  
  0.00683867   0.0105689    0.0248679    1             #  13   T  
  0.0591085    0.0765504    1            0.488857      #  14   G  
  1            0.075388     0.0872136    0.0764967     #  15   A  
  0.258801     0.236917     1            0.0999049     #  16   G  
</psam>
</matrix_reduce>
