<?xml version="1.0" encoding="ISO-8859-1"?>
<matrix_reduce>
<meta>
	<time>04-09-2018 09:53:26</time>
	<source>curated_db.meme</source>
	<comment>meme2psam.py</comment>
	<nsites>4835</nsites>
	<e-value>0.0</e-value>
</meta>

<directionality>forward</directionality>
<psam_length>16</psam_length>
<optimal_sequence>ATGCATAATTAATGAG</optimal_sequence>

<psam>
# A            C            G            T             # no. opt  
# +============+============+============+============ # ==+===+==
  1            0.381836     0.520996     0.45752       #   1   A  
  0.070508     0.077584     0.0732878    1             #   2   T  
  0.225776     0.079164     1            0.225776      #   3   G  
  0.927726     1            0.0118416    0.0338914     #   4   C  
  1            0.0127697    0.0110084    0.0402906     #   5   A  
  0.0237738    0.00514029   0.00621118   1             #   6   T  
  1            0.041155     0.0434783    0.519084      #   7   A  
  1            0.0387286    0.0403312    0.211806      #   8   A  
  0.113642     0.0264511    0.0435954    1             #   9   T  
  0.128377     0.017596     0.0517968    1             #  10   T  
  1            0.210032     0.254421     0.280043      #  11   A  
  1            0.00548061   0.00716695   0.00632378    #  12   A  
  0.055996     0.0939049    0.0475719    1             #  13   T  
  0.248435     0.210485     1            0.431925      #  14   G  
  1            0.445911     0.292589     0.320273      #  15   A  
  0.591701     0.483607     1            0.400615      #  16   G  
</psam>
</matrix_reduce>
