<?xml version="1.0" encoding="ISO-8859-1"?>
<matrix_reduce>
<meta>
	<time>04-09-2018 09:53:26</time>
	<source>curated_db.meme</source>
	<comment>meme2psam.py</comment>
	<nsites>1895</nsites>
	<e-value>0.0</e-value>
</meta>

<directionality>forward</directionality>
<psam_length>16</psam_length>
<optimal_sequence>ATGCATAATTAATGAG</optimal_sequence>

<psam>
# A            C            G            T             # no. opt  
# +============+============+============+============ # ==+===+==
  1            0.436508     0.599206     0.468254      #   1   A  
  0.1031       0.109838     0.0626685    1             #   2   T  
  0.141617     0.0293921    1            0.0941884     #   3   G  
  0.830558     1            0.00783546   0.0146915     #   4   C  
  1            0.00599782   0.00381679   0.0223555     #   5   A  
  0.00746269   0.0010661    0.000533049  1             #   6   T  
  1            0.0160279    0.0229965    0.280139      #   7   A  
  1            0.0624506    0.0434783    0.390514      #   8   A  
  0.0915842    0.0519802    0.0284653    1             #   9   T  
  0.136504     0.0142063    0.0191476    1             #  10   T  
  1            0.0654596    0.137187     0.115599      #  11   A  
  1            0.00159659   0.00266099   0.00319319    #  12   A  
  0.0428485    0.0380205    0.0609535    1             #  13   T  
  0.156615     0.155642     1            0.529183      #  14   G  
  1            0.197218     0.188216     0.163666      #  15   A  
  0.444444     0.338624     1            0.221164      #  16   G  
</psam>
</matrix_reduce>
