<?xml version="1.0" encoding="ISO-8859-1"?>
<matrix_reduce>
<meta>
	<time>04-09-2018 09:53:26</time>
	<source>curated_db.meme</source>
	<comment>meme2psam.py</comment>
	<nsites>1320</nsites>
	<e-value>0.0</e-value>
</meta>

<directionality>forward</directionality>
<psam_length>16</psam_length>
<optimal_sequence>ATTTGCATAACAAAGG</optimal_sequence>

<psam>
# A            C            G            T             # no. opt  
# +============+============+============+============ # ==+===+==
  1            0.178862     0.142857     0.209059      #   1   A  
  0.0502742    0.0758684    0.0776965    1             #   2   T  
  0.15         0.32381      0.0928571    1             #   3   T  
  0.228708     0.0210526    0.0114833    1             #   4   T  
  0.194059     0.10099      1            0.00990099    #   5   G  
  0.0681245    1            0.0361648    0.00504626    #   6   C  
  1            0.00627943   0.00235479   0.0266876     #   7   A  
  0.0995708    0.0145923    0.0171674    1             #   8   T  
  1            0.253076     0.56942      0.493849      #   9   A  
  1            0.0822943    0.0798005    0.482544      #  10   A  
  0.11399      1            0.376943     0.215026      #  11   C  
  1            0.0966312    0.0319149    0.0398936     #  12   A  
  1            0.0320405    0.0725126    0.00674536    #  13   A  
  1            0.0662558    0.120185     0.844376      #  14   A  
  0.470976     0.102902     1            0.164908      #  15   G  
  0.563427     0.3229       1            0.285008      #  16   G  
</psam>
</matrix_reduce>
