<?xml version="1.0" encoding="ISO-8859-1"?>
<matrix_reduce>
<meta>
	<time>04-09-2018 09:53:26</time>
	<source>curated_db.meme</source>
	<comment>meme2psam.py</comment>
	<nsites>28</nsites>
	<e-value>0.0</e-value>
</meta>

<directionality>forward</directionality>
<psam_length>20</psam_length>
<optimal_sequence>GTAGGTCACGGTGACCTACT</optimal_sequence>

<psam>
# A            C            G            T             # no. opt  
# +============+============+============+============ # ==+===+==
  0.214286     0.5          1            0.214286      #   1   G  
  0.125        0            0            1             #   2   T  
  1            0            0.5          0             #   3   A  
  0            0            1            0             #   4   G  
  0            0            1            0             #   5   G  
  0            0            0.130435     1             #   6   T  
  0.0869565    1            0.130435     0             #   7   C  
  1            0            0            0             #   8   A  
  0.285714     1            0.214286     0.214286      #   9   C  
  0.4          0.7          1            0.6           #  10   G  
  0.176471     0.117647     1            0.176471      #  11   G  
  0            0            0.0833333    1             #  12   T  
  0.1          0.2          1            0             #  13   G  
  1            0.190476     0            0             #  14   A  
  0            1            0            0             #  15   C  
  0            1            0            0.125         #  16   C  
  0.230769     0.846154     0            1             #  17   T  
  1            0.190476     0            0             #  18   A  
  0.363636     1            0.545455     0.363636      #  19   C  
  0.35         0            0            1             #  20   T  
</psam>
</matrix_reduce>
