<?xml version="1.0" encoding="ISO-8859-1"?>
<matrix_reduce>
<meta>
	<time>04-09-2018 09:53:26</time>
	<source>curated_db.meme</source>
	<comment>meme2psam.py</comment>
	<nsites>972</nsites>
	<e-value>0.0</e-value>
</meta>

<directionality>forward</directionality>
<psam_length>18</psam_length>
<optimal_sequence>AAGTAGGTCAAAGGTCAC</optimal_sequence>

<psam>
# A            C            G            T             # no. opt  
# +============+============+============+============ # ==+===+==
  1            0.372781     0.266272     0.276134      #   1   A  
  1            0.177778     0.240404     0.543434      #   2   A  
  0.409449     0.776903     1            0.35958       #   3   G  
  0.17331      0.197574     0.310225     1             #   4   T  
  1            0.0313043    0.596522     0.0591304     #   5   A  
  0.0828402    0            1            0.0639053     #   6   G  
  0.0875146    0.00816803   1            0.0350058     #   7   G  
  0.177982     0.163303     0.438532     1             #   8   T  
  0.0680556    1            0.219444     0.0597222     #   9   C  
  1            0.0137276    0.00739176   0.00211193    #  10   A  
  1            0.221811     0.386322     0.184843      #  11   A  
  1            0.136725     0.324324     0.0794913     #  12   A  
  0.0695553    0.004561     1            0.0307868     #  13   G  
  0.059727     0.0136519    1            0.580205      #  14   G  
  0.0649351    0.205628     0.829004     1             #  15   T  
  0.483932     1            0.200378     0.147448      #  16   C  
  1            0.57404      0.0914077    0.106033      #  17   A  
  0.345494     1            0.414163     0.324034      #  18   C  
</psam>
</matrix_reduce>
