<?xml version="1.0" encoding="ISO-8859-1"?>
<matrix_reduce>
<meta>
	<time>04-09-2018 09:53:26</time>
	<source>curated_db.meme</source>
	<comment>meme2psam.py</comment>
	<nsites>998</nsites>
	<e-value>0.0</e-value>
</meta>

<directionality>forward</directionality>
<psam_length>9</psam_length>
<optimal_sequence>CAAAGGTCA</optimal_sequence>

<psam>
# A            C            G            T             # no. opt  
# +============+============+============+============ # ==+===+==
  0.842233     1            0.240291     0.334951      #   1   C  
  1            0.191919     0.442761     0.0387205     #   2   A  
  1            0.0886364    0.315909     0.861364      #   3   A  
  1            0            0.170789     0.00117786    #   4   A  
  0.0290456    0            1            0.00414938    #   5   G  
  0.00960512   0.00106724   1            0.0512273     #   6   G  
  0.030343     0.0686016    0.21372      1             #   7   T  
  0.0246305    1            0.162562     0.0381773     #   8   C  
  1            0.0150054    0.0182208    0.0332262     #   9   A  
</psam>
</matrix_reduce>
