<?xml version="1.0" encoding="ISO-8859-1"?>
<matrix_reduce>
<meta>
	<time>04-09-2018 09:53:26</time>
	<source>curated_db.meme</source>
	<comment>meme2psam.py</comment>
	<nsites>18</nsites>
	<e-value>0.0</e-value>
</meta>

<directionality>forward</directionality>
<psam_length>14</psam_length>
<optimal_sequence>TAGGACAAAGGTCA</optimal_sequence>

<psam>
# A            C            G            T             # no. opt  
# +============+============+============+============ # ==+===+==
  0.142857     1            0.142857     1             #   1   T  
  1            0            0.25         0.0833333     #   2   A  
  0            0.0625       1            0             #   3   G  
  0.0714286    0.0714286    1            0.0714286     #   4   G  
  1            0.6          0.6          0.6           #   5   A  
  0.428571     1            0.428571     0.428571      #   6   C  
  1            0.214286     0            0.0714286     #   7   A  
  1            0.3          0.3          0.1           #   8   A  
  1            0            0.0625       0.0625        #   9   A  
  0            0            1            0.0625        #  10   G  
  0.0625       0            1            0.0625        #  11   G  
  0.25         0.0833333    0.0833333    1             #  12   T  
  0.0833333    1            0.0833333    0.0833333     #  13   C  
  1            0            0.25         0.0833333     #  14   A  
</psam>
</matrix_reduce>
