<?xml version="1.0" encoding="ISO-8859-1"?>
<matrix_reduce>
<meta>
	<time>04-09-2018 09:53:26</time>
	<source>curated_db.meme</source>
	<comment>meme2psam.py</comment>
	<nsites>1026</nsites>
	<e-value>0.0</e-value>
</meta>

<directionality>forward</directionality>
<psam_length>14</psam_length>
<optimal_sequence>GAAAGTGAAAGTGA</optimal_sequence>

<psam>
# A            C            G            T             # no. opt  
# +============+============+============+============ # ==+===+==
  0.6          0.113514     1            0.127928      #   1   G  
  1            0.0360963    0.279412     0.052139      #   2   A  
  1            0.0715909    0.0681818    0.0215909     #   3   A  
  1            0.00394867   0.005923     0.000987167   #   4   A  
  0.00697211   0.000996016  1            0.0129482     #   5   G  
  0.0455927    0.0987842    0.411854     1             #   6   T  
  0.00993049   0.00297915   1            0.00397219    #   7   G  
  1            0.00392542   0.000981354  0.000981354   #   8   A  
  1            0.00397614   0.0129225    0.000994036   #   9   A  
  1            0.006917     0.00395257   0.000988142   #  10   A  
  0.00434311   0.0260586    1            0.0803474     #  11   G  
  0.0496552    0.0772414    0.284138     1             #  12   T  
  0.567568     0.0918919    1            0.187387      #  13   G  
  1            0.70229      0.531807     0.374046      #  14   A  
</psam>
</matrix_reduce>
