<?xml version="1.0" encoding="ISO-8859-1"?>
<matrix_reduce>
<meta>
	<time>04-09-2018 09:53:26</time>
	<source>curated_db.meme</source>
	<comment>meme2psam.py</comment>
	<nsites>4603</nsites>
	<e-value>0.0</e-value>
</meta>

<directionality>forward</directionality>
<psam_length>15</psam_length>
<optimal_sequence>AGAAAGTGAAAGTGA</optimal_sequence>

<psam>
# A            C            G            T             # no. opt  
# +============+============+============+============ # ==+===+==
  1            0.264904     0.58324      0.739595      #   1   A  
  0.707422     0.127413     1            0.138996      #   2   G  
  1            0.109276     0.218551     0.133736      #   3   A  
  1            0.125968     0.126542     0.0677188     #   4   A  
  1            0            0.102804     0             #   5   A  
  0.10426      0            1            0.0354136     #   6   G  
  0.25679      0.038448     0.32769      1             #   7   T  
  0.0480528    0            1            0             #   8   G  
  1            0            0            0             #   9   A  
  1            0            0.1031       0.00288392    #  10   A  
  1            0            0.00867245   0.0148988     #  11   A  
  0.0379838    0.0336837    1            0.0277114     #  12   G  
  0.0330673    0.130274     0.148233     1             #  13   T  
  0.472086     0.221974     1            0.361322      #  14   G  
  1            0.380509     0.476494     0.39618       #  15   A  
</psam>
</matrix_reduce>
