<?xml version="1.0" encoding="ISO-8859-1"?>
<matrix_reduce>
<meta>
	<time>04-09-2018 09:53:26</time>
	<source>curated_db.meme</source>
	<comment>meme2psam.py</comment>
	<nsites>1000</nsites>
	<e-value>0.0</e-value>
</meta>

<directionality>forward</directionality>
<psam_length>15</psam_length>
<optimal_sequence>AGAAAGTGAAAGTGA</optimal_sequence>

<psam>
# A            C            G            T             # no. opt  
# +============+============+============+============ # ==+===+==
  1            0.487179     0.504274     0.85755       #   1   A  
  0.566993     0.0326797    1            0.0343137     #   2   G  
  1            0.0644028    0.0362998    0.0690867     #   3   A  
  1            0.0153846    0.0527473    0.0307692     #   4   A  
  1            0.00819672   0.0133197    0.00307377    #   5   A  
  0.0146597    0.0104712    1            0.0188482     #   6   G  
  0.022567     0.180536     0.203103     1             #   7   T  
  0.0214505    0            1            0             #   8   G  
  1            0.0070922    0.00405268   0.00202634    #   9   A  
  1            0.00328587   0.0887185    0             #  10   A  
  1            0.00509165   0.00712831   0.00305499    #  11   A  
  0.00506073   0.00303644   1            0.00404858    #  12   G  
  0.00444444   0.0555556    0.0511111    1             #  13   T  
  0.378882     0.180124     1            0.511387      #  14   G  
  1            0.729904     0.874598     0.610932      #  15   A  
</psam>
</matrix_reduce>
