<?xml version="1.0" encoding="ISO-8859-1"?>
<matrix_reduce>
<meta>
	<time>04-09-2018 09:53:26</time>
	<source>curated_db.meme</source>
	<comment>meme2psam.py</comment>
	<nsites>3519</nsites>
	<e-value>0.0</e-value>
</meta>

<directionality>forward</directionality>
<psam_length>12</psam_length>
<optimal_sequence>CAAGACGCCTTA</optimal_sequence>

<psam>
# A            C            G            T             # no. opt  
# +============+============+============+============ # ==+===+==
  0.115287     1            0.361146     0.763057      #   1   C  
  1            0.00475907   0.0276621    0.0133849     #   2   A  
  1            0.0679245    0.0140652    0.124528      #   3   A  
  0.0185346    0            1            0.000289603   #   4   G  
  1            0.00615836   0.0249267    0.00058651    #   5   A  
  0.00898551   1            0            0.0104348     #   6   C  
  0.00435188   0.000310849  1            0.0885919     #   7   G  
  0.00625711   1            0.00455063   0.989761      #   8   C  
  0.000861079  1            0.00344432   0.00516648    #   9   C  
  0.00118238   0.000886787  0.0378362    1             #  10   T  
  0.00485437   0.0506675    0.0115291    1             #  11   T  
  1            0.25886      0.284432     0.0345446     #  12   A  
</psam>
</matrix_reduce>
