<?xml version="1.0" encoding="ISO-8859-1"?>
<matrix_reduce>
<meta>
	<time>04-09-2018 09:53:26</time>
	<source>curated_db.meme</source>
	<comment>meme2psam.py</comment>
	<nsites>121</nsites>
	<e-value>0.0</e-value>
</meta>

<directionality>forward</directionality>
<psam_length>17</psam_length>
<optimal_sequence>AGGTCACCGAGAGGTCA</optimal_sequence>

<psam>
# A            C            G            T             # no. opt  
# +============+============+============+============ # ==+===+==
  1            0.030303     0.712121     0.0606061     #   1   A  
  0            0            1            0.0169492     #   2   G  
  0.0779221    0.0519481    1            0.441558      #   3   G  
  0.0582524    0            0.0970874    1             #   4   T  
  0            1            0.238636     0.113636      #   5   C  
  1            0            0.114286     0.0190476     #   6   A  
  0.722222     1            0.694444     0.833333      #   7   C  
  0.466667     1            0.888889     0.288889      #   8   C  
  0.723404     0.489362     1            0.319149      #   9   G  
  1            0.222222     0.703704     0.277778      #  10   A  
  0.588235     0.588235     1            0.156863      #  11   G  
  1            0.211268     0.295775     0.140845      #  12   A  
  0.0869565    0.141304     1            0.0434783     #  13   G  
  0.164384     0.0821918    1            0.383562      #  14   G  
  0.232877     0.164384     0.232877     1             #  15   T  
  0.142857     1            0.178571     0.0952381     #  16   C  
  1            0.113636     0.147727     0.0909091     #  17   A  
</psam>
</matrix_reduce>
