<?xml version="1.0" encoding="ISO-8859-1"?>
<matrix_reduce>
<meta>
	<time>04-09-2018 09:53:26</time>
	<source>curated_db.meme</source>
	<comment>meme2psam.py</comment>
	<nsites>1000</nsites>
	<e-value>0.0</e-value>
</meta>

<directionality>forward</directionality>
<psam_length>18</psam_length>
<optimal_sequence>AAAGGTCACCAGAGGTCA</optimal_sequence>

<psam>
# A            C            G            T             # no. opt  
# +============+============+============+============ # ==+===+==
  1            0.1563       0.264753     0.173844      #   1   A  
  1            0.0033389    0.641068     0.0250417     #   2   A  
  1            0.00222222   0.108889     0             #   3   A  
  0            0            1            0             #   4   G  
  0            0            1            0.0615711     #   5   G  
  0            0.00201207   0.00402414   1             #   6   T  
  0.00709939   1            0            0.00709939    #   7   C  
  1            0            0            0             #   8   A  
  0.972892     1            0.481928     0.557229      #   9   C  
  0.279817     1            0.580275     0.433486      #  10   C  
  1            0.214395     0.0765697    0.240429      #  11   A  
  0.961924     0.0140281    1            0.0280561     #  12   G  
  1            0            0.30719      0             #  13   A  
  0            0            1            0.00200401    #  14   G  
  0.00236967   0            1            0.182464      #  15   G  
  0            0.00405268   0.00810537   1             #  16   T  
  0.00406504   1            0.0121951    0             #  17   C  
  1            0.00202634   0.0101317    0             #  18   A  
</psam>
</matrix_reduce>
