<?xml version="1.0" encoding="ISO-8859-1"?>
<matrix_reduce>
<meta>
	<time>04-09-2018 09:53:26</time>
	<source>curated_db.meme</source>
	<comment>meme2psam.py</comment>
	<nsites>21</nsites>
	<e-value>0.0</e-value>
</meta>

<directionality>forward</directionality>
<psam_length>11</psam_length>
<optimal_sequence>GAGGTCAGGGG</optimal_sequence>

<psam>
# A            C            G            T             # no. opt  
# +============+============+============+============ # ==+===+==
  0.375        0.75         1            0             #   1   G  
  1            0            0.176471     0             #   2   A  
  0            0            1            0             #   3   G  
  0            0            1            0             #   4   G  
  0            0            0            1             #   5   T  
  0            1            0            0             #   6   C  
  1            0            0            0             #   7   A  
  0.571429     0.428571     1            0.428571      #   8   G  
  0.857143     0.428571     1            0.142857      #   9   G  
  0.75         0.5          1            0             #  10   G  
  0.666667     1            1            0.166667      #  11   G  
</psam>
</matrix_reduce>
