<?xml version="1.0" encoding="ISO-8859-1"?>
<matrix_reduce>
<meta>
	<time>04-09-2018 09:53:26</time>
	<source>curated_db.meme</source>
	<comment>meme2psam.py</comment>
	<nsites>1000</nsites>
	<e-value>0.0</e-value>
</meta>

<directionality>forward</directionality>
<psam_length>16</psam_length>
<optimal_sequence>AAAGGTCAAAAGGTCA</optimal_sequence>

<psam>
# A            C            G            T             # no. opt  
# +============+============+============+============ # ==+===+==
  1            0            0.0520833    0.105324      #   1   A  
  1            0.111111     0            0             #   2   A  
  1            0            0.234568     0             #   3   A  
  0            0            1            0             #   4   G  
  0            0            1            0.0384216     #   5   G  
  0            0            0            1             #   6   T  
  0            1            0            0             #   7   C  
  1            0            0            0             #   8   A  
  1            0            0            0.111111      #   9   A  
  1            0            0.528571     0.0587302     #  10   A  
  1            0            0            0             #  11   A  
  0            0            1            0             #  12   G  
  0            0            1            0.153403      #  13   G  
  0            0            0            1             #  14   T  
  0            1            0            0             #  15   C  
  1            0            0            0             #  16   A  
</psam>
</matrix_reduce>
