<?xml version="1.0" encoding="ISO-8859-1"?>
<matrix_reduce>
<meta>
	<time>04-09-2018 09:53:26</time>
	<source>curated_db.meme</source>
	<comment>meme2psam.py</comment>
	<nsites>1000</nsites>
	<e-value>0.0</e-value>
</meta>

<directionality>forward</directionality>
<psam_length>17</psam_length>
<optimal_sequence>AGGTCAACTAAAGGTCA</optimal_sequence>

<psam>
# A            C            G            T             # no. opt  
# +============+============+============+============ # ==+===+==
  1            0.00427807   0.0631016    0             #   1   A  
  0            0.001001     1            0             #   2   G  
  0.00311203   0.00103734   1            0.033195      #   3   G  
  0            0.00300903   0            1             #   4   T  
  0.00100604   1            0.00301811   0.00100604    #   5   C  
  1            0            0.00502513   0             #   6   A  
  1            0.716049     0.0493827    0.696296      #   7   A  
  0.988796     1            0.557423     0.254902      #   8   C  
  0.134293     0.851319     0.41247      1             #   9   T  
  1            0.0781011    0.093415     0.359877      #  10   A  
  1            0.00940439   0.547022     0.00940439    #  11   A  
  1            0            0.0582627    0.00105932    #  12   A  
  0.00100301   0.00100301   1            0             #  13   G  
  0            0.00312826   1            0.0396246     #  14   G  
  0            0.0040404    0.00606061   1             #  15   T  
  0            1            0            0.00502513    #  16   C  
  1            0            0.00301205   0.00100402    #  17   A  
</psam>
</matrix_reduce>
