<?xml version="1.0" encoding="ISO-8859-1"?>
<matrix_reduce>
<meta>
	<time>04-09-2018 09:53:26</time>
	<source>curated_db.meme</source>
	<comment>meme2psam.py</comment>
	<nsites>1000</nsites>
	<e-value>0.0</e-value>
</meta>

<directionality>forward</directionality>
<psam_length>16</psam_length>
<optimal_sequence>AAAGGTCAAAAGGTCA</optimal_sequence>

<psam>
# A            C            G            T             # no. opt  
# +============+============+============+============ # ==+===+==
  1            0.234458     0.165187     0.376554      #   1   A  
  1            0.0241117    0.177665     0.0672589     #   2   A  
  1            0.00118765   0.185273     0             #   3   A  
  0            0            1            0.001001      #   4   G  
  0            0            1            0.0152594     #   5   G  
  0.0030426    0.0020284    0.00811359   1             #   6   T  
  0            1            0.00608519   0.00507099    #   7   C  
  1            0            0.00908174   0             #   8   A  
  1            0.00638298   0.00106383   0.0531915     #   9   A  
  1            0.0022779    0.11959      0.0170843     #  10   A  
  1            0            0.019368     0             #  11   A  
  0.001001     0            1            0             #  12   G  
  0            0            1            0.153403      #  13   G  
  0.00100806   0.00504032   0.00201613   1             #  14   T  
  0.00100806   1            0.00100806   0.00604839    #  15   C  
  1            0            0.00200602   0.00100301    #  16   A  
</psam>
</matrix_reduce>
