<?xml version="1.0" encoding="ISO-8859-1"?>
<matrix_reduce>
<meta>
	<time>04-09-2018 09:53:26</time>
	<source>curated_db.meme</source>
	<comment>meme2psam.py</comment>
	<nsites>1000</nsites>
	<e-value>0.0</e-value>
</meta>

<directionality>forward</directionality>
<psam_length>18</psam_length>
<optimal_sequence>AAGGTCATCTAAAGGTCA</optimal_sequence>

<psam>
# A            C            G            T             # no. opt  
# +============+============+============+============ # ==+===+==
  1            0.0112179    0.541667     0.0496795     #   1   A  
  1            0.00205973   0.0278064    0             #   2   A  
  0            0            1            0             #   3   G  
  0            0            1            0.0695187     #   4   G  
  0.00100301   0.00100301   0.00100301   1             #   5   T  
  0            1            0.001001     0             #   6   C  
  1            0.00100301   0.00200602   0             #   7   A  
  0.947115     0.300481     0.153846     1             #   8   T  
  0.334034     1            0.628151     0.132353      #   9   C  
  0.637566     0.833333     0.174603     1             #  10   T  
  1            0.051497     0.0562874    0.0886228     #  11   A  
  1            0.00807537   0.30148      0.0349933     #  12   A  
  1            0.00566893   0.128118     0             #  13   A  
  0            0            1            0             #  14   G  
  0            0            1            0.0683761     #  15   G  
  0.001001     0            0            1             #  16   T  
  0            1            0            0.00401606    #  17   C  
  1            0            0            0             #  18   A  
</psam>
</matrix_reduce>
