<?xml version="1.0" encoding="ISO-8859-1"?>
<matrix_reduce>
<meta>
	<time>04-09-2018 09:53:26</time>
	<source>curated_db.meme</source>
	<comment>meme2psam.py</comment>
	<nsites>29</nsites>
	<e-value>0.0</e-value>
</meta>

<directionality>forward</directionality>
<psam_length>7</psam_length>
<optimal_sequence>GAGGTCA</optimal_sequence>

<psam>
# A            C            G            T             # no. opt  
# +============+============+============+============ # ==+===+==
  0.642857     0.214286     1            0.0714286     #   1   G  
  1            0            0.272727     0             #   2   A  
  0            0            1            0             #   3   G  
  0            0            1            0.333333      #   4   G  
  0            0            0            1             #   5   T  
  0            1            0            0             #   6   C  
  1            0.0769231    0            0             #   7   A  
</psam>
</matrix_reduce>
