<?xml version="1.0" encoding="ISO-8859-1"?>
<matrix_reduce>
<meta>
	<time>04-09-2018 09:53:26</time>
	<source>curated_db.meme</source>
	<comment>meme2psam.py</comment>
	<nsites>1000</nsites>
	<e-value>0.0</e-value>
</meta>

<directionality>forward</directionality>
<psam_length>8</psam_length>
<optimal_sequence>CCAATTAA</optimal_sequence>

<psam>
# A            C            G            T             # no. opt  
# +============+============+============+============ # ==+===+==
  0.336609     1            0.444717     0.673219      #   1   C  
  0.182022     1            0.0853933    0.979775      #   2   C  
  1            0.0779874    0.114465     0.0616352     #   3   A  
  1            0.0390456    0.0195228    0.0260304     #   4   A  
  0.00720165   0.0185185    0.00308642   1             #   5   T  
  0.0553506    0.109471     0.0651907    1             #   6   T  
  1            0.0676157    0.00948992   0.109134      #   7   A  
  1            0.55942      0.921739     0.417391      #   8   A  
</psam>
</matrix_reduce>
