<?xml version="1.0" encoding="ISO-8859-1"?>
<matrix_reduce>
<meta>
	<time>04-09-2018 09:53:26</time>
	<source>curated_db.meme</source>
	<comment>meme2psam.py</comment>
	<nsites>2138</nsites>
	<e-value>0.0</e-value>
</meta>

<directionality>forward</directionality>
<psam_length>14</psam_length>
<optimal_sequence>GTTGCCATGGCAAC</optimal_sequence>

<psam>
# A            C            G            T             # no. opt  
# +============+============+============+============ # ==+===+==
  0.189295     0.101828     1            0.103786      #   1   G  
  0.0385135    0.149324     0.254054     1             #   2   T  
  0.139942     0.808552     0.126336     1             #   3   T  
  0.551181     0.568241     1            0.683727      #   4   G  
  0.021167     1            0.0549199    0.147025      #   5   C  
  0            1            0            0.043457      #   6   C  
  1            0.320032     0.0574621    0.325619      #   7   A  
  0.0766219    0.0643177    0.0536913    1             #   8   T  
  0.39309      0            1            0             #   9   G  
  0.0947746    0            1            0             #  10   G  
  0.167836     1            0.00701754   0.0754386     #  11   C  
  1            0            0.135603     0.0558036     #  12   A  
  1            0            0.0269101    0             #  13   A  
  0            1            0            0             #  14   C  
</psam>
</matrix_reduce>
