<?xml version="1.0" encoding="ISO-8859-1"?>
<matrix_reduce>
<meta>
	<time>04-09-2018 09:53:26</time>
	<source>curated_db.meme</source>
	<comment>meme2psam.py</comment>
	<nsites>24</nsites>
	<e-value>0.0</e-value>
</meta>

<directionality>forward</directionality>
<psam_length>12</psam_length>
<optimal_sequence>GTTGCTAGGGAA</optimal_sequence>

<psam>
# A            C            G            T             # no. opt  
# +============+============+============+============ # ==+===+==
  0.0454545    0.0454545    1            0             #   1   G  
  0.0454545    0            0            1             #   2   T  
  0            0            0.0454545    1             #   3   T  
  0.157895     0.0526316    1            0.0526316     #   4   G  
  0.0454545    1            0            0             #   5   C  
  0            1            0.4          1             #   6   T  
  1            0.0666667    0.2          0.266667      #   7   A  
  0.0833333    0.333333     1            0.333333      #   8   G  
  0.157895     0.0526316    1            0             #   9   G  
  0            0.583333     1            0.333333      #  10   G  
  1            0.230769     0.538462     0.0769231     #  11   A  
  1            0.2          0.266667     0.0666667     #  12   A  
</psam>
</matrix_reduce>
