<?xml version="1.0" encoding="ISO-8859-1"?>
<matrix_reduce>
<meta>
	<time>04-09-2018 09:53:26</time>
	<source>curated_db.meme</source>
	<comment>meme2psam.py</comment>
	<nsites>11204</nsites>
	<e-value>0.0</e-value>
</meta>

<directionality>forward</directionality>
<psam_length>16</psam_length>
<optimal_sequence>CGTTGCCATGGCAACC</optimal_sequence>

<psam>
# A            C            G            T             # no. opt  
# +============+============+============+============ # ==+===+==
  0.230426     1            0.602231     0.439554      #   1   C  
  0.0516657    0.000470544  1            0.00197628    #   2   G  
  0.00632969   0.016604     0.00458674   1             #   3   T  
  0.245225     0.128158     0.00714726   1             #   4   T  
  0.597498     0.0508757    1            0.220017      #   5   G  
  0.000910378  1            0.0097107    0.122395      #   6   C  
  0.000570646  1            0.00216845   0.275736      #   7   C  
  1            0.0113949    0.0168075    0.0355142     #   8   A  
  0.0265694    0.0137525    0.00767144   1             #   9   T  
  0.306838     0.00175336   1            0.000701344   #  10   G  
  0.180404     0.0195321    1            0.00214638    #  11   G  
  0.207764     1            0.0529692    0.582168      #  12   C  
  1            0.0121812    0.154549     0.254663      #  13   A  
  1            0.00751397   0.0120957    0.00687254    #  14   A  
  0.00222862   1            0.000464296  0.0374222     #  15   C  
  0.415444     1            0.972817     0.306712      #  16   C  
</psam>
</matrix_reduce>
