<?xml version="1.0" encoding="ISO-8859-1"?>
<matrix_reduce>
<meta>
	<time>04-09-2018 09:53:26</time>
	<source>curated_db.meme</source>
	<comment>meme2psam.py</comment>
	<nsites>1000</nsites>
	<e-value>0.0</e-value>
</meta>

<directionality>forward</directionality>
<psam_length>9</psam_length>
<optimal_sequence>GGATAATCC</optimal_sequence>

<psam>
# A            C            G            T             # no. opt  
# +============+============+============+============ # ==+===+==
  0.481413     0.22119      1            0.156134      #   1   G  
  0.140303     0.114168     1            0.11967       #   2   G  
  1            0.293872     0.0264624    0.0724234     #   3   A  
  0.0186143    0.00620476   0.00930714   1             #   4   T  
  1            0.37284      0.483951     0.612346      #   5   A  
  1            0            0.00202429   0.0101215     #   6   A  
  0.106557     0.0196721    0.508197     1             #   7   T  
  0.131514     1            0.0657568    0.0421836     #   8   C  
  0.143987     1            0.183544     0.254747      #   9   C  
</psam>
</matrix_reduce>
