<?xml version="1.0" encoding="ISO-8859-1"?>
<matrix_reduce>
<meta>
	<time>04-09-2018 09:53:26</time>
	<source>curated_db.meme</source>
	<comment>meme2psam.py</comment>
	<nsites>1000</nsites>
	<e-value>0.0</e-value>
</meta>

<directionality>forward</directionality>
<psam_length>9</psam_length>
<optimal_sequence>GGATAATCC</optimal_sequence>

<psam>
# A            C            G            T             # no. opt  
# +============+============+============+============ # ==+===+==
  0.337522     0.333932     1            0.118492      #   1   G  
  0.0431373    0.11634      1            0.143791      #   2   G  
  1            0.558528     0.0100334    0.103679      #   3   A  
  0.0150862    0.0344828    0.0247845    1             #   4   T  
  1            0.356295     0.292162     0.724466      #   5   A  
  1            0.00210748   0            0.0516333     #   6   A  
  0.0954416    0            0.32906      1             #   7   T  
  0            1            0.0412148    0.0433839     #   8   C  
  0.0382318    1            0.0489845    0.103943      #   9   C  
</psam>
</matrix_reduce>
