<?xml version="1.0" encoding="ISO-8859-1"?>
<matrix_reduce>
<meta>
	<time>04-09-2018 09:53:26</time>
	<source>curated_db.meme</source>
	<comment>meme2psam.py</comment>
	<nsites>1000</nsites>
	<e-value>0.0</e-value>
</meta>

<directionality>forward</directionality>
<psam_length>8</psam_length>
<optimal_sequence>TTAATCCC</optimal_sequence>

<psam>
# A            C            G            T             # no. opt  
# +============+============+============+============ # ==+===+==
  0.618919     0.718919     0.362162     1             #   1   T  
  0.266576     0.0392422    0.0473613    1             #   2   T  
  1            0            0.913793     0.241379      #   3   A  
  1            0            0            0.00908174    #   4   A  
  0            0            0.396648     1             #   5   T  
  0.0238342    1            0            0.011399      #   6   C  
  0            1            0.00695249   0.151796      #   7   C  
  0.526531     1            0.25102      0.263265      #   8   C  
</psam>
</matrix_reduce>
