<?xml version="1.0" encoding="ISO-8859-1"?>
<matrix_reduce>
<meta>
	<time>04-09-2018 09:53:26</time>
	<source>curated_db.meme</source>
	<comment>meme2psam.py</comment>
	<nsites>1000</nsites>
	<e-value>0.0</e-value>
</meta>

<directionality>forward</directionality>
<psam_length>9</psam_length>
<optimal_sequence>CGCTGTTAA</optimal_sequence>

<psam>
# A            C            G            T             # no. opt  
# +============+============+============+============ # ==+===+==
  0.457447     1            0.239362     0.962766      #   1   C  
  0.328638     0.13928      1            0.0970266     #   2   G  
  0.28524      1            0.31675      0.0514096     #   3   C  
  0.00806452   0            0            1             #   4   T  
  0.0829596    0            1            0.0381166     #   5   G  
  0            0            0            1             #   6   T  
  0.897533     0            0            1             #   7   T  
  1            0.387097     0.219758     0.409274      #   8   A  
  1            0.55079      0.0699774    0.636569      #   9   A  
</psam>
</matrix_reduce>
