<?xml version="1.0" encoding="ISO-8859-1"?>
<matrix_reduce>
<meta>
	<time>04-09-2018 09:53:26</time>
	<source>curated_db.meme</source>
	<comment>meme2psam.py</comment>
	<nsites>1000</nsites>
	<e-value>0.0</e-value>
</meta>

<directionality>forward</directionality>
<psam_length>8</psam_length>
<optimal_sequence>ATAATCCC</optimal_sequence>

<psam>
# A            C            G            T             # no. opt  
# +============+============+============+============ # ==+===+==
  1            0.820339     0.576271     0.99322       #   1   A  
  0.259452     0            0.0443286    1             #   2   T  
  1            0            0.968958     0.24612       #   3   A  
  1            0            0            0             #   4   A  
  0            0            0.47929      1             #   5   T  
  0            1            0            0             #   6   C  
  0            1            0            0.207729      #   7   C  
  0.933544     1            0.613924     0.613924      #   8   C  
</psam>
</matrix_reduce>
