<?xml version="1.0" encoding="ISO-8859-1"?>
<matrix_reduce>
<meta>
	<time>04-09-2018 09:53:26</time>
	<source>curated_db.meme</source>
	<comment>meme2psam.py</comment>
	<nsites>2753</nsites>
	<e-value>0.0</e-value>
</meta>

<directionality>forward</directionality>
<psam_length>13</psam_length>
<optimal_sequence>AGGTCAAAGGTCA</optimal_sequence>

<psam>
# A            C            G            T             # no. opt  
# +============+============+============+============ # ==+===+==
  1            0.0231809    0.70058      0.0476497     #   1   A  
  0.0446429    0.0011646    1            0.0225155     #   2   G  
  0.0582979    0.00510638   1            0.107234      #   3   G  
  0.0797448    0.0818713    0.300904     1             #   4   T  
  0.0309503    1            0.143418     0.0248474     #   5   C  
  1            0.00185667   0.0152247    0.004456      #   6   A  
  1            0.197193     0.459893     0.18115       #   7   A  
  1            0.11087      0.305978     0.0771739     #   8   A  
  0.146511     0.012137     1            0.0342436     #   9   G  
  0.235961     0.0319423    1            0.149923      #  10   G  
  0.121538     0.236923     0.758462     1             #  11   T  
  0.303719     1            0.219697     0.37259       #  12   C  
  1            0.129607     0.253686     0.306511      #  13   A  
</psam>
</matrix_reduce>
