<?xml version="1.0" encoding="ISO-8859-1"?>
<matrix_reduce>
<meta>
	<time>04-09-2018 09:53:26</time>
	<source>curated_db.meme</source>
	<comment>meme2psam.py</comment>
	<nsites>1000</nsites>
	<e-value>0.0</e-value>
</meta>

<directionality>forward</directionality>
<psam_length>14</psam_length>
<optimal_sequence>GGGGTCAAAGGTCA</optimal_sequence>

<psam>
# A            C            G            T             # no. opt  
# +============+============+============+============ # ==+===+==
  0.405892     0.157119     1            0.0736498     #   1   G  
  0.759717     0.00530035   1            0.00176678    #   2   G  
  0.00201207   0.00100604   1            0.00301811    #   3   G  
  0.00338219   0.0011274    1            0.122886      #   4   G  
  0            0.00203046   0.0101523    1             #   5   T  
  0.00110742   1            0.0232558    0.0830565     #   6   C  
  1            0.00100604   0.00503018   0             #   7   A  
  1            0.00208117   0.0270552    0.0114464     #   8   A  
  1            0.00104712   0.0450262    0.00104712    #   9   A  
  0.001002     0            1            0.001002      #  10   G  
  0.0010989    0.0010989    1            0.0967033     #  11   G  
  0.00101215   0.00202429   0.00910931   1             #  12   T  
  0.00218579   1            0.0196721    0.0710383     #  13   C  
  1            0.00218103   0.0861505    0.00109051    #  14   A  
</psam>
</matrix_reduce>
