<?xml version="1.0" encoding="ISO-8859-1"?>
<matrix_reduce>
<meta>
	<time>04-09-2018 09:53:26</time>
	<source>curated_db.meme</source>
	<comment>meme2psam.py</comment>
	<nsites>1000</nsites>
	<e-value>0.0</e-value>
</meta>

<directionality>forward</directionality>
<psam_length>14</psam_length>
<optimal_sequence>GGGGTCATGACCCC</optimal_sequence>

<psam>
# A            C            G            T             # no. opt  
# +============+============+============+============ # ==+===+==
  0.508251     0.0973597    1            0.0445545     #   1   G  
  0.906433     0.0253411    1            0.0175439     #   2   G  
  0.00944386   0.0209864    1            0.0188877     #   3   G  
  0.0131579    0.0219298    1            0.0614035     #   4   G  
  0.00956429   0.0233794    0.0265675    1             #   5   T  
  0.00630915   1            0.0210305    0.0241851     #   6   C  
  1            0.0121507    0.191981     0.0109356     #   7   A  
  0.0130797    0.168847     0.00713436   1             #   8   T  
  0.019937     0.0157398    1            0.0104932     #   9   G  
  1            0.0228509    0.0337323    0.031556      #  10   A  
  0.0570801    1            0.0219539    0.0186608     #  11   C  
  0.0301075    1            0.0268817    0.0172043     #  12   C  
  0.0258303    1            0.0369004    0.782288      #  13   C  
  0.0434783    1            0.108696     0.520067      #  14   C  
</psam>
</matrix_reduce>
