<?xml version="1.0" encoding="ISO-8859-1"?>
<matrix_reduce>
<meta>
	<time>04-09-2018 09:53:26</time>
	<source>curated_db.meme</source>
	<comment>meme2psam.py</comment>
	<nsites>10</nsites>
	<e-value>0.0</e-value>
</meta>

<directionality>forward</directionality>
<psam_length>15</psam_length>
<optimal_sequence>GGGTCAACGGGTTCA</optimal_sequence>

<psam>
# A            C            G            T             # no. opt  
# +============+============+============+============ # ==+===+==
  0.428571     0            1            0             #   1   G  
  0            0            1            0             #   2   G  
  0            0            1            0.111111      #   3   G  
  0            0            0            1             #   4   T  
  0            1            0            0.111111      #   5   C  
  1            0            0.111111     0             #   6   A  
  1            0.5          0            1             #   7   A  
  0.5          1            0.5          0.5           #   8   C  
  0.25         0            1            0             #   9   G  
  1            0            1            0             #  10   G  
  0            0            1            0             #  11   G  
  0            0            0            1             #  12   T  
  0.111111     0            0            1             #  13   T  
  0            1            0            0.111111      #  14   C  
  1            0.142857     0.285714     0             #  15   A  
</psam>
</matrix_reduce>
