<?xml version="1.0" encoding="ISO-8859-1"?>
<matrix_reduce>
<meta>
	<time>04-09-2018 09:53:26</time>
	<source>curated_db.meme</source>
	<comment>meme2psam.py</comment>
	<nsites>1000</nsites>
	<e-value>0.0</e-value>
</meta>

<directionality>forward</directionality>
<psam_length>14</psam_length>
<optimal_sequence>GAGGTCATGACCCC</optimal_sequence>

<psam>
# A            C            G            T             # no. opt  
# +============+============+============+============ # ==+===+==
  0.563356     0.0890411    1            0.0599315     #   1   G  
  1            0.0286299    0.997955     0.0122699     #   2   A  
  0.0210748    0.0158061    1            0.0168599     #   3   G  
  0.0154015    0.0132013    1            0.0715072     #   4   G  
  0.0150538    0.0182796    0.0387097    1             #   5   T  
  0.0118662    1            0.0409924    0.02589       #   6   C  
  1            0.0023753    0.171021     0.0142518     #   7   A  
  0.00909091   0.121591     0.00568182   1             #   8   T  
  0.0165631    0.0113872    1            0.00724638    #   9   G  
  1            0.0177824    0.0167364    0.0115063     #  10   A  
  0.070407     1            0.0187019    0.0110011     #  11   C  
  0.0178947    1            0.0157895    0.0189474     #  12   C  
  0.0126354    1            0.0234657    0.768953      #  13   C  
  0.0458404    1            0.11545      0.534805      #  14   C  
</psam>
</matrix_reduce>
