<?xml version="1.0" encoding="ISO-8859-1"?>
<matrix_reduce>
<meta>
	<time>04-09-2018 09:53:26</time>
	<source>curated_db.meme</source>
	<comment>meme2psam.py</comment>
	<nsites>1000</nsites>
	<e-value>0.0</e-value>
</meta>

<directionality>forward</directionality>
<psam_length>17</psam_length>
<optimal_sequence>TGTCGTGACCCCTTAAT</optimal_sequence>

<psam>
# A            C            G            T             # no. opt  
# +============+============+============+============ # ==+===+==
  0.770492     0.727869     0.777049     1             #   1   T  
  0.422287     0.815249     1            0.686217      #   2   G  
  0.915789     0.919298     0.673684     1             #   3   T  
  0.291971     1            0.532847     0.608273      #   4   C  
  0.60989      0.206044     1            0.923077      #   5   G  
  0.0021097    0.0495781    0.00316456   1             #   6   T  
  0.0312175    0.0062435    1            0.00208117    #   7   G  
  1            0.00810537   0.00303951   0.00202634    #   8   A  
  0.11811      1            0.00112486   0.0056243     #   9   C  
  0.00607903   1            0.00202634   0.00506586    #  10   C  
  0.00261438   1            0.00392157   0.300654      #  11   C  
  0.0118203    1            0.035461     0.13357       #  12   C  
  0.898907     0.106557     0.726776     1             #  13   T  
  0.548556     0.687664     0.380577     1             #  14   T  
  1            0.462338     0.779221     0.355844      #  15   A  
  1            0.667494     0.238213     0.575682      #  16   A  
  0.575499     0.65812      0.606838     1             #  17   T  
</psam>
</matrix_reduce>
