<?xml version="1.0" encoding="ISO-8859-1"?>
<matrix_reduce>
<meta>
	<time>04-09-2018 09:53:26</time>
	<source>curated_db.meme</source>
	<comment>meme2psam.py</comment>
	<nsites>5348</nsites>
	<e-value>0.0</e-value>
</meta>

<directionality>forward</directionality>
<psam_length>11</psam_length>
<optimal_sequence>CAAAGGTCAGA</optimal_sequence>

<psam>
# A            C            G            T             # no. opt  
# +============+============+============+============ # ==+===+==
  0.0612696    1            0.067463     0.0539704     #   1   C  
  1            0.100385     0.00216659   0.184401      #   2   A  
  1            0.095692     0.942814     0             #   3   A  
  1            0            0.0963707    0             #   4   A  
  0            0            1            0             #   5   G  
  0            0            1            0.377383      #   6   G  
  0            0.141471     0.15603      1             #   7   T  
  0            1            0            0             #   8   C  
  1            0            0            0             #   9   A  
  0.492295     0.458048     1            0.339041      #  10   G  
  1            0.451829     0.956707     0.85122       #  11   A  
</psam>
</matrix_reduce>
