<?xml version="1.0" encoding="ISO-8859-1"?>
<matrix_reduce>
<meta>
	<time>04-09-2018 09:53:26</time>
	<source>curated_db.meme</source>
	<comment>meme2psam.py</comment>
	<nsites>1000</nsites>
	<e-value>0.0</e-value>
</meta>

<directionality>forward</directionality>
<psam_length>14</psam_length>
<optimal_sequence>GGGGTCAAAGGTCA</optimal_sequence>

<psam>
# A            C            G            T             # no. opt  
# +============+============+============+============ # ==+===+==
  0.408197     0.163934     1            0.0672131     #   1   G  
  0.702055     0.00684932   1            0.00171233    #   2   G  
  0.00302725   0.00201816   1            0.00403633    #   3   G  
  0.00337838   0.00225225   1            0.120495      #   4   G  
  0.00101317   0.00303951   0.00911854   1             #   5   T  
  0.00215054   1            0.0129032    0.0602151     #   6   C  
  1            0.00100402   0.00301205   0             #   7   A  
  1            0.00205761   0.0185185    0.00823045    #   8   A  
  1            0.00206398   0.0299278    0             #   9   A  
  0.00100402   0.00200803   1            0.00100402    #  10   G  
  0.00218341   0.00218341   1            0.0873362     #  11   G  
  0.00101112   0.00303337   0.00707786   1             #  12   T  
  0.00105042   1            0.00840336   0.0409664     #  13   C  
  1            0.00317797   0.0550847    0.00105932    #  14   A  
</psam>
</matrix_reduce>
