<?xml version="1.0" encoding="ISO-8859-1"?>
<matrix_reduce>
<meta>
	<time>04-09-2018 09:53:26</time>
	<source>curated_db.meme</source>
	<comment>meme2psam.py</comment>
	<nsites>1000</nsites>
	<e-value>0.0</e-value>
</meta>

<directionality>forward</directionality>
<psam_length>14</psam_length>
<optimal_sequence>GGGGTCAAAGGTCA</optimal_sequence>

<psam>
# A            C            G            T             # no. opt  
# +============+============+============+============ # ==+===+==
  0.453507     0.107667     1            0.0701468     #   1   G  
  0.444284     0.00144718   1            0.00144718    #   2   G  
  0.00302115   0            1            0.0020141     #   3   G  
  0            0            1            0.135074      #   4   G  
  0            0            0.00200602   1             #   5   T  
  0.00535332   1            0.01606      0.0492505     #   6   C  
  1            0            0.00200401   0             #   7   A  
  1            0.00102669   0.0205339    0.00513347    #   8   A  
  1            0            0.0384216    0             #   9   A  
  0            0            1            0.00200401    #  10   G  
  0            0            1            0.0834236     #  11   G  
  0            0            0.0040201    1             #  12   T  
  0.00208551   1            0.0145985    0.0260688     #  13   C  
  1            0.0021097    0.0516878    0             #  14   A  
</psam>
</matrix_reduce>
