<?xml version="1.0" encoding="ISO-8859-1"?>
<matrix_reduce>
<meta>
	<time>04-09-2018 09:53:26</time>
	<source>curated_db.meme</source>
	<comment>meme2psam.py</comment>
	<nsites>1000</nsites>
	<e-value>0.0</e-value>
</meta>

<directionality>forward</directionality>
<psam_length>8</psam_length>
<optimal_sequence>CTAATTAA</optimal_sequence>

<psam>
# A            C            G            T             # no. opt  
# +============+============+============+============ # ==+===+==
  0.391076     1            0.488189     0.745407      #   1   C  
  0.143777     0.957082     0.0450644    1             #   2   T  
  1            0.0427447    0.0337458    0.048369      #   3   A  
  1            0.0122075    0            0.00508647    #   4   A  
  0            0.00200401   0            1             #   5   T  
  0.04102      0.0388027    0.0277162    1             #   6   T  
  1            0.00845666   0.00105708   0.0475687     #   7   A  
  1            0.460106     0.848404     0.348404      #   8   A  
</psam>
</matrix_reduce>
