<?xml version="1.0" encoding="ISO-8859-1"?>
<matrix_reduce>
<meta>
	<time>04-09-2018 09:53:26</time>
	<source>curated_db.meme</source>
	<comment>meme2psam.py</comment>
	<nsites>100</nsites>
	<e-value>0.0</e-value>
</meta>

<directionality>forward</directionality>
<psam_length>17</psam_length>
<optimal_sequence>GATGGGGTATCATTTGT</optimal_sequence>

<psam>
# A            C            G            T             # no. opt  
# +============+============+============+============ # ==+===+==
  0.8          0.325        1            0.375         #   1   G  
  1            0.4375       0.1875       0.458333      #   2   A  
  0.428571     0.183673     0.428571     1             #   3   T  
  0.975        0.35         1            0.175         #   4   G  
  0.318841     0.0724638    1            0.057971      #   5   G  
  0.045977     0.0574713    1            0.045977      #   6   G  
  0.253165     0.0126582    1            0             #   7   G  
  0            0            0.0526316    1             #   8   T  
  1            0            0.03125      0.0104167     #   9   A  
  0            0            0            1             #  10   T  
  0.0103093    1            0            0.0206186     #  11   C  
  1            0.021978     0.043956     0.032967      #  12   A  
  0.418605     0.627907     0.27907      1             #  13   T  
  0.741935     0.516129     0.967742     1             #  14   T  
  0.846154     0.410256     0.307692     1             #  15   T  
  0.571429     0.964286     1            1             #  16   G  
  0.346154     0.134615     0.442308     1             #  17   T  
</psam>
</matrix_reduce>
