<?xml version="1.0" encoding="ISO-8859-1"?>
<matrix_reduce>
<meta>
	<time>04-09-2018 09:53:26</time>
	<source>curated_db.meme</source>
	<comment>meme2psam.py</comment>
	<nsites>100</nsites>
	<e-value>0.0</e-value>
</meta>

<directionality>forward</directionality>
<psam_length>17</psam_length>
<optimal_sequence>AATGGGGTATCACGTTT</optimal_sequence>

<psam>
# A            C            G            T             # no. opt  
# +============+============+============+============ # ==+===+==
  1            0.222222     0.622222     0.355556      #   1   A  
  1            0.20339      0.152542     0.338983      #   2   A  
  0.372549     0.0784314    0.509804     1             #   3   T  
  0.576923     0.211538     1            0.134615      #   4   G  
  0.15         0.05         1            0.05          #   5   G  
  0.0108696    0.0326087    1            0.0434783     #   6   G  
  0.149425     0            1            0             #   7   G  
  0            0            0.0526316    1             #   8   T  
  1            0            0.0416667    0             #   9   A  
  0            0            0            1             #  10   T  
  0.0102041    1            0            0.0102041     #  11   C  
  1            0.0222222    0.0555556    0.0333333     #  12   A  
  0.333333     1            0.156863     0.470588      #  13   C  
  0.892857     0.607143     1            1             #  14   G  
  0.653846     0.153846     0.115385     1             #  15   T  
  0.821429     0.964286     0.785714     1             #  16   T  
  0.320755     0.150943     0.415094     1             #  17   T  
</psam>
</matrix_reduce>
