<?xml version="1.0" encoding="ISO-8859-1"?>
<matrix_reduce>
<meta>
	<time>04-09-2018 09:53:26</time>
	<source>curated_db.meme</source>
	<comment>meme2psam.py</comment>
	<nsites>899</nsites>
	<e-value>0.0</e-value>
</meta>

<directionality>forward</directionality>
<psam_length>13</psam_length>
<optimal_sequence>CTGTCTGTCACCT</optimal_sequence>

<psam>
# A            C            G            T             # no. opt  
# +============+============+============+============ # ==+===+==
  0.384259     1            0.386574     0.305556      #   1   C  
  0.328836     0.124789     0.0573356    1             #   2   T  
  0.0159817    0.00913242   1            0             #   3   G  
  0.0446304    0.0627615    0.143654     1             #   4   T  
  0            1            0            0             #   5   C  
  0            0            0            1             #   6   T  
  0.197026     0.427509     1            0.0427509     #   7   G  
  0.744681     0.439716     0.989362     1             #   8   T  
  0            1            0.00223214   0             #   9   C  
  1            0.0248691    0.0222513    0.126963      #  10   A  
  0.0394558    1            0.179592     0             #  11   C  
  0.201031     1            0.0790378    0.261168      #  12   C  
  0.202226     0.395176     0.0630798    1             #  13   T  
</psam>
</matrix_reduce>
