<?xml version="1.0" encoding="ISO-8859-1"?>
<matrix_reduce>
<meta>
	<time>04-09-2018 09:53:26</time>
	<source>curated_db.meme</source>
	<comment>meme2psam.py</comment>
	<nsites>1000</nsites>
	<e-value>0.0</e-value>
</meta>

<directionality>forward</directionality>
<psam_length>12</psam_length>
<optimal_sequence>ACAATAACATTG</optimal_sequence>

<psam>
# A            C            G            T             # no. opt  
# +============+============+============+============ # ==+===+==
  1            0.00994475   0.00994475   0.0850829     #   1   A  
  0            1            0.00502513   0             #   2   C  
  1            0.00203666   0            0.0162933     #   3   A  
  1            0.352304     0            0.00135501    #   4   A  
  0            0.00300903   0            1             #   5   T  
  1            0.00641849   0.0372272    0.240051      #   6   A  
  1            0.682713     0.282276     0.223195      #   7   A  
  0.00707071   1            0.0020202    0.0010101     #   8   C  
  1            0            0            0             #   9   A  
  0            0.00300903   0            1             #  10   T  
  0            0            0            1             #  11   T  
  0.00200602   0.00100301   1            0             #  12   G  
</psam>
</matrix_reduce>
