<?xml version="1.0" encoding="ISO-8859-1"?>
<matrix_reduce>
<meta>
	<time>04-09-2018 09:53:26</time>
	<source>curated_db.meme</source>
	<comment>meme2psam.py</comment>
	<nsites>31</nsites>
	<e-value>0.0</e-value>
</meta>

<directionality>forward</directionality>
<psam_length>9</psam_length>
<optimal_sequence>TTCATTGTC</optimal_sequence>

<psam>
# A            C            G            T             # no. opt  
# +============+============+============+============ # ==+===+==
  0.666667     1            0.555556     1             #   1   T  
  0.727273     0.727273     0.272727     1             #   2   T  
  0.117647     1            0            0.529412      #   3   C  
  1            0            0            0             #   4   A  
  0            0            0            1             #   5   T  
  0            0            0            1             #   6   T  
  0            0            1            0             #   7   G  
  0            0            0.0344828    1             #   8   T  
  0            1            0.625        0.1875        #   9   C  
</psam>
</matrix_reduce>
