<?xml version="1.0" encoding="ISO-8859-1"?>
<matrix_reduce>
<meta>
	<time>04-09-2018 09:53:26</time>
	<source>curated_db.meme</source>
	<comment>meme2psam.py</comment>
	<nsites>57</nsites>
	<e-value>0.0</e-value>
</meta>

<directionality>forward</directionality>
<psam_length>18</psam_length>
<optimal_sequence>GGACAATGGGGATTGTTG</optimal_sequence>

<psam>
# A            C            G            T             # no. opt  
# +============+============+============+============ # ==+===+==
  0.391304     0.695652     1            0.391304      #   1   G  
  0.102564     0.282051     1            0             #   2   G  
  1            0            0            0             #   3   A  
  0            1            0            0             #   4   C  
  1            0            0            0             #   5   A  
  1            0            0            0             #   6   A  
  0            0            0            1             #   7   T  
  0.25641      0.0512821    1            0.0769231     #   8   G  
  1            0            1            0.75          #   9   G  
  1            0.294118     1            0.882353      #  10   G  
  0.75         1            1            0.6875        #  11   G  
  1            0.138889     0            0.416667      #  12   A  
  0.268293     0.0731707    0            1             #  13   T  
  0            0            0.191489     1             #  14   T  
  0            0            1            0.647059      #  15   G  
  0.0540541    0            0.459459     1             #  16   T  
  0            0.0666667    0.2          1             #  17   T  
  0.102564     0.102564     1            0.205128      #  18   G  
</psam>
</matrix_reduce>
