<?xml version="1.0" encoding="ISO-8859-1"?>
<matrix_reduce>
<meta>
	<time>04-09-2018 09:53:26</time>
	<source>curated_db.meme</source>
	<comment>meme2psam.py</comment>
	<nsites>1000</nsites>
	<e-value>0.0</e-value>
</meta>

<directionality>forward</directionality>
<psam_length>15</psam_length>
<optimal_sequence>AACAATTGCATTGTT</optimal_sequence>

<psam>
# A            C            G            T             # no. opt  
# +============+============+============+============ # ==+===+==
  1            0.00831601   0.0114345    0.016632      #   1   A  
  1            0.00100806   0.00604839   0.00100806    #   2   A  
  0            1            0            0.00301205    #   3   C  
  1            0            0            0.00200602    #   4   A  
  1            0.0489362    0.0138298    0.00106383    #   5   A  
  0            0            0            1             #   6   T  
  0.935897     0.0299145    0.168803     1             #   7   T  
  0.845426     0.347003     1            0.962145      #   8   G  
  0.0416667    1            0.0135135    0.0709459     #   9   C  
  1            0            0            0             #  10   A  
  0            0.00258065   0.287742     1             #  11   T  
  0.00303951   0            0.0101317    1             #  12   T  
  0.001002     0            1            0             #  13   G  
  0.00202224   0.00505561   0.00404449   1             #  14   T  
  0.0190074    0.0179514    0.0158395    1             #  15   T  
</psam>
</matrix_reduce>
