<?xml version="1.0" encoding="ISO-8859-1"?>
<matrix_reduce>
<meta>
	<time>04-09-2018 09:53:26</time>
	<source>curated_db.meme</source>
	<comment>meme2psam.py</comment>
	<nsites>1000</nsites>
	<e-value>0.0</e-value>
</meta>

<directionality>forward</directionality>
<psam_length>15</psam_length>
<optimal_sequence>AACAATAACATTGTT</optimal_sequence>

<psam>
# A            C            G            T             # no. opt  
# +============+============+============+============ # ==+===+==
  1            0.28934      0.260575     0.142132      #   1   A  
  1            0.0214823    0.0150376    0.0365199     #   2   A  
  0            1            0            0             #   3   C  
  1            0.00504032   0            0.00302419    #   4   A  
  1            0.140251     0            0             #   5   A  
  0.00603622   0            0            1             #   6   T  
  1            0.0015949    0.212121     0.376396      #   7   A  
  1            0.646884     0.670623     0.64095       #   8   A  
  0.00207684   1            0.0218069    0.0145379     #   9   C  
  1            0            0            0             #  10   A  
  0            0            0.104972     1             #  11   T  
  0            0.00603622   0            1             #  12   T  
  0            0            1            0             #  13   G  
  0.0339578    0.112412     0.0245902    1             #  14   T  
  0.148148     0.219136     0.175926     1             #  15   T  
</psam>
</matrix_reduce>
