<?xml version="1.0" encoding="ISO-8859-1"?>
<matrix_reduce>
<meta>
	<time>04-09-2018 09:53:26</time>
	<source>curated_db.meme</source>
	<comment>meme2psam.py</comment>
	<nsites>1000</nsites>
	<e-value>0.0</e-value>
</meta>

<directionality>forward</directionality>
<psam_length>14</psam_length>
<optimal_sequence>TGAATAGTCATTCA</optimal_sequence>

<psam>
# A            C            G            T             # no. opt  
# +============+============+============+============ # ==+===+==
  0            0.0188285    0.0261506    1             #   1   T  
  0            0            1            0             #   2   G  
  1            0            0            0             #   3   A  
  1            0.0214505    0            0             #   4   A  
  0            0.0649627    0            1             #   5   T  
  1            0.0241758    0.641758     0.525275      #   6   A  
  0.919643     0.392857     1            0.66369       #   7   G  
  0.766382     0.786325     0.293447     1             #   8   T  
  0.46729      1            0            0.869159      #   9   C  
  1            0            0.0330579    0             #  10   A  
  0            0            0.0330579    1             #  11   T  
  0            0            0.0288066    1             #  12   T  
  0            1            0            0             #  13   C  
  1            0.026694     0            0             #  14   A  
</psam>
</matrix_reduce>
