<?xml version="1.0" encoding="ISO-8859-1"?>
<matrix_reduce>
<meta>
	<time>04-09-2018 09:53:26</time>
	<source>curated_db.meme</source>
	<comment>meme2psam.py</comment>
	<nsites>1000</nsites>
	<e-value>0.0</e-value>
</meta>

<directionality>forward</directionality>
<psam_length>15</psam_length>
<optimal_sequence>ATGAATTTCATTCAT</optimal_sequence>

<psam>
# A            C            G            T             # no. opt  
# +============+============+============+============ # ==+===+==
  1            0.0274286    0.0365714    0.0788571     #   1   A  
  0.00914634   0.00711382   0            1             #   2   T  
  0.0799136    0            1            0             #   3   G  
  1            0.00201005   0            0.00201005    #   4   A  
  1            0.0294737    0.0231579    0             #   5   A  
  0.00200401   0            0            1             #   6   T  
  0.830078     0.0488281    0.0742188    1             #   7   T  
  0.970588     0.571895     0.72549      1             #   8   T  
  0.026936     1            0.0179574    0.0774411     #   9   C  
  1            0            0            0             #  10   A  
  0.00247219   0.00247219   0.23115      1             #  11   T  
  0.00704935   0            0            1             #  12   T  
  0            1            0            0.0224949     #  13   C  
  1            0            0            0.00704935    #  14   A  
  0.0725806    0.0276498    0.0518433    1             #  15   T  
</psam>
</matrix_reduce>
