<?xml version="1.0" encoding="ISO-8859-1"?>
<matrix_reduce>
<meta>
	<time>04-09-2018 09:53:26</time>
	<source>curated_db.meme</source>
	<comment>meme2psam.py</comment>
	<nsites>1000</nsites>
	<e-value>0.0</e-value>
</meta>

<directionality>forward</directionality>
<psam_length>16</psam_length>
<optimal_sequence>AATCAATTCAATAATT</optimal_sequence>

<psam>
# A            C            G            T             # no. opt  
# +============+============+============+============ # ==+===+==
  1            0.668622     0.269795     0.994135      #   1   A  
  1            0.413158     0.465789     0.752632      #   2   A  
  0.544503     0.460733     0.612565     1             #   3   T  
  0.302832     1            0.237473     0.636166      #   4   C  
  1            0.148426     0.0449775    0.305847      #   5   A  
  1            0.0345596    0.0167224    0.0635452     #   6   A  
  0.0671141    0.0290828    0.0223714    1             #   7   T  
  0.158343     0.0255786    0.0341048    1             #   8   T  
  0.0830861    1            0.356083     0.0445104     #   9   C  
  1            0.0309735    0.0210177    0.0542035     #  10   A  
  1            0.115646     0.085034     0.5           #  11   A  
  0.218232     0.0980663    0.0635359    1             #  12   T  
  1            0.235412     0.301811     0.474849      #  13   A  
  1            0.742297     0.470588     0.579832      #  14   A  
  0.977049     0.360656     0.931148     1             #  15   T  
  0.351562     0.421875     0.830729     1             #  16   T  
</psam>
</matrix_reduce>
