<?xml version="1.0" encoding="ISO-8859-1"?>
<matrix_reduce>
<meta>
	<time>04-09-2018 09:53:26</time>
	<source>curated_db.meme</source>
	<comment>meme2psam.py</comment>
	<nsites>1000</nsites>
	<e-value>0.0</e-value>
</meta>

<directionality>forward</directionality>
<psam_length>15</psam_length>
<optimal_sequence>ATGAATAACATTCAT</optimal_sequence>

<psam>
# A            C            G            T             # no. opt  
# +============+============+============+============ # ==+===+==
  1            0.510204     0.365079     0.39229       #   1   A  
  0.00818833   0.00818833   0.00614125   1             #   2   T  
  0.00810537   0.00303951   1            0             #   3   G  
  1            0            0            0             #   4   A  
  1            0.0917031    0            0             #   5   A  
  0            0            0            1             #   6   T  
  1            0.011745     0.234899     0.431208      #   7   A  
  1            0.670984     0.494819     0.42228       #   8   A  
  0.00708502   1            0.00202429   0.00303644    #   9   C  
  1            0            0            0             #  10   A  
  0            0            0.0626993    1             #  11   T  
  0            0            0            1             #  12   T  
  0            1            0            0.00806452    #  13   C  
  1            0.00104712   0.00628272   0.0397906     #  14   A  
  0.265469     0.41517      0.313373     1             #  15   T  
</psam>
</matrix_reduce>
