<?xml version="1.0" encoding="ISO-8859-1"?>
<matrix_reduce>
<meta>
	<time>04-09-2018 09:53:26</time>
	<source>curated_db.meme</source>
	<comment>meme2psam.py</comment>
	<nsites>1000</nsites>
	<e-value>0.0</e-value>
</meta>

<directionality>forward</directionality>
<psam_length>15</psam_length>
<optimal_sequence>ATAAACAATTAATCA</optimal_sequence>

<psam>
# A            C            G            T             # no. opt  
# +============+============+============+============ # ==+===+==
  1            0.739583     0.455729     0.401042      #   1   A  
  0.860724     0.415042     0.509749     1             #   2   T  
  1            0.133056     0.490644     0.455301      #   3   A  
  1            0.0989583    0.102865     0.10026       #   4   A  
  1            0.0277008    0.0290859    0.32687       #   5   A  
  0.0175439    1            0.0432749    0.105263      #   6   C  
  1            0.0147992    0.00634249   0.0359408     #   7   A  
  1            0.00309917   0.0103306    0.0165289     #   8   A  
  0.02079      0.0135135    0.00519751   1             #   9   T  
  0.258741     0.0293706    0.11049      1             #  10   T  
  1            0.433673     0.880102     0.237245      #  11   A  
  1            0.125364     0.113703     0.218659      #  12   A  
  0.997608     0.244019     0.150718     1             #  13   T  
  0.891803     1            0.406557     0.970492      #  14   C  
  1            0.318766     0.455013     0.796915      #  15   A  
</psam>
</matrix_reduce>
