<?xml version="1.0" encoding="ISO-8859-1"?>
<matrix_reduce>
<meta>
	<time>04-09-2018 09:53:26</time>
	<source>curated_db.meme</source>
	<comment>meme2psam.py</comment>
	<nsites>1000</nsites>
	<e-value>0.0</e-value>
</meta>

<directionality>forward</directionality>
<psam_length>13</psam_length>
<optimal_sequence>TCAATAACATTGA</optimal_sequence>

<psam>
# A            C            G            T             # no. opt  
# +============+============+============+============ # ==+===+==
  0.0582011    0            0            1             #   1   T  
  0            1            0            0.00603622    #   2   C  
  1            0            0            0             #   3   A  
  1            0.113586     0            0             #   4   A  
  0.00908174   0            0            1             #   5   T  
  1            0.00891266   0.290553     0.483066      #   6   A  
  1            0.949686     0.619497     0.566038      #   7   A  
  0.00411946   1            0            0.0257467     #   8   C  
  1            0            0            0             #   9   A  
  0            0            0.0224949    1             #  10   T  
  0            0.00908174   0            1             #  11   T  
  0.0153689    0.00922131   1            0             #  12   G  
  1            0.0808203    0.0361882    0.0880579     #  13   A  
</psam>
</matrix_reduce>
