<?xml version="1.0" encoding="ISO-8859-1"?>
<matrix_reduce>
<meta>
	<time>04-09-2018 09:53:26</time>
	<source>curated_db.meme</source>
	<comment>meme2psam.py</comment>
	<nsites>1000</nsites>
	<e-value>0.0</e-value>
</meta>

<directionality>forward</directionality>
<psam_length>15</psam_length>
<optimal_sequence>ATGAATGTTATTCAT</optimal_sequence>

<psam>
# A            C            G            T             # no. opt  
# +============+============+============+============ # ==+===+==
  1            0.416838     0.435318     0.199179      #   1   A  
  0.0153689    0.00204918   0.00409836   1             #   2   T  
  0.00705645   0            1            0             #   3   G  
  1            0            0            0             #   4   A  
  1            0.0040201    0.00100503   0             #   5   A  
  0            0            0            1             #   6   T  
  0.0974684    0            1            0.165823      #   7   G  
  0.313679     0.271226     0.773585     1             #   8   T  
  0.0453858    0.462935     0.00453858   1             #   9   T  
  1            0.001001     0            0             #  10   A  
  0            0.00121803   0.216809     1             #  11   T  
  0            0            0            1             #  12   T  
  0            1            0            0             #  13   C  
  1            0.0020141    0.0020141    0.00302115    #  14   A  
  0.441558     0.428571     0.727273     1             #  15   T  
</psam>
</matrix_reduce>
