<?xml version="1.0" encoding="ISO-8859-1"?>
<matrix_reduce>
<meta>
	<time>04-09-2018 09:53:26</time>
	<source>curated_db.meme</source>
	<comment>meme2psam.py</comment>
	<nsites>1000</nsites>
	<e-value>0.0</e-value>
</meta>

<directionality>forward</directionality>
<psam_length>16</psam_length>
<optimal_sequence>AACAATGTGCAGTGTT</optimal_sequence>

<psam>
# A            C            G            T             # no. opt  
# +============+============+============+============ # ==+===+==
  1            0.00207039   0.0113872    0.0217391     #   1   A  
  1            0.0144753    0.165259     0.0253317     #   2   A  
  0.00404449   1            0.00606673   0.00101112    #   3   C  
  1            0            0.001002     0.001002      #   4   A  
  1            0            0.001001     0             #   5   A  
  0            0.001001     0            1             #   6   T  
  0.633065     0.0927419    1            0.290323      #   7   G  
  0.255914     0.0645161    0.827957     1             #   8   T  
  0.4329       0.203463     1            0.525974      #   9   G  
  0.0992366    1            0.0496183    0.759542      #  10   C  
  1            0.00100604   0.00402414   0             #  11   A  
  0            0.00434153   1            0.441389      #  12   G  
  0.00402414   0.00100604   0            1             #  13   T  
  0            0.00200401   1            0             #  14   G  
  0.00715015   0.00306435   0.011236     1             #  15   T  
  0.0275545    0.0792193    0.0413318    1             #  16   T  
</psam>
</matrix_reduce>
