<?xml version="1.0" encoding="ISO-8859-1"?>
<matrix_reduce>
<meta>
	<time>04-09-2018 09:53:26</time>
	<source>curated_db.meme</source>
	<comment>meme2psam.py</comment>
	<nsites>1000</nsites>
	<e-value>0.0</e-value>
</meta>

<directionality>forward</directionality>
<psam_length>13</psam_length>
<optimal_sequence>TGAATGTTATTCA</optimal_sequence>

<psam>
# A            C            G            T             # no. opt  
# +============+============+============+============ # ==+===+==
  0.0239833    0.00417101   0.0145985    1             #   1   T  
  0.010101     0            1            0             #   2   G  
  1            0            0.00200803   0             #   3   A  
  1            0            0.00200401   0             #   4   A  
  0.00100402   0.00100402   0.00200803   1             #   5   T  
  0.0484928    0.00131062   1            0.256881      #   6   G  
  0.316832     0.225248     0.933168     1             #   7   T  
  0.0184049    0.504601     0.0107362    1             #   8   T  
  1            0.0020141    0.0040282    0.00100705    #   9   A  
  0            0            0.445087     1             #  10   T  
  0            0.001001     0            1             #  11   T  
  0.00403226   1            0.00403226   0             #  12   C  
  1            0.0061792    0.0216272    0.00205973    #  13   A  
</psam>
</matrix_reduce>
