<?xml version="1.0" encoding="ISO-8859-1"?>
<matrix_reduce>
<meta>
	<time>04-09-2018 09:53:26</time>
	<source>curated_db.meme</source>
	<comment>meme2psam.py</comment>
	<nsites>1000</nsites>
	<e-value>0.0</e-value>
</meta>

<directionality>forward</directionality>
<psam_length>13</psam_length>
<optimal_sequence>TCAATGTTATTGA</optimal_sequence>

<psam>
# A            C            G            T             # no. opt  
# +============+============+============+============ # ==+===+==
  0.166038     0.0213836    0.0704403    1             #   1   T  
  0            1            0.0102354    0.013306      #   2   C  
  1            0            0.00302419   0.00201613    #   3   A  
  1            0.011213     0.00509684   0             #   4   A  
  0.00200401   0            0            1             #   5   T  
  0.134591     0            1            0.12327       #   6   G  
  0.366906     0.280576     0.7506       1             #   7   T  
  0.0310296    0.362482     0.0169252    1             #   8   T  
  1            0.0040404    0.00505051   0             #   9   A  
  0            0.00148148   0.48         1             #  10   T  
  0            0            0.00200401   1             #  11   T  
  0.00100503   0            1            0.0040201     #  12   G  
  1            0.0122783    0.0491132    0.301501      #  13   A  
</psam>
</matrix_reduce>
