<?xml version="1.0" encoding="ISO-8859-1"?>
<matrix_reduce>
<meta>
	<time>04-09-2018 09:53:26</time>
	<source>curated_db.meme</source>
	<comment>meme2psam.py</comment>
	<nsites>1000</nsites>
	<e-value>0.0</e-value>
</meta>

<directionality>forward</directionality>
<psam_length>15</psam_length>
<optimal_sequence>AACAATGGTAGTGTT</optimal_sequence>

<psam>
# A            C            G            T             # no. opt  
# +============+============+============+============ # ==+===+==
  1            0.00512295   0.0122951    0.00717213    #   1   A  
  1            0.0150637    0.126304     0.013905      #   2   A  
  0            1            0.00100503   0.00100503    #   3   C  
  1            0            0.001002     0             #   4   A  
  1            0            0.00301508   0             #   5   A  
  0            0            0.00200401   1             #   6   T  
  0.0361248    0.00164204   1            0.604269      #   7   G  
  0.242        0.16         1            0.598         #   8   G  
  0.0150943    0.862264     0.00943396   1             #   9   T  
  1            0.00100402   0.00301205   0             #  10   A  
  0.00591716   0.00147929   1            0.471893      #  11   G  
  0.00505561   0.00101112   0.00505561   1             #  12   T  
  0            0            1            0             #  13   G  
  0.00201005   0.00100503   0.00201005   1             #  14   T  
  0.0164835    0.0494505    0.0296703    1             #  15   T  
</psam>
</matrix_reduce>
