<?xml version="1.0" encoding="ISO-8859-1"?>
<matrix_reduce>
<meta>
	<time>04-09-2018 09:53:26</time>
	<source>curated_db.meme</source>
	<comment>meme2psam.py</comment>
	<nsites>1000</nsites>
	<e-value>0.0</e-value>
</meta>

<directionality>forward</directionality>
<psam_length>16</psam_length>
<optimal_sequence>TTTAATTATAATTAAG</optimal_sequence>

<psam>
# A            C            G            T             # no. opt  
# +============+============+============+============ # ==+===+==
  0.701408     0.701408     0.405634     1             #   1   T  
  0.985632     0.571839     0.316092     1             #   2   T  
  0.509901     0.517327     0.440594     1             #   3   T  
  1            0.469816     0.430446     0.716535      #   4   A  
  1            0.0257913    0.0234467    0.123095      #   5   A  
  0.148418     0.0304136    0.0377129    1             #   6   T  
  0.325069     0.023416     0.0289256    1             #   7   T  
  1            0.0231707    0.15         0.0463415     #   8   A  
  0.0463415    0.15         0.0231707    1             #   9   T  
  1            0.0289256    0.023416     0.325069      #  10   A  
  1            0.0377129    0.0304136    0.148418      #  11   A  
  0.123095     0.0234467    0.0257913    1             #  12   T  
  0.832184     0.17931      0.287356     1             #  13   T  
  1            0.182716     0.62963      0.65679       #  14   A  
  1            0.209184     0.540816     0.80102       #  15   A  
  0.714286     0.446809     1            0.878419      #  16   G  
</psam>
</matrix_reduce>
