<?xml version="1.0" encoding="ISO-8859-1"?>
<matrix_reduce>
<meta>
	<time>04-09-2018 09:53:26</time>
	<source>curated_db.meme</source>
	<comment>meme2psam.py</comment>
	<nsites>1000</nsites>
	<e-value>0.0</e-value>
</meta>

<directionality>forward</directionality>
<psam_length>17</psam_length>
<optimal_sequence>GATCAATGTTATTGATT</optimal_sequence>

<psam>
# A            C            G            T             # no. opt  
# +============+============+============+============ # ==+===+==
  0.180523     0.736342     1            0.451306      #   1   G  
  1            0.0644753    0.132743     0.0657396     #   2   A  
  0.0354536    0            0.00417101   1             #   3   T  
  0            1            0.00100806   0.00705645    #   4   C  
  1            0            0.001001     0             #   5   A  
  1            0            0.001001     0             #   6   A  
  0            0.001001     0            1             #   7   T  
  0            0            1            0.322751      #   8   G  
  0.12987      0.283859     0.441558     1             #   9   T  
  0            0.499248     0            1             #  10   T  
  1            0            0            0             #  11   A  
  0.00125156   0            0.250313     1             #  12   T  
  0.00100301   0.00100301   0.00100301   1             #  13   T  
  0.00100301   0.00100301   1            0.00100301    #  14   G  
  1            0.00105374   0.0347734    0.0168599     #  15   A  
  0.0983412    0.021327     0.063981     1             #  16   T  
  0.562654     0.199017     0.695332     1             #  17   T  
</psam>
</matrix_reduce>
