<?xml version="1.0" encoding="ISO-8859-1"?>
<matrix_reduce>
<meta>
	<time>04-09-2018 09:53:26</time>
	<source>curated_db.meme</source>
	<comment>meme2psam.py</comment>
	<nsites>1000</nsites>
	<e-value>0.0</e-value>
</meta>

<directionality>forward</directionality>
<psam_length>16</psam_length>
<optimal_sequence>ATTGAACAATGGAATT</optimal_sequence>

<psam>
# A            C            G            T             # no. opt  
# +============+============+============+============ # ==+===+==
  1            0.276882     0.865591     0.543011      #   1   A  
  0.984985     0.546547     0.471471     1             #   2   T  
  0.867868     0.255255     0.87988      1             #   3   T  
  0.356009     0.514739     1            0.390023      #   4   G  
  1            0.0683403    0.280335     0.0460251     #   5   A  
  1            0.0031348    0.00417973   0.0365726     #   6   A  
  0.00463499   1            0.0104287    0.143685      #   7   C  
  1            0.00818833   0.00409417   0.011259      #   8   A  
  1            0.00512295   0.0153689    0.00409836    #   9   A  
  0.0736728    0.00433369   0.00541712   1             #  10   T  
  0.33833      0.231263     1            0.569593      #  11   G  
  0.656189     0.178782     1            0.123772      #  12   G  
  1            0.401316     0.328947     0.462719      #  13   A  
  1            0.622739     0.392765     0.568475      #  14   A  
  0.515068     0.739726     0.484932     1             #  15   T  
  0.422705     0.586957     0.398551     1             #  16   T  
</psam>
</matrix_reduce>
