<?xml version="1.0" encoding="ISO-8859-1"?>
<matrix_reduce>
<meta>
	<time>04-09-2018 09:53:26</time>
	<source>curated_db.meme</source>
	<comment>meme2psam.py</comment>
	<nsites>1000</nsites>
	<e-value>0.0</e-value>
</meta>

<directionality>forward</directionality>
<psam_length>13</psam_length>
<optimal_sequence>ATGAATTGCAGTC</optimal_sequence>

<psam>
# A            C            G            T             # no. opt  
# +============+============+============+============ # ==+===+==
  1            0.0471822    0.246396     0.017038      #   1   A  
  0.00301508   0            0.00201005   1             #   2   T  
  0.00200803   0.00100402   1            0.00100402    #   3   G  
  1            0            0.00100301   0             #   4   A  
  1            0            0.00301811   0             #   5   A  
  0            0            0.00100402   1             #   6   T  
  0.00115473   0.00115473   0.152425     1             #   7   T  
  0.21327      0.239336     1            0.917062      #   8   G  
  0            1            0.00227531   0.135381      #   9   C  
  1            0.00100301   0.00200602   0             #  10   A  
  0.00332963   0.00110988   1            0.105438      #  11   G  
  0.00100604   0.00201207   0.00301811   1             #  12   T  
  0            1            0.00200803   0             #  13   C  
</psam>
</matrix_reduce>
