<?xml version="1.0" encoding="ISO-8859-1"?>
<matrix_reduce>
<meta>
	<time>04-09-2018 09:53:26</time>
	<source>curated_db.meme</source>
	<comment>meme2psam.py</comment>
	<nsites>1000</nsites>
	<e-value>0.0</e-value>
</meta>

<directionality>forward</directionality>
<psam_length>14</psam_length>
<optimal_sequence>TGAATGTGCAGTCA</optimal_sequence>

<psam>
# A            C            G            T             # no. opt  
# +============+============+============+============ # ==+===+==
  0            0            0.00401606   1             #   1   T  
  0.0040201    0            1            0.00100503    #   2   G  
  1            0.00100301   0.00100301   0.00100301    #   3   A  
  1            0            0.00200401   0             #   4   A  
  0.001001     0            0            1             #   5   T  
  0.470326     0.00593472   1            0.0074184     #   6   G  
  0            0            0.0121457    1             #   7   T  
  0.131387     0.120438     1            0.572993      #   8   G  
  0.00200803   1            0.00200803   0             #   9   C  
  1            0.001002     0.001002     0             #  10   A  
  0            0            1            0.00806452    #  11   G  
  0.00100503   0.00201005   0.00201005   1             #  12   T  
  0            1            0.00100604   0.00503018    #  13   C  
  1            0            0.001002     0.001002      #  14   A  
</psam>
</matrix_reduce>
