<?xml version="1.0" encoding="ISO-8859-1"?>
<matrix_reduce>
<meta>
	<time>04-09-2018 09:53:26</time>
	<source>curated_db.meme</source>
	<comment>meme2psam.py</comment>
	<nsites>1000</nsites>
	<e-value>0.0</e-value>
</meta>

<directionality>forward</directionality>
<psam_length>17</psam_length>
<optimal_sequence>GAACAATTGCAGTGTTC</optimal_sequence>

<psam>
# A            C            G            T             # no. opt  
# +============+============+============+============ # ==+===+==
  0.693478     0.2          1            0.273913      #   1   G  
  1            0.00100604   0.00402414   0.00100604    #   2   A  
  1            0.00103627   0.0341969    0.00103627    #   3   A  
  0.00100604   1            0.00201207   0             #   4   C  
  1            0.00200803   0.00200803   0             #   5   A  
  1            0.00101112   0.0091001    0.00101112    #   6   A  
  0            0            0            1             #   7   T  
  0.00113507   0            0.133939     1             #   8   T  
  0.200828     0.217391     1            0.652174      #   9   G  
  0.0011274    1            0.00225479   0.124014      #  10   C  
  1            0.00100301   0.00200602   0             #  11   A  
  0            0            1            0.017294      #  12   G  
  0.00100503   0.00100503   0.00301508   1             #  13   T  
  0            0            1            0             #  14   G  
  0            0            0.00200602   1             #  15   T  
  0.0030426    0.00811359   0.0030426    1             #  16   T  
  0.490515     1            0.368564     0.842818      #  17   C  
</psam>
</matrix_reduce>
