<?xml version="1.0" encoding="ISO-8859-1"?>
<matrix_reduce>
<meta>
	<time>04-09-2018 09:53:26</time>
	<source>curated_db.meme</source>
	<comment>meme2psam.py</comment>
	<nsites>1000</nsites>
	<e-value>0.0</e-value>
</meta>

<directionality>forward</directionality>
<psam_length>17</psam_length>
<optimal_sequence>TTATTTATTGTTCTTTA</optimal_sequence>

<psam>
# A            C            G            T             # no. opt  
# +============+============+============+============ # ==+===+==
  0.878136     0.709677     0.996416     1             #   1   T  
  0.715543     0.398827     0.815249     1             #   2   T  
  1            0.253906     0.271484     0.427734      #   3   A  
  0.317726     0.143813     0.20903      1             #   4   T  
  0.473846     1            0.593846     1             #   5   T  
  0.855234     0.289532     0.0757238    1             #   6   T  
  1            0.00740741   0.0126984    0.0380952     #   7   A  
  0.00832466   0.0280957    0.00416233   1             #   8   T  
  0.0217842    0.00622407   0.0093361    1             #   9   T  
  0.184864     0.0483871    1            0.00744417    #  10   G  
  0.127002     0.00800915   0.00915332   1             #  11   T  
  0.115538     0.132802     0.0796813    1             #  12   T  
  0.578704     1            0.1875       0.541667      #  13   C  
  0.589202     0.410798     0.347418     1             #  14   T  
  0.567867     0.382271     0.819945     1             #  15   T  
  0.86612      0.415301     0.448087     1             #  16   T  
  1            0.269474     0.322105     0.507368      #  17   A  
</psam>
</matrix_reduce>
