<?xml version="1.0" encoding="ISO-8859-1"?>
<matrix_reduce>
<meta>
	<time>04-09-2018 09:53:26</time>
	<source>curated_db.meme</source>
	<comment>meme2psam.py</comment>
	<nsites>1000</nsites>
	<e-value>0.0</e-value>
</meta>

<directionality>forward</directionality>
<psam_length>15</psam_length>
<optimal_sequence>AACAATTGCAGTGTT</optimal_sequence>

<psam>
# A            C            G            T             # no. opt  
# +============+============+============+============ # ==+===+==
  1            0            0.0111223    0             #   1   A  
  1            0            0.048218     0             #   2   A  
  0            1            0            0             #   3   C  
  1            0            0            0             #   4   A  
  1            0            0            0             #   5   A  
  0            0            0            1             #   6   T  
  0            0            0.0341262    1             #   7   T  
  0.347826     0.201087     1            0.257246      #   8   G  
  0            1            0            0.0341262     #   9   C  
  1            0            0            0             #  10   A  
  0            0            1            0             #  11   G  
  0            0            0            1             #  12   T  
  0            0            1            0             #  13   G  
  0            0            0            1             #  14   T  
  0            0            0            1             #  15   T  
</psam>
</matrix_reduce>
