<?xml version="1.0" encoding="ISO-8859-1"?>
<matrix_reduce>
<meta>
	<time>04-09-2018 09:53:26</time>
	<source>curated_db.meme</source>
	<comment>meme2psam.py</comment>
	<nsites>1000</nsites>
	<e-value>0.0</e-value>
</meta>

<directionality>forward</directionality>
<psam_length>17</psam_length>
<optimal_sequence>CATCAATTGCAGTGATC</optimal_sequence>

<psam>
# A            C            G            T             # no. opt  
# +============+============+============+============ # ==+===+==
  0.440901     1            0.0619137    0.373358      #   1   C  
  1            0            0.00200803   0             #   2   A  
  0.00100301   0            0.00200602   1             #   3   T  
  0            1            0.00908174   0             #   4   C  
  1            0.00100604   0.00201207   0             #   5   A  
  1            0            0.00301205   0             #   6   A  
  0            0            0            1             #   7   T  
  0            0            0.259773     1             #   8   T  
  0.206731     0.0705128    1            0.325321      #   9   G  
  0.00253165   1            0.00126582   0.258228      #  10   C  
  1            0            0.001001     0             #  11   A  
  0.00104822   0            1            0.0471698     #  12   G  
  0.00100301   0            0.00200602   1             #  13   T  
  0            0.00300903   1            0             #  14   G  
  1            0            0.00100604   0.00503018    #  15   A  
  0.0153689    0            0.00922131   1             #  16   T  
  0.644628     1            0.418733     0.69146       #  17   C  
</psam>
</matrix_reduce>
