<?xml version="1.0" encoding="ISO-8859-1"?>
<matrix_reduce>
<meta>
	<time>04-09-2018 09:53:26</time>
	<source>curated_db.meme</source>
	<comment>meme2psam.py</comment>
	<nsites>1000</nsites>
	<e-value>0.0</e-value>
</meta>

<directionality>forward</directionality>
<psam_length>16</psam_length>
<optimal_sequence>AACAATGTGCAGTGTT</optimal_sequence>

<psam>
# A            C            G            T             # no. opt  
# +============+============+============+============ # ==+===+==
  1            0            0            0.0152284     #   1   A  
  1            0            0            0             #   2   A  
  0.00200401   1            0            0             #   3   C  
  1            0            0.00401606   0             #   4   A  
  1            0.00201207   0.00201207   0.00201207    #   5   A  
  0            0            0.00200401   1             #   6   T  
  0.543147     0.0236887    1            0.123519      #   7   G  
  0.00200401   0            0            1             #   8   T  
  0.0801144    0.110157     1            0.240343      #   9   G  
  0            1            0.00403633   0.00403633    #  10   C  
  1            0            0            0             #  11   A  
  0.00201207   0            1            0.00402414    #  12   G  
  0            0            0.00200401   1             #  13   T  
  0            0            1            0             #  14   G  
  0.00200401   0            0            1             #  15   T  
  0            0.00908174   0            1             #  16   T  
</psam>
</matrix_reduce>
