<?xml version="1.0" encoding="ISO-8859-1"?>
<matrix_reduce>
<meta>
	<time>04-09-2018 09:53:26</time>
	<source>curated_db.meme</source>
	<comment>meme2psam.py</comment>
	<nsites>1000</nsites>
	<e-value>0.0</e-value>
</meta>

<directionality>forward</directionality>
<psam_length>17</psam_length>
<optimal_sequence>AAACAATTGCAGTGTTT</optimal_sequence>

<psam>
# A            C            G            T             # no. opt  
# +============+============+============+============ # ==+===+==
  1            0.110701     0.46679      0.265683      #   1   A  
  1            0.001001     0            0             #   2   A  
  1            0            0.00200401   0             #   3   A  
  0            1            0            0             #   4   C  
  1            0            0            0             #   5   A  
  1            0            0.00200401   0             #   6   A  
  0            0            0            1             #   7   T  
  0            0.00125156   0.250313     1             #   8   T  
  0.289979     0.119403     1            0.722814      #   9   G  
  0            1            0            0.227273      #  10   C  
  1            0.00100301   0.00100301   0             #  11   A  
  0            0            1            0.00908174    #  12   G  
  0            0.001001     0            1             #  13   T  
  0            0            1            0             #  14   G  
  0.001002     0            0.001002     1             #  15   T  
  0.00405268   0.0070922    0.00202634   1             #  16   T  
  0.383023     0.494824     0.192547     1             #  17   T  
</psam>
</matrix_reduce>
