<?xml version="1.0" encoding="ISO-8859-1"?>
<matrix_reduce>
<meta>
	<time>04-09-2018 09:53:26</time>
	<source>curated_db.meme</source>
	<comment>meme2psam.py</comment>
	<nsites>1000</nsites>
	<e-value>0.0</e-value>
</meta>

<directionality>forward</directionality>
<psam_length>16</psam_length>
<optimal_sequence>ATCAATGTGCAGTGAT</optimal_sequence>

<psam>
# A            C            G            T             # no. opt  
# +============+============+============+============ # ==+===+==
  1            0            0            0             #   1   A  
  0            0            0            1             #   2   T  
  0            1            0            0             #   3   C  
  1            0            0            0             #   4   A  
  1            0            0            0             #   5   A  
  0            0            0            1             #   6   T  
  0.462798     0.016369     1            0.00892857    #   7   G  
  0            0            0            1             #   8   T  
  0.0478088    0.199203     1            0.739044      #   9   G  
  0            1            0            0.0111223     #  10   C  
  1            0.0111223    0            0             #  11   A  
  0            0            1            0.0111223     #  12   G  
  0            0            0            1             #  13   T  
  0            0.0224949    1            0             #  14   G  
  1            0            0            0             #  15   A  
  0.0112474    0.0112474    0            1             #  16   T  
</psam>
</matrix_reduce>
