<?xml version="1.0" encoding="ISO-8859-1"?>
<matrix_reduce>
<meta>
	<time>04-09-2018 09:53:26</time>
	<source>curated_db.meme</source>
	<comment>meme2psam.py</comment>
	<nsites>76</nsites>
	<e-value>0.0</e-value>
</meta>

<directionality>forward</directionality>
<psam_length>9</psam_length>
<optimal_sequence>CCATTGTTC</optimal_sequence>

<psam>
# A            C            G            T             # no. opt  
# +============+============+============+============ # ==+===+==
  0.0555556    1            0.148148     0.148148      #   1   C  
  0.184211     1            0.131579     0.605263      #   2   C  
  1            0.0140845    0            0.056338      #   3   A  
  0.028169     0.0140845    0.028169     1             #   4   T  
  0.09375      0            0.0625       1             #   5   T  
  0.028169     0.028169     1            0             #   6   G  
  0.220339     0            0.0677966    1             #   7   T  
  0.150943     0.113208     0.0943396    1             #   8   T  
  0.451613     1            0.193548     0.741935      #   9   C  
</psam>
</matrix_reduce>
