<?xml version="1.0" encoding="ISO-8859-1"?>
<matrix_reduce>
<meta>
	<time>04-09-2018 09:53:26</time>
	<source>curated_db.meme</source>
	<comment>meme2psam.py</comment>
	<nsites>1000</nsites>
	<e-value>0.0</e-value>
</meta>

<directionality>forward</directionality>
<psam_length>9</psam_length>
<optimal_sequence>GAACAATGG</optimal_sequence>

<psam>
# A            C            G            T             # no. opt  
# +============+============+============+============ # ==+===+==
  0.775068     0.308943     1            0.617886      #   1   G  
  1            0.186469     0.226073     0.235974      #   2   A  
  1            0            0.00650759   0.0780911     #   3   A  
  0            1            0.0136986    0.0400421     #   4   C  
  1            0            0            0.00704935    #   5   A  
  1            0.00404858   0.00506073   0.00303644    #   6   A  
  0.0870536    0.0133929    0.015625     1             #   7   T  
  0.765458     0.121535     1            0.245203      #   8   G  
  0.411157     0.471074     1            0.183884      #   9   G  
</psam>
</matrix_reduce>
