<?xml version="1.0" encoding="ISO-8859-1"?>
<matrix_reduce>
<meta>
	<time>04-09-2018 09:53:26</time>
	<source>curated_db.meme</source>
	<comment>meme2psam.py</comment>
	<nsites>1000</nsites>
	<e-value>0.0</e-value>
</meta>

<directionality>forward</directionality>
<psam_length>16</psam_length>
<optimal_sequence>ATGAATGTGCAGTCAT</optimal_sequence>

<psam>
# A            C            G            T             # no. opt  
# +============+============+============+============ # ==+===+==
  1            0            0.00401606   0             #   1   A  
  0            0            0            1             #   2   T  
  0            0.00704935   1            0             #   3   G  
  1            0            0            0             #   4   A  
  1            0            0            0             #   5   A  
  0            0            0            1             #   6   T  
  0.428144     0.0179641    1            0.0508982     #   7   G  
  0.00704935   0            0            1             #   8   T  
  0.159223     0.0932039    1            0.683495      #   9   G  
  0.00401606   1            0            0             #  10   C  
  1            0            0.00302419   0.00302419    #  11   A  
  0            0            1            0.00401606    #  12   G  
  0            0            0            1             #  13   T  
  0            1            0            0             #  14   C  
  1            0            0            0             #  15   A  
  0.00908174   0            0            1             #  16   T  
</psam>
</matrix_reduce>
