<?xml version="1.0" encoding="ISO-8859-1"?>
<matrix_reduce>
<meta>
	<time>04-09-2018 09:53:26</time>
	<source>curated_db.meme</source>
	<comment>meme2psam.py</comment>
	<nsites>160</nsites>
	<e-value>0.0</e-value>
</meta>

<directionality>forward</directionality>
<psam_length>11</psam_length>
<optimal_sequence>AGAACAATGGG</optimal_sequence>

<psam>
# A            C            G            T             # no. opt  
# +============+============+============+============ # ==+===+==
  1            0.2          0.2          0.284211      #   1   A  
  0.568182     0.0795455    1            0.170455      #   2   G  
  1            0.0666667    0.037037     0.0814815     #   3   A  
  1            0            0.00649351   0.0324675     #   4   A  
  0            1            0            0.00628931    #   5   C  
  1            0.00645161   0.0193548    0.00645161    #   6   A  
  1            0.0129032    0.00645161   0.0129032     #   7   A  
  0.111111     0            0            1             #   8   T  
  0.490196     0.0196078    1            0.0588235     #   9   G  
  0.208696     0.147826     1            0.0347826     #  10   G  
  0.916667     0.4          1            0.35          #  11   G  
</psam>
</matrix_reduce>
