<?xml version="1.0" encoding="ISO-8859-1"?>
<matrix_reduce>
<meta>
	<time>04-09-2018 09:53:26</time>
	<source>curated_db.meme</source>
	<comment>meme2psam.py</comment>
	<nsites>1000</nsites>
	<e-value>0.0</e-value>
</meta>

<directionality>forward</directionality>
<psam_length>16</psam_length>
<optimal_sequence>AACAATGTGCAGTGTT</optimal_sequence>

<psam>
# A            C            G            T             # no. opt  
# +============+============+============+============ # ==+===+==
  1            0            0            0             #   1   A  
  1            0            0.0162602    0             #   2   A  
  0            1            0            0             #   3   C  
  1            0            0            0             #   4   A  
  1            0            0            0             #   5   A  
  0            0            0            1             #   6   T  
  0.391304     0.0347826    1            0.0231884     #   7   G  
  0            0            0            1             #   8   T  
  0.0144357    0.0406824    1            0.253281      #   9   G  
  0.00806452   1            0            0             #  10   C  
  1            0            0            0             #  11   A  
  0            0            1            0.00806452    #  12   G  
  0            0            0            1             #  13   T  
  0.00806452   0            1            0             #  14   G  
  0            0            0            1             #  15   T  
  0.00813008   0.00813008   0            1             #  16   T  
</psam>
</matrix_reduce>
