<?xml version="1.0" encoding="ISO-8859-1"?>
<matrix_reduce>
<meta>
	<time>04-09-2018 09:53:26</time>
	<source>curated_db.meme</source>
	<comment>meme2psam.py</comment>
	<nsites>1000</nsites>
	<e-value>0.0</e-value>
</meta>

<directionality>forward</directionality>
<psam_length>14</psam_length>
<optimal_sequence>ATTTTACGGAAAAT</optimal_sequence>

<psam>
# A            C            G            T             # no. opt  
# +============+============+============+============ # ==+===+==
  1            0.326633     0.849246     0.329146      #   1   A  
  0.545918     0.047619     0.107143     1             #   2   T  
  0.202861     0.0403121    0.053316     1             #   3   T  
  0.503717     0.282528     0.0724907    1             #   4   T  
  0.608815     0.666667     0.479339     1             #   5   T  
  1            0.971246     0.530351     0.693291      #   6   A  
  0.00303951   1            0.0070922    0.00303951    #   7   C  
  0.00228833   0.139588     1            0.00228833    #   8   G  
  0.150847     0.149153     1            0.389831      #   9   G  
  1            0.104113     0.0784062    0.102828      #  10   A  
  1            0.0137615    0.0286697    0.103211      #  11   A  
  1            0.0678925    0.0410184    0.305516      #  12   A  
  1            0.276639     0.20082      0.565574      #  13   A  
  0.382114     0.227642     0.422764     1             #  14   T  
</psam>
</matrix_reduce>
