<?xml version="1.0" encoding="ISO-8859-1"?>
<matrix_reduce>
<meta>
	<time>04-09-2018 09:53:26</time>
	<source>curated_db.meme</source>
	<comment>meme2psam.py</comment>
	<nsites>1000</nsites>
	<e-value>0.0</e-value>
</meta>

<directionality>forward</directionality>
<psam_length>17</psam_length>
<optimal_sequence>GGTCCCGCCCCCTTCTC</optimal_sequence>

<psam>
# A            C            G            T             # no. opt  
# +============+============+============+============ # ==+===+==
  0.414439     0.596257     1            0.660428      #   1   G  
  0.715942     0.463768     1            0.718841      #   2   G  
  0.709199     0.765579     0.489614     1             #   3   T  
  0.521472     1            0.104294     0.413088      #   4   C  
  0.825688     1            0.00183486   0.00550459    #   5   C  
  0.00403633   1            0.00201816   0.00302725    #   6   C  
  0.0377562    0.00107875   1            0.0366775     #   7   G  
  0.00100908   1            0.00302725   0.00403633    #   8   C  
  0.00302725   1            0.00504541   0.00100908    #   9   C  
  0.00103842   1            0.00103842   0.0363448     #  10   C  
  0.176611     1            0.00119332   0.0155131     #  11   C  
  0.0154525    1            0.00772627   0.080574      #  12   C  
  0.141156     0.459184     0.0986395    1             #  13   T  
  0.353919     0.68171      0.339667     1             #  14   T  
  0.590778     1            0.729107     0.56196       #  15   C  
  0.573209     0.934579     0.604361     1             #  16   T  
  0.331579     1            0.644737     0.655263      #  17   C  
</psam>
</matrix_reduce>
