<?xml version="1.0" encoding="ISO-8859-1"?>
<matrix_reduce>
<meta>
	<time>04-09-2018 09:53:26</time>
	<source>curated_db.meme</source>
	<comment>meme2psam.py</comment>
	<nsites>23</nsites>
	<e-value>0.0</e-value>
</meta>

<directionality>forward</directionality>
<psam_length>24</psam_length>
<optimal_sequence>GGGGCCAGGGGGGGGGCGGGGCCG</optimal_sequence>

<psam>
# A            C            G            T             # no. opt  
# +============+============+============+============ # ==+===+==
  0.333333     0.25         1            0             #   1   G  
  0            0.5          1            0             #   2   G  
  0.5          0            1            0.25          #   3   G  
  0.272727     0.272727     1            0.363636      #   4   G  
  0.142857     1            0.5          0             #   5   C  
  0            1            0.266667     0             #   6   C  
  1            0.272727     0.636364     0             #   7   A  
  0            0.214286     1            0.214286      #   8   G  
  0            0.125        1            0.1875        #   9   G  
  0            0.111111     1            0.166667      #  10   G  
  0            0.1875       1            0             #  11   G  
  0.142857     0.5          1            0             #  12   G  
  0            0            1            0             #  13   G  
  0            0.105263     1            0             #  14   G  
  0            0.266667     1            0             #  15   G  
  0            0            1            0             #  16   G  
  0.181818     1            0.909091     0             #  17   C  
  0            0            1            0.105263      #  18   G  
  0.133333     0.4          1            0             #  19   G  
  0.272727     0.636364     1            0             #  20   G  
  0            0.466667     1            0             #  21   G  
  0.272727     1            0.545455     0.272727      #  22   C  
  0            1            0.5          0             #  23   C  
  0.363636     0.363636     1            0.181818      #  24   G  
</psam>
</matrix_reduce>
