<?xml version="1.0" encoding="ISO-8859-1"?>
<matrix_reduce>
<meta>
	<time>04-09-2018 09:53:26</time>
	<source>curated_db.meme</source>
	<comment>meme2psam.py</comment>
	<nsites>1000</nsites>
	<e-value>0.0</e-value>
</meta>

<directionality>forward</directionality>
<psam_length>17</psam_length>
<optimal_sequence>TAAGCCACGCCCCCTTT</optimal_sequence>

<psam>
# A            C            G            T             # no. opt  
# +============+============+============+============ # ==+===+==
  0.38292      0.865014     0.506887     1             #   1   T  
  1            0.0715667    0.0290135    0.831721      #   2   A  
  1            0.0564374    0.631393     0.0758377     #   3   A  
  0.197115     0.00120192   1            0.00360577    #   4   G  
  0.0582627    1            0            0.00105932    #   5   C  
  0            1            0.00103199   0.0299278     #   6   C  
  1            0.330226     0.00133156   0             #   7   A  
  0            1            0            0             #   8   C  
  0.00101523   0.00203046   1            0.00913706    #   9   G  
  0            1            0.001001     0             #  10   C  
  0.001001     1            0            0             #  11   C  
  0            1            0.00101626   0.0152439     #  12   C  
  0.756708     1            0.00357782   0.0268336     #  13   C  
  0.025641     1            0.00384615   0.248718      #  14   C  
  0.374126     0.293706     0.0751748    1             #  15   T  
  0.281059     0.580448     0.175153     1             #  16   T  
  0.642458     0.782123     0.368715     1             #  17   T  
</psam>
</matrix_reduce>
