<?xml version="1.0" encoding="ISO-8859-1"?>
<matrix_reduce>
<meta>
	<time>04-09-2018 09:53:26</time>
	<source>curated_db.meme</source>
	<comment>meme2psam.py</comment>
	<nsites>1000</nsites>
	<e-value>0.0</e-value>
</meta>

<directionality>forward</directionality>
<psam_length>11</psam_length>
<optimal_sequence>ACCCGGATGTA</optimal_sequence>

<psam>
# A            C            G            T             # no. opt  
# +============+============+============+============ # ==+===+==
  1            0.0213568    0.0376884    0.197236      #   1   A  
  0.691571     1            0.195402     0.0287356     #   2   C  
  0.0113402    1            0.0195876    0             #   3   C  
  0.0515247    1            0            0             #   4   C  
  0            0            1            0             #   5   G  
  0.00100301   0            1            0.00200602    #   6   G  
  1            0            0.001002     0             #   7   A  
  0.115515     0.0147225    0.00226501   1             #   8   T  
  0.336795     0.12908      1            0.0133531     #   9   G  
  0.0117955    0.289646     0.00524246   1             #  10   T  
  1            0.297821     0.699758     0.423729      #  11   A  
</psam>
</matrix_reduce>
