<?xml version="1.0" encoding="ISO-8859-1"?>
<matrix_reduce>
<meta>
	<time>04-09-2018 09:53:26</time>
	<source>curated_db.meme</source>
	<comment>meme2psam.py</comment>
	<nsites>1000</nsites>
	<e-value>0.0</e-value>
</meta>

<directionality>forward</directionality>
<psam_length>15</psam_length>
<optimal_sequence>GTGGTCCCGGATTAT</optimal_sequence>

<psam>
# A            C            G            T             # no. opt  
# +============+============+============+============ # ==+===+==
  0.33121      0.066879     1            0.192675      #   1   G  
  0.245283     0.0660377    0.261006     1             #   2   T  
  0.1376       0.0608       1            0.3968        #   3   G  
  0.0302115    0.140483     1            0.338369      #   4   G  
  0.151054     0            0.0199063    1             #   5   T  
  0            1            0.0416667    0             #   6   C  
  0            1            0.014359     0.0112821     #   7   C  
  0            1            0            0             #   8   C  
  0            0            1            0             #   9   G  
  0            0            1            0.0131712     #  10   G  
  1            0.0174359    0            0.00820513    #  11   A  
  0.0742407    0.0494938    0            1             #  12   T  
  0.0189504    0.438776     0            1             #  13   T  
  1            0.00413223   0            0.0289256     #  14   A  
  0.114286     0.188571     0.125714     1             #  15   T  
</psam>
</matrix_reduce>
