<?xml version="1.0" encoding="ISO-8859-1"?>
<matrix_reduce>
<meta>
	<time>04-09-2018 09:53:26</time>
	<source>curated_db.meme</source>
	<comment>meme2psam.py</comment>
	<nsites>1000</nsites>
	<e-value>0.0</e-value>
</meta>

<directionality>forward</directionality>
<psam_length>16</psam_length>
<optimal_sequence>GCAGTAAGAAGTATAC</optimal_sequence>

<psam>
# A            C            G            T             # no. opt  
# +============+============+============+============ # ==+===+==
  0.506958     0.232604     1            0.248509      #   1   G  
  0.0620525    1            0.0763723    0.0548926     #   2   C  
  1            0.0369565    0.0315217    0.0184783     #   3   A  
  0.0174002    0            1            0.00614125    #   4   G  
  0.983425     0.116022     0.662983     1             #   5   T  
  1            0.00100604   0.00100604   0.00402414    #   6   A  
  1            0.0040568    0.010142     0             #   7   A  
  0.250316     0.00379267   1            0.00632111    #   8   G  
  1            0.0010846    0.0824295    0.0010846     #   9   A  
  1            0.286089     0            0.0262467     #  10   A  
  0.011399     0.0238342    1            0             #  11   G  
  0.021575     0.012945     0.0442287    1             #  12   T  
  1            0            0.0170394    0.0479233     #  13   A  
  0.694397     0            0            1             #  14   T  
  1            0.22449      0.00156986   0.343799      #  15   A  
  0.489666     1            0.00794913   0.09062       #  16   C  
</psam>
</matrix_reduce>
