<?xml version="1.0" encoding="ISO-8859-1"?>
<matrix_reduce>
<meta>
	<time>04-09-2018 09:53:26</time>
	<source>curated_db.meme</source>
	<comment>meme2psam.py</comment>
	<nsites>1000</nsites>
	<e-value>0.0</e-value>
</meta>

<directionality>forward</directionality>
<psam_length>16</psam_length>
<optimal_sequence>GTACATCCGGATTTTT</optimal_sequence>

<psam>
# A            C            G            T             # no. opt  
# +============+============+============+============ # ==+===+==
  0.837349     0.810241     1            0.361446      #   1   G  
  0.543909     0.82153      0.467422     1             #   2   T  
  1            0.055102     0.912245     0.0714286     #   3   A  
  0.150327     1            0.220588     0.263072      #   4   C  
  1            0.00979021   0.0601399    0.328671      #   5   A  
  0.0176715    0.0155925    0.00623701   1             #   6   T  
  0.00506586   1            0.00607903   0.00202634    #   7   C  
  0.00606061   1            0.0020202    0.0020202     #   8   C  
  0.00114679   0.00688073   1            0.137615      #   9   G  
  0.00350058   0.101517     1            0.0618436     #  10   G  
  1            0.12522      0.342152     0.296296      #  11   A  
  0.246537     0.0817175    0.0567867    1             #  12   T  
  0.761194     0.746269     0.468657     1             #  13   T  
  0.477922     0.78961      0.327273     1             #  14   T  
  0.307856     0.496815     0.318471     1             #  15   T  
  0.230769     0.779156     0.471464     1             #  16   T  
</psam>
</matrix_reduce>
