<?xml version="1.0" encoding="ISO-8859-1"?>
<matrix_reduce>
<meta>
	<time>04-09-2018 09:53:26</time>
	<source>curated_db.meme</source>
	<comment>meme2psam.py</comment>
	<nsites>1000</nsites>
	<e-value>0.0</e-value>
</meta>

<directionality>forward</directionality>
<psam_length>11</psam_length>
<optimal_sequence>ACCCGGATGTA</optimal_sequence>

<psam>
# A            C            G            T             # no. opt  
# +============+============+============+============ # ==+===+==
  1            0.0196078    0.0196078    0.185049      #   1   A  
  0.754352     1            0.129594     0.0444874     #   2   C  
  0.00419287   1            0.0440252    0             #   3   C  
  0.0416667    1            0            0             #   4   C  
  0            0.010101     1            0             #   5   G  
  0.0204082    0            1            0             #   6   G  
  1            0            0.00200803   0.00200803    #   7   A  
  0.153939     0.0412121    0.0133333    1             #   8   T  
  0.317109     0.079646     1            0.0781711     #   9   G  
  0            0.162791     0            1             #  10   T  
  1            0.105485     0.377637     0.626582      #  11   A  
</psam>
</matrix_reduce>
