<?xml version="1.0" encoding="ISO-8859-1"?>
<matrix_reduce>
<meta>
	<time>04-09-2018 09:53:26</time>
	<source>curated_db.meme</source>
	<comment>meme2psam.py</comment>
	<nsites>100</nsites>
	<e-value>0.0</e-value>
</meta>

<directionality>forward</directionality>
<psam_length>10</psam_length>
<optimal_sequence>ACCGGATGTA</optimal_sequence>

<psam>
# A            C            G            T             # no. opt  
# +============+============+============+============ # ==+===+==
  1            0.953488     0.209302     0.162791      #   1   A  
  0.0875       1            0.15         0.0125        #   2   C  
  0.380282     1            0            0             #   3   C  
  0            0            1            0             #   4   G  
  0            0            1            0             #   5   G  
  1            0            0            0             #   6   A  
  0.144737     0.144737     0.0263158    1             #   7   T  
  0.775        0.5          1            0.225         #   8   G  
  0.0806452    0.451613     0.0806452    1             #   9   T  
  1            0.371429     0.742857     0.657143      #  10   A  
</psam>
</matrix_reduce>
