<?xml version="1.0" encoding="ISO-8859-1"?>
<matrix_reduce>
<meta>
	<time>04-09-2018 09:53:26</time>
	<source>curated_db.meme</source>
	<comment>meme2psam.py</comment>
	<nsites>1000</nsites>
	<e-value>0.0</e-value>
</meta>

<directionality>forward</directionality>
<psam_length>15</psam_length>
<optimal_sequence>GTGGTCCCGGATCAT</optimal_sequence>

<psam>
# A            C            G            T             # no. opt  
# +============+============+============+============ # ==+===+==
  0.169139     0.0830861    1            0.231454      #   1   G  
  0.198305     0.0288136    0.467797     1             #   2   T  
  0.108146     0.0280899    1            0.266854      #   3   G  
  0.0232313    0.0158395    1            0.0168955     #   4   G  
  0.0289389    0.0289389    0.0107181    1             #   5   T  
  0.00922131   1            0.0122951    0.00307377    #   6   C  
  0            1            0.0040282    0             #   7   C  
  0            1            0            0             #   8   C  
  0            0            1            0             #   9   G  
  0            0            1            0.001001      #  10   G  
  1            0.00606061   0            0.0040404     #  11   A  
  0.0166147    0.0166147    0.00415369   1             #  12   T  
  0.0168539    1            0.00187266   0.853933      #  13   C  
  1            0.0407186    0.00359281   0.153293      #  14   A  
  0.237097     0.212903     0.162903     1             #  15   T  
</psam>
</matrix_reduce>
