<?xml version="1.0" encoding="ISO-8859-1"?>
<matrix_reduce>
<meta>
	<time>04-09-2018 09:53:26</time>
	<source>curated_db.meme</source>
	<comment>meme2psam.py</comment>
	<nsites>5391</nsites>
	<e-value>0.0</e-value>
</meta>

<directionality>forward</directionality>
<psam_length>8</psam_length>
<optimal_sequence>AGGTAAGT</optimal_sequence>

<psam>
# A            C            G            T             # no. opt  
# +============+============+============+============ # ==+===+==
  1            0.16823      0.189039     0.222743      #   1   A  
  0.108941     0.0294118    1            0.129882      #   2   G  
  0.000746826  0.00485437   1            0.000746826   #   3   G  
  0.000771605  0.0378086    0.00115741   1             #   4   T  
  1            0.075448     0.537881     0.0811066     #   5   A  
  1            0.118436     0.209497     0.177374      #   6   A  
  0.142114     0.0755137    1            0.116613      #   7   G  
  0.401335     0.27819      0.319362     1             #   8   T  
</psam>
</matrix_reduce>
