<?xml version="1.0" encoding="ISO-8859-1"?>
<matrix_reduce>
<meta>
	<time>04-09-2018 09:53:26</time>
	<source>curated_db.meme</source>
	<comment>meme2psam.py</comment>
	<nsites>15</nsites>
	<e-value>0.0</e-value>
</meta>

<directionality>forward</directionality>
<psam_length>14</psam_length>
<optimal_sequence>GGAAAATGAAACTG</optimal_sequence>

<psam>
# A            C            G            T             # no. opt  
# +============+============+============+============ # ==+===+==
  0.444444     0.111111     1            0             #   1   G  
  0.0769231    0            1            0             #   2   G  
  1            0            0.4          0             #   3   A  
  1            0            0            0             #   4   A  
  1            0.0769231    0            0             #   5   A  
  1            0.428571     0.428571     0.142857      #   6   A  
  0.166667     1            0.166667     1             #   7   T  
  0            0            1            0             #   8   G  
  1            0            0            0             #   9   A  
  1            0            0            0             #  10   A  
  1            0            0            0             #  11   A  
  0            1            0.0769231    0             #  12   C  
  0.1          0.3          0            1             #  13   T  
  0.571429     0.142857     1            0.142857      #  14   G  
</psam>
</matrix_reduce>
