<?xml version="1.0" encoding="ISO-8859-1"?>
<matrix_reduce>
<meta>
	<time>04-09-2018 09:53:26</time>
	<source>curated_db.meme</source>
	<comment>meme2psam.py</comment>
	<nsites>21620</nsites>
	<e-value>0.0</e-value>
</meta>

<directionality>forward</directionality>
<psam_length>11</psam_length>
<optimal_sequence>CTTCTGGGAAA</optimal_sequence>

<psam>
# A            C            G            T             # no. opt  
# +============+============+============+============ # ==+===+==
  0.225904     1            0.443407     0.853092      #   1   C  
  0.0338083    0            0            1             #   2   T  
  0.0164107    0.0228037    0.385553     1             #   3   T  
  0.0513685    1            0            0.0525429     #   4   C  
  0.0646204    0.598508     0            1             #   5   T  
  0.322277     0            1            0.564857      #   6   G  
  0.0785233    0            1            0             #   7   G  
  0.13551      0            1            0.0215146     #   8   G  
  1            0            0            0             #   9   A  
  1            0            0            0             #  10   A  
  1            0.10333      0.70666      0.512137      #  11   A  
</psam>
</matrix_reduce>
