<?xml version="1.0" encoding="ISO-8859-1"?>
<matrix_reduce>
<meta>
	<time>04-09-2018 09:53:26</time>
	<source>curated_db.meme</source>
	<comment>meme2psam.py</comment>
	<nsites>2026</nsites>
	<e-value>0.0</e-value>
</meta>

<directionality>forward</directionality>
<psam_length>15</psam_length>
<optimal_sequence>GGAAAACGAAACTGA</optimal_sequence>

<psam>
# A            C            G            T             # no. opt  
# +============+============+============+============ # ==+===+==
  0.568209     0.308422     1            0.524318      #   1   G  
  0.433566     0.104895     1            0.034188      #   2   G  
  1            0.0215655    0.50639      0.0886581     #   3   A  
  1            0.0102459    0.0199795    0.00665984    #   4   A  
  1            0.0196809    0.0335106    0.0234043     #   5   A  
  1            0.738502     0.584757     0.339028      #   6   A  
  0.822344     1            0.915751     0.968864      #   7   C  
  0.17295      0.0209455    1            0.0173549     #   8   G  
  1            0.0213379    0.136101     0.0103806     #   9   A  
  1            0.0715859    0.0319383    0.0110132     #  10   A  
  1            0.0124646    0.0441926    0.090085      #  11   A  
  0.0318143    1            0.61135      0.0980224     #  12   C  
  0.207402     0.258288     0.0948342    1             #  13   T  
  0.518313     0.312986     1            0.413984      #  14   G  
  1            0.388938     0.173837     0.213345      #  15   A  
</psam>
</matrix_reduce>
