<?xml version="1.0" encoding="ISO-8859-1"?>
<matrix_reduce>
<meta>
	<time>04-09-2018 09:53:26</time>
	<source>curated_db.meme</source>
	<comment>meme2psam.py</comment>
	<nsites>16507</nsites>
	<e-value>0.0</e-value>
</meta>

<directionality>forward</directionality>
<psam_length>11</psam_length>
<optimal_sequence>ATTTCCAAGAA</optimal_sequence>

<psam>
# A            C            G            T             # no. opt  
# +============+============+============+============ # ==+===+==
  1            0.376863     0.716785     0.580525      #   1   A  
  0.261089     0.453125     0.365549     1             #   2   T  
  0            0            0            1             #   3   T  
  0            0.107339     0            1             #   4   T  
  0            1            0            0.0100973     #   5   C  
  0.0205549    1            0            0.269558      #   6   C  
  1            0.871362     0            0.4721        #   7   A  
  1            0            0.35869      0.0713048     #   8   A  
  0            0            1            0             #   9   G  
  1            0.00624706   0            0.102506      #  10   A  
  1            0            0.108902     0             #  11   A  
</psam>
</matrix_reduce>
