<?xml version="1.0" encoding="ISO-8859-1"?>
<matrix_reduce>
<meta>
	<time>04-09-2018 09:53:26</time>
	<source>curated_db.meme</source>
	<comment>meme2psam.py</comment>
	<nsites>3629</nsites>
	<e-value>0.0</e-value>
</meta>

<directionality>forward</directionality>
<psam_length>11</psam_length>
<optimal_sequence>TTTCCAGGAAA</optimal_sequence>

<psam>
# A            C            G            T             # no. opt  
# +============+============+============+============ # ==+===+==
  0.20893      0.418432     0.448769     1             #   1   T  
  0            0.0142578    0            1             #   2   T  
  0            0.00142369   0.0310364    1             #   3   T  
  0.110396     1            0.00153327   0             #   4   C  
  0.0542829    1            0            0.751992      #   5   C  
  1            0            0.941312     0.144994      #   6   A  
  0.0470418    0            1            0             #   7   G  
  0.0081728    0.0020432    1            0.048453      #   8   G  
  1            0            0.00220994   0             #   9   A  
  1            0.00138007   0            0             #  10   A  
  1            0.165602     0.386049     0.379659      #  11   A  
</psam>
</matrix_reduce>
