<?xml version="1.0" encoding="ISO-8859-1"?>
<matrix_reduce>
<meta>
	<time>04-09-2018 09:53:26</time>
	<source>curated_db.meme</source>
	<comment>meme2psam.py</comment>
	<nsites>2083</nsites>
	<e-value>0.0</e-value>
</meta>

<directionality>forward</directionality>
<psam_length>15</psam_length>
<optimal_sequence>CATTTCCCGGAAACC</optimal_sequence>

<psam>
# A            C            G            T             # no. opt  
# +============+============+============+============ # ==+===+==
  0.192771     1            0.385542     0.351251      #   1   C  
  1            0.576744     0.324419     0.518605      #   2   A  
  0.225517     0.515723     0.12938      1             #   3   T  
  0.00490436   0.0107896    0.0053948    1             #   4   T  
  0.00395648   0.00642928   0.0187933    1             #   5   T  
  0.054716     1            0.00677436   0.0224075     #   6   C  
  0.0115911    1            0.00316122   0.081138      #   7   C  
  0.69251      1            0.149803     0.892247      #   8   C  
  0.53876      0.0232558    1            0.0503876     #   9   G  
  0.0306243    0.0170789    1            0.177267      #  10   G  
  1            0.0648051    0.0147524    0.016333      #  11   A  
  1            0.00788955   0.0108481    0.00690335    #  12   A  
  1            0.274921     0.578174     0.329486      #  13   A  
  0.441524     1            0.354796     0.939553      #  14   C  
  0.51861      1            0.528536     0.53598       #  15   C  
</psam>
</matrix_reduce>
