<?xml version="1.0" encoding="ISO-8859-1"?>
<matrix_reduce>
<meta>
	<time>04-09-2018 09:53:26</time>
	<source>curated_db.meme</source>
	<comment>meme2psam.py</comment>
	<nsites>4079</nsites>
	<e-value>0.0</e-value>
</meta>

<directionality>forward</directionality>
<psam_length>15</psam_length>
<optimal_sequence>CATTTCCGGGAAATG</optimal_sequence>

<psam>
# A            C            G            T             # no. opt  
# +============+============+============+============ # ==+===+==
  0.414521     1            0.876568     0.4           #   1   C  
  1            0.398754     0.63676      0.504673      #   2   A  
  0.241548     0.515924     0.241058     1             #   3   T  
  0.004815     0.0164724    0.011404     1             #   4   T  
  0.0186134    0.0140275    0.0666307    1             #   5   T  
  0.186896     1            0.0150966    0.0289855     #   6   C  
  0.0781427    1            0.0611552    0.400151      #   7   C  
  0.937292     0            1            0             #   8   G  
  0.174655     0.00735078   1            0.0167598     #   9   G  
  0.0276348    0.00812788   1            0.068816      #  10   G  
  1            0.0140951    0.00830607   0.00352379    #  11   A  
  1            0.00648379   0.00623441   0.00399002    #  12   A  
  1            0.218876     0.468373     0.359438      #  13   A  
  0.375649     0.503174     0.473745     1             #  14   T  
  0.463019     0.670475     1            0.318701      #  15   G  
</psam>
</matrix_reduce>
