<?xml version="1.0" encoding="ISO-8859-1"?>
<matrix_reduce>
<meta>
	<time>04-09-2018 09:53:26</time>
	<source>curated_db.meme</source>
	<comment>meme2psam.py</comment>
	<nsites>7335</nsites>
	<e-value>0.0</e-value>
</meta>

<directionality>forward</directionality>
<psam_length>16</psam_length>
<optimal_sequence>TCACACCTAGGTGTGA</optimal_sequence>

<psam>
# A            C            G            T             # no. opt  
# +============+============+============+============ # ==+===+==
  0.00746794   0.0225447    0.0030999    1             #   1   T  
  0.468857     1            0.276361     0.0529671     #   2   C  
  1            0.0143531    0.370822     0.0568227     #   3   A  
  0            1            0            0.000272777   #   4   C  
  1            0            0.0342688    0             #   5   A  
  0.0426924    1            0.0216578    0.0782175     #   6   C  
  0.515426     1            0.3773       0.18313       #   7   C  
  0.095968     0.0931356    0.0326558    1             #   8   T  
  1            0.0290816    0.117857     0.10017       #   9   A  
  0.183177     0.344217     1            0.501937      #  10   G  
  0.0909091    0.0183399    1            0.0499605     #  11   G  
  0            0.0279455    0.00182559   1             #  12   T  
  0.00150212   0            1            0             #  13   G  
  0.0842811    0.393582     0.0113729    1             #  14   T  
  0.0526526    0.17511      1            0.234743      #  15   G  
  1            0.00281849   0.0264938    0.00394589    #  16   A  
</psam>
</matrix_reduce>
