<?xml version="1.0" encoding="ISO-8859-1"?>
<matrix_reduce>
<meta>
	<time>04-09-2018 09:53:26</time>
	<source>curated_db.meme</source>
	<comment>meme2psam.py</comment>
	<nsites>40</nsites>
	<e-value>0.0</e-value>
</meta>

<directionality>forward</directionality>
<psam_length>11</psam_length>
<optimal_sequence>CTAGGTGTGAA</optimal_sequence>

<psam>
# A            C            G            T             # no. opt  
# +============+============+============+============ # ==+===+==
  0.0714286    1            0.285714     0.0714286     #   1   C  
  0.0263158    0.0263158    0            1             #   2   T  
  1            0            0            0             #   3   A  
  0            0            1            0             #   4   G  
  0            0            1            0             #   5   G  
  0            0            0            1             #   6   T  
  0            0            1            0             #   7   G  
  0            0.0526316    0            1             #   8   T  
  0.0357143    0.25         1            0.142857      #   9   G  
  1            0            0            0             #  10   A  
  1            0.16129      0            0.129032      #  11   A  
</psam>
</matrix_reduce>
