<?xml version="1.0" encoding="ISO-8859-1"?>
<matrix_reduce>
<meta>
	<time>04-09-2018 09:53:26</time>
	<source>curated_db.meme</source>
	<comment>meme2psam.py</comment>
	<nsites>26</nsites>
	<e-value>0.0</e-value>
</meta>

<directionality>forward</directionality>
<psam_length>25</psam_length>
<optimal_sequence>ACATAGTGACACCTAGGTGTGAAAT</optimal_sequence>

<psam>
# A            C            G            T             # no. opt  
# +============+============+============+============ # ==+===+==
  1            0.272727     0.818182     0.0909091     #   1   A  
  0.230769     1            0.538462     0.0769231     #   2   C  
  1            0.05         0.05         0.15          #   3   A  
  0.642857     0.0714286    0.0714286    1             #   4   T  
  1            0            0            0.785714      #   5   A  
  0.4375       0            1            0.0625        #   6   G  
  0            0            0            1             #   7   T  
  0.166667     0.277778     1            0             #   8   G  
  1            0            0            0             #   9   A  
  0            1            0            0             #  10   C  
  1            0            0            0             #  11   A  
  0            1            0            0.0416667     #  12   C  
  0            1            0.0416667    0.0416667     #  13   C  
  0            0            0            1             #  14   T  
  1            0            0            0             #  15   A  
  0            0.0416667    1            0             #  16   G  
  0            0.0416667    1            0             #  17   G  
  0            0.0416667    0            1             #  18   T  
  0            0            1            0             #  19   G  
  0.0416667    0.0416667    0            1             #  20   T  
  0            0.4375       1            0.0625        #  21   G  
  1            0            0            0.0416667     #  22   A  
  1            0.0454545    0.0454545    0.0454545     #  23   A  
  1            0            0.136364     0.0454545     #  24   A  
  0.538462     0.230769     0.230769     1             #  25   T  
</psam>
</matrix_reduce>
