<?xml version="1.0" encoding="ISO-8859-1"?>
<matrix_reduce>
<meta>
	<time>04-09-2018 09:53:26</time>
	<source>curated_db.meme</source>
	<comment>meme2psam.py</comment>
	<nsites>44</nsites>
	<e-value>0.0</e-value>
</meta>

<directionality>forward</directionality>
<psam_length>12</psam_length>
<optimal_sequence>CGACCATCTGTT</optimal_sequence>

<psam>
# A            C            G            T             # no. opt  
# +============+============+============+============ # ==+===+==
  0.928571     1            0.5          0.571429      #   1   C  
  0.421053     0.526316     1            0.210526      #   2   G  
  1            0            0.0769231    0.0512821     #   3   A  
  0.791667     1            0            0             #   4   C  
  0            1            0            0             #   5   C  
  1            0            0            0             #   6   A  
  0            0            0.34375      1             #   7   T  
  0.34375      1            0            0             #   8   C  
  0            0            0            1             #   9   T  
  0            0            1            0             #  10   G  
  0            0.142857     0.904762     1             #  11   T  
  0.0909091    0.0909091    0.0606061    1             #  12   T  
</psam>
</matrix_reduce>
