<?xml version="1.0" encoding="ISO-8859-1"?>
<matrix_reduce>
<meta>
	<time>04-09-2018 09:53:26</time>
	<source>curated_db.meme</source>
	<comment>meme2psam.py</comment>
	<nsites>896</nsites>
	<e-value>0.0</e-value>
</meta>

<directionality>forward</directionality>
<psam_length>21</psam_length>
<optimal_sequence>GGGGCTATAAAAGGGGGGGCC</optimal_sequence>

<psam>
# A            C            G            T             # no. opt  
# +============+============+============+============ # ==+===+==
  0.743333     0.75         1            0.483333      #   1   G  
  0.782759     0.696552     1            0.6           #   2   G  
  0.557229     0.716867     1            0.415663      #   3   G  
  0.481728     0.757475     1            0.727575      #   4   G  
  0.686084     1            0.724919     0.478964      #   5   C  
  0.0979228    0.123145     0.103858     1             #   6   T  
  1            0            0            0.18543       #   7   A  
  0            0.00453001   0.00792752   1             #   8   T  
  1            0            0.00115741   0.0335648     #   9   A  
  1            0            0            0.298984      #  10   A  
  1            0            0.153446     0.00910273    #  11   A  
  1            0.0316027    0.503386     0.480813      #  12   A  
  0.644495     0.224771     1            0.178899      #  13   G  
  0.330789     0.694656     1            0.246819      #  14   G  
  0.603333     0.903333     1            0.47          #  15   G  
  0.485119     0.809524     1            0.363095      #  16   G  
  0.671533     0.992701     1            0.594891      #  17   G  
  0.60596      0.870861     1            0.480132      #  18   G  
  0.428135     0.87156      1            0.431193      #  19   G  
  0.631206     1            0.975177     0.560284      #  20   C  
  0.541254     1            0.90429      0.50165       #  21   C  
</psam>
</matrix_reduce>
