<?xml version="1.0" encoding="ISO-8859-1"?>
<matrix_reduce>
<meta>
	<time>04-09-2018 09:53:26</time>
	<source>curated_db.meme</source>
	<comment>meme2psam.py</comment>
	<nsites>1000</nsites>
	<e-value>0.0</e-value>
</meta>

<directionality>forward</directionality>
<psam_length>16</psam_length>
<optimal_sequence>TCTTTATATATAAATA</optimal_sequence>

<psam>
# A            C            G            T             # no. opt  
# +============+============+============+============ # ==+===+==
  0.754266     0.921502     0.737201     1             #   1   T  
  0.310777     1            0.305764     0.887218      #   2   C  
  0.826705     0.659091     0.346591     1             #   3   T  
  0.918072     0.236145     0.255422     1             #   4   T  
  0.411411     0.0570571    0.0285285    1             #   5   T  
  1            0.00766871   0.0107362    0.515337      #   6   A  
  0.0916115    0.00772627   0.00441501   1             #   7   T  
  1            0.00260417   0.00260417   0.296875      #   8   A  
  0.296875     0.00260417   0.00260417   1             #   9   T  
  1            0.00441501   0.00772627   0.0916115     #  10   A  
  0.515337     0.0107362    0.00766871   1             #  11   T  
  1            0.0285285    0.0570571    0.411411      #  12   A  
  1            0.232409     0.208955     0.690832      #  13   A  
  1            0.785908     0.284553     0.639566      #  14   A  
  0.43459      0.2949       0.487805     1             #  15   T  
  1            0.632184     0.655172     0.586207      #  16   A  
</psam>
</matrix_reduce>
