<?xml version="1.0" encoding="ISO-8859-1"?>
<matrix_reduce>
<meta>
	<time>04-09-2018 09:53:26</time>
	<source>curated_db.meme</source>
	<comment>meme2psam.py</comment>
	<nsites>389</nsites>
	<e-value>0.0</e-value>
</meta>

<directionality>forward</directionality>
<psam_length>15</psam_length>
<optimal_sequence>GTATAAAAGGCGGGG</optimal_sequence>

<psam>
# A            C            G            T             # no. opt  
# +============+============+============+============ # ==+===+==
  0.394737     0.953947     1            0.203947      #   1   G  
  0.0487013    0.149351     0.0551948    1             #   2   T  
  1            0            0.002849     0.0968661     #   3   A  
  0.00534759   0.026738     0.0026738    1             #   4   T  
  1            0            0.0112994    0.0847458     #   5   A  
  1            0            0            0.453184      #   6   A  
  1            0.00555556   0.0555556    0.0138889     #   7   A  
  1            0.00452489   0.199095     0.547511      #   8   A  
  0.987261     0.280255     1            0.210191      #   9   G  
  0.375839     0.90604      1            0.315436      #  10   G  
  0.568493     1            0.876712     0.212329      #  11   C  
  0.640625     0.984375     1            0.398438      #  12   G  
  0.640625     0.921875     1            0.46875       #  13   G  
  0.485507     0.768116     1            0.536232      #  14   G  
  0.546763     0.719424     1            0.503597      #  15   G  
</psam>
</matrix_reduce>
