<?xml version="1.0" encoding="ISO-8859-1"?>
<matrix_reduce>
<meta>
	<time>04-09-2018 09:53:26</time>
	<source>curated_db.meme</source>
	<comment>meme2psam.py</comment>
	<nsites>388</nsites>
	<e-value>0.0</e-value>
</meta>

<directionality>forward</directionality>
<psam_length>15</psam_length>
<optimal_sequence>GTATAAAAGGCGGGG</optimal_sequence>

<psam>
# A            C            G            T             # no. opt  
# +============+============+============+============ # ==+===+==
  0.397351     0.953642     1            0.198675      #   1   G  
  0.0487013    0.146104     0.0551948    1             #   2   T  
  1            0            0.002849     0.0968661     #   3   A  
  0.00536193   0.0241287    0.00268097   1             #   4   T  
  1            0            0.0113314    0.082153      #   5   A  
  1            0            0            0.449438      #   6   A  
  1            0.00815217   0.0271739    0.0163043     #   7   A  
  1            0.00452489   0.19457      0.542986      #   8   A  
  0.987179     0.275641     1            0.205128      #   9   G  
  0.369128     0.899329     1            0.315436      #  10   G  
  0.561644     1            0.869863     0.205479      #  11   C  
  0.637795     0.992126     1            0.401575      #  12   G  
  0.637795     0.92126      1            0.472441      #  13   G  
  0.485507     0.768116     1            0.536232      #  14   G  
  0.546763     0.719424     1            0.503597      #  15   G  
</psam>
</matrix_reduce>
