<?xml version="1.0" encoding="ISO-8859-1"?>
<matrix_reduce>
<meta>
	<time>04-09-2018 09:53:26</time>
	<source>curated_db.meme</source>
	<comment>meme2psam.py</comment>
	<nsites>101</nsites>
	<e-value>0.0</e-value>
</meta>

<directionality>forward</directionality>
<psam_length>11</psam_length>
<optimal_sequence>GGTATAAATTC</optimal_sequence>

<psam>
# A            C            G            T             # no. opt  
# +============+============+============+============ # ==+===+==
  0.785714     0.380952     1            0.238095      #   1   G  
  0.673913     0.478261     1            0.0434783     #   2   G  
  0.138462     0.138462     0.261538     1             #   3   T  
  1            0.0666667    0.0133333    0.253333      #   4   A  
  0.141026     0.025641     0.115385     1             #   5   T  
  1            0.0107527    0.0645161    0             #   6   A  
  1            0.015625     0.03125      0.515625      #   7   A  
  1            0.0116279    0.104651     0.0465116     #   8   A  
  0.87234      0.0638298    0.212766     1             #   9   T  
  0.969697     0.333333     0.757576     1             #  10   T  
  0.47619      1            0.690476     0.238095      #  11   C  
</psam>
</matrix_reduce>
