<?xml version="1.0" encoding="ISO-8859-1"?>
<matrix_reduce>
<meta>
	<time>04-09-2018 09:53:26</time>
	<source>curated_db.meme</source>
	<comment>meme2psam.py</comment>
	<nsites>8095</nsites>
	<e-value>0.0</e-value>
</meta>

<directionality>forward</directionality>
<psam_length>19</psam_length>
<optimal_sequence>AGGTGTGAATTTCACACCT</optimal_sequence>

<psam>
# A            C            G            T             # no. opt  
# +============+============+============+============ # ==+===+==
  1            0.00325648   0.0235769    0.0274847     #   1   A  
  0.0732232    0.00483676   1            0.00927046    #   2   G  
  0.00049505   0.000371287  1            0.000742574   #   3   G  
  0.00241117   0.00558376   0.0190355    1             #   4   T  
  0.000123579  0            1            0             #   5   G  
  0.00458716   0.020897     0.00573394   1             #   6   T  
  0.00515399   0.00502828   1            0.0071653     #   7   G  
  1            0.000123793  0.0018569    0             #   8   A  
  1            0.0900307    0.0051237    0.0895916     #   9   A  
  0.523159     0.00436598   0.00873197   1             #  10   T  
  0.42723      0.00722282   0.0270856    1             #  11   T  
  0.000495602  0            0.00210631   1             #  12   T  
  0.030723     1            0.0249706    0.00235325    #  13   C  
  1            0.00474246   0.0453168    0.0159399     #  14   A  
  0.000247586  1            0.000866551  0.000742758   #  15   C  
  1            0.00323745   0.00448263   0             #  16   A  
  0.00062027   1            0.00310135   0.000248108   #  17   C  
  0.00491756   1            0.0263234    0.139283      #  18   C  
  0.00294985   0.0314223    0.00359112   1             #  19   T  
</psam>
</matrix_reduce>
