<?xml version="1.0" encoding="ISO-8859-1"?>
<matrix_reduce>
<meta>
	<time>04-09-2018 09:53:26</time>
	<source>curated_db.meme</source>
	<comment>meme2psam.py</comment>
	<nsites>2424</nsites>
	<e-value>0.0</e-value>
</meta>

<directionality>forward</directionality>
<psam_length>18</psam_length>
<optimal_sequence>GGTGTGAAATTTCACACC</optimal_sequence>

<psam>
# A            C            G            T             # no. opt  
# +============+============+============+============ # ==+===+==
  0.18852      0.17281      1            0.102115      #   1   G  
  0.00210438   0.00547138   1            0.0117845     #   2   G  
  0.00296004   0.185002     0.00690676   1             #   3   T  
  0            0            1            0.00124018    #   4   G  
  0.128104     0.183409     0.0553047    1             #   5   T  
  0.0776907    0.255167     1            0.39273       #   6   G  
  1            0.0262494    0.167592     0.0287733     #   7   A  
  1            0.249337     0.503979     0.388152      #   8   A  
  1            0.152174     0.269115     0.394303      #   9   A  
  0.85063      0.216295     0.28225      1             #  10   T  
  0.489253     0.392016     0.596725     1             #  11   T  
  0.0443996    0.146317     0.0312815    1             #  12   T  
  0.467695     1            0.785921     0.0819672     #  13   C  
  1            0.0211913    0.184994     0.180985      #  14   A  
  0            1            0            0.00165358    #  15   C  
  1            0.00455373   0.0960838    0.00227687    #  16   A  
  0            1            0.0242347    0.00552721    #  17   C  
  0.143072     1            0.303464     0.378012      #  18   C  
</psam>
</matrix_reduce>
