<?xml version="1.0" encoding="ISO-8859-1"?>
<matrix_reduce>
<meta>
	<time>04-09-2018 09:53:26</time>
	<source>curated_db.meme</source>
	<comment>meme2psam.py</comment>
	<nsites>3923</nsites>
	<e-value>0.0</e-value>
</meta>

<directionality>forward</directionality>
<psam_length>11</psam_length>
<optimal_sequence>AAGGTGTGAAA</optimal_sequence>

<psam>
# A            C            G            T             # no. opt  
# +============+============+============+============ # ==+===+==
  1            0.319149     0.569955     0.638943      #   1   A  
  1            0.0183292    0.224885     0.138879      #   2   A  
  0.189179     0.16306      1            0.110821      #   3   G  
  0.00259673   0.0111659    1            0.00415476    #   4   G  
  0            0.103282     0.00650821   1             #   5   T  
  0.00799794   0            1            0.00361197    #   6   G  
  0.0964308    0.123043     0.00845335   1             #   7   T  
  0.0972222    0.405258     1            0.442956      #   8   G  
  1            0.00802213   0.0392808    0.037621      #   9   A  
  1            0.19415      0.208563     0.259432      #  10   A  
  1            0.301866     0.399012     0.451153      #  11   A  
</psam>
</matrix_reduce>
