<?xml version="1.0" encoding="ISO-8859-1"?>
<matrix_reduce>
<meta>
	<time>04-09-2018 09:53:26</time>
	<source>curated_db.meme</source>
	<comment>meme2psam.py</comment>
	<nsites>1000</nsites>
	<e-value>0.0</e-value>
</meta>

<directionality>forward</directionality>
<psam_length>17</psam_length>
<optimal_sequence>ACTTAGTTAACTAAAAA</optimal_sequence>

<psam>
# A            C            G            T             # no. opt  
# +============+============+============+============ # ==+===+==
  1            0.807692     0.721154     0.676282      #   1   A  
  0.534704     1            0.411311     0.624679      #   2   C  
  0.172        0.452        0.376        1             #   3   T  
  0.759375     0.95         0.415625     1             #   4   T  
  1            0.327434     0.696903     0.188053      #   5   A  
  0.21131      0.136905     1            0.139881      #   6   G  
  0.0811765    0.08         0.0152941    1             #   7   T  
  0.0279503    0.00310559   0.00414079   1             #   8   T  
  1            0.00515464   0.00206186   0.0226804     #   9   A  
  1            0.00309917   0.0134298    0.0134298     #  10   A  
  0.0222222    1            0.05         0.0388889     #  11   C  
  0.0814332    0.47557      0.0716612    1             #  12   T  
  1            0.0916808    0.332767     0.273345      #  13   A  
  1            0.210619     0.375221     0.184071      #  14   A  
  1            0.386905     0.892857     0.696429      #  15   A  
  1            0.76875      0.66875      0.6875        #  16   A  
  1            0.556962     0.958861     0.639241      #  17   A  
</psam>
</matrix_reduce>
