<?xml version="1.0" encoding="ISO-8859-1"?>
<matrix_reduce>
<meta>
	<time>04-09-2018 09:53:26</time>
	<source>curated_db.meme</source>
	<comment>meme2psam.py</comment>
	<nsites>1280</nsites>
	<e-value>0.0</e-value>
</meta>

<directionality>forward</directionality>
<psam_length>12</psam_length>
<optimal_sequence>AAGATCAAAGGG</optimal_sequence>

<psam>
# A            C            G            T             # no. opt  
# +============+============+============+============ # ==+===+==
  1            0.596882     0.861915     0.385301      #   1   A  
  1            0.209078     0.393398     0.156809      #   2   A  
  0.230216     0.917266     1            0.151079      #   3   G  
  1            0.0433255    0.0140515    0.440281      #   4   A  
  0.212152     0.0236869    0.0823893    1             #   5   T  
  0.0936008    1            0.118434     0.0105062     #   6   C  
  1            0.00551181   0            0.0023622     #   7   A  
  1            0.0144695    0.0128617    0             #   8   A  
  1            0            0.0484282    0.0373832     #   9   A  
  0.0505476    0.0227464    1            0.0042123     #  10   G  
  0.576642     0.571168     1            0.182482      #  11   G  
  0.760563     0.957746     1            0.284038      #  12   G  
</psam>
</matrix_reduce>
