<?xml version="1.0" encoding="ISO-8859-1"?>
<matrix_reduce>
<meta>
	<time>04-09-2018 09:53:26</time>
	<source>curated_db.meme</source>
	<comment>meme2psam.py</comment>
	<nsites>4188</nsites>
	<e-value>0.0</e-value>
</meta>

<directionality>forward</directionality>
<psam_length>14</psam_length>
<optimal_sequence>AAAGATCAAAGGAA</optimal_sequence>

<psam>
# A            C            G            T             # no. opt  
# +============+============+============+============ # ==+===+==
  1            0.495738     0.746885     0.502295      #   1   A  
  1            0.464049     0.637168     0.214049      #   2   A  
  1            0.0442997    0.182085     0.137785      #   3   A  
  0.0418535    0.970105     1            0.0732436     #   4   G  
  1            0.00894454   0            0.489088      #   5   A  
  0.0338272    0            0            1             #   6   T  
  0.0469128    1            0.220642     0             #   7   C  
  1            0            0            0             #   8   A  
  1            0.00365586   0.016817     0             #   9   A  
  1            0            0.00455854   0             #  10   A  
  0.0787422    0.00961538   1            0             #  11   G  
  0.515695     0.422521     1            0.146986      #  12   G  
  1            0.802575     0.865522     0.32618       #  13   A  
  1            0.463223     0.425042     0.4621        #  14   A  
</psam>
</matrix_reduce>
