<?xml version="1.0" encoding="ISO-8859-1"?>
<matrix_reduce>
<meta>
	<time>04-09-2018 09:53:26</time>
	<source>curated_db.meme</source>
	<comment>meme2psam.py</comment>
	<nsites>1000</nsites>
	<e-value>0.0</e-value>
</meta>

<directionality>forward</directionality>
<psam_length>17</psam_length>
<optimal_sequence>ATTTCCTTTGATCTATA</optimal_sequence>

<psam>
# A            C            G            T             # no. opt  
# +============+============+============+============ # ==+===+==
  1            0.653846     0.891608     0.951049      #   1   A  
  0.896104     0.512987     0.837662     1             #   2   T  
  0.690751     0.465318     0.734104     1             #   3   T  
  0.173121     0.76082      0.343964     1             #   4   T  
  0.174905     1            0.342205     0.378327      #   5   C  
  0.0125       1            0.0386364    0.0852273     #   6   C  
  0.0167015    0.0240084    0            1             #   7   T  
  0.00712106   0.00813835   0.00203459   1             #   8   T  
  0.0309917    0.00103306   0.00103306   1             #   9   T  
  0.011879     0.0345572    1            0.0334773     #  10   G  
  1            0.00105374   0.00316122   0.0495258     #  11   A  
  0.122886     0.0011274    0.00225479   1             #  12   T  
  0.0774648    1            0.621479     0.0616197     #  13   C  
  0.375421     0.239057     0.0690236    1             #  14   T  
  1            0.46648      0.614525     0.703911      #  15   A  
  0.591371     0.357868     0.586294     1             #  16   T  
  1            0.692308     0.666667     0.490028      #  17   A  
</psam>
</matrix_reduce>
