<?xml version="1.0" encoding="ISO-8859-1"?>
<matrix_reduce>
<meta>
	<time>04-09-2018 09:53:26</time>
	<source>curated_db.meme</source>
	<comment>meme2psam.py</comment>
	<nsites>1000</nsites>
	<e-value>0.0</e-value>
</meta>

<directionality>forward</directionality>
<psam_length>8</psam_length>
<optimal_sequence>ACATTCCA</optimal_sequence>

<psam>
# A            C            G            T             # no. opt  
# +============+============+============+============ # ==+===+==
  1            0.00541516   0.711191     0.0884477     #   1   A  
  0.132948     1            0.0231214    0             #   2   C  
  1            0            0            0             #   3   A  
  0            0            0            1             #   4   T  
  0.271277     0.00132979   0.0571809    1             #   5   T  
  0            1            0            0             #   6   C  
  0            1            0            0             #   7   C  
  1            0.0480167    0.402923     0.636743      #   8   A  
</psam>
</matrix_reduce>
