<?xml version="1.0" encoding="ISO-8859-1"?>
<matrix_reduce>
<meta>
	<time>04-09-2018 09:53:26</time>
	<source>curated_db.meme</source>
	<comment>meme2psam.py</comment>
	<nsites>12</nsites>
	<e-value>0.0</e-value>
</meta>

<directionality>forward</directionality>
<psam_length>15</psam_length>
<optimal_sequence>TAGAGCAGGAATATC</optimal_sequence>

<psam>
# A            C            G            T             # no. opt  
# +============+============+============+============ # ==+===+==
  0.6          0.4          0.4          1             #   1   T  
  1            0            0.5          0             #   2   A  
  1            1            1            0             #   3   G  
  1            0            0.5          0.333333      #   4   A  
  0.25         0            1            0.25          #   5   G  
  0            1            0            0.222222      #   6   C  
  1            0            0            0.375         #   7   A  
  0.833333     0            1            0             #   8   G  
  1            0.4          1            0             #   9   G  
  1            0            0            0.333333      #  10   A  
  1            0            0            0             #  11   A  
  0            0            0            1             #  12   T  
  1            0            0.6          0.6           #  13   A  
  0            0            0.222222     1             #  14   T  
  0.4          1            0.6          0.4           #  15   C  
</psam>
</matrix_reduce>
