<?xml version="1.0" encoding="ISO-8859-1"?>
<matrix_reduce>
<meta>
	<time>04-09-2018 09:53:26</time>
	<source>curated_db.meme</source>
	<comment>meme2psam.py</comment>
	<nsites>36386</nsites>
	<e-value>0.0</e-value>
</meta>

<directionality>forward</directionality>
<psam_length>17</psam_length>
<optimal_sequence>ACATTCCTCGCATTCCA</optimal_sequence>

<psam>
# A            C            G            T             # no. opt  
# +============+============+============+============ # ==+===+==
  1            0.0401243    0.898052     0.0810811     #   1   A  
  0.181769     1            0.0390131    0.00397199    #   2   C  
  1            0.00290309   0.030767     0.00187847    #   3   A  
  0.00316368   0.00252539   0.00402398   1             #   4   T  
  0.213159     0.00453151   0.080568     1             #   5   T  
  0.0209594    1            0.0468877    0.0278255     #   6   C  
  0.0233377    1            0.0222282    0.34643       #   7   C  
  0.854238     0.158126     0.48688      1             #   8   T  
  0.868081     1            0.623951     0.938802      #   9   C  
  0.936728     0.0561761    1            0.397635      #  10   G  
  0.26133      1            0.0981251    0.00217058    #  11   C  
  1            0.00328114   0.0421368    0.00178448    #  12   A  
  0.00399711   0.00247044   0.00349747   1             #  13   T  
  0.513358     0.00639357   0.141892     1             #  14   T  
  0.0417081    1            0.0520186    0.0362112     #  15   C  
  0.0252263    1            0.0115621    0.19686       #  16   C  
  1            0.172097     0.633408     0.749193      #  17   A  
</psam>
</matrix_reduce>
