<?xml version="1.0" encoding="ISO-8859-1"?>
<matrix_reduce>
<meta>
	<time>04-09-2018 09:53:26</time>
	<source>curated_db.meme</source>
	<comment>meme2psam.py</comment>
	<nsites>14</nsites>
	<e-value>0.0</e-value>
</meta>

<directionality>forward</directionality>
<psam_length>14</psam_length>
<optimal_sequence>TGTTTATGTAAATG</optimal_sequence>

<psam>
# A            C            G            T             # no. opt  
# +============+============+============+============ # ==+===+==
  0.1          0.1          0.1          1             #   1   T  
  0.1          0            1            0.1           #   2   G  
  0.428571     0.142857     0.428571     1             #   3   T  
  0            0            0            1             #   4   T  
  0.428571     0.142857     0.428571     1             #   5   T  
  1            0            0.0833333    0             #   6   A  
  0.125        0.375        0            1             #   7   T  
  0.375        0            1            0.125         #   8   G  
  0            0.1          0.1          1             #   9   T  
  1            0.375        0.125        0.125         #  10   A  
  1            0            0.1          0.1           #  11   A  
  1            0.6          0.6          0.2           #  12   A  
  0.125        0.375        0.125        1             #  13   T  
  0.6          0            1            1             #  14   G  
</psam>
</matrix_reduce>
