<?xml version="1.0" encoding="ISO-8859-1"?>
<matrix_reduce>
<meta>
	<time>04-09-2018 09:53:26</time>
	<source>curated_db.meme</source>
	<comment>meme2psam.py</comment>
	<nsites>1000</nsites>
	<e-value>0.0</e-value>
</meta>

<directionality>forward</directionality>
<psam_length>12</psam_length>
<optimal_sequence>TATTACATAACA</optimal_sequence>

<psam>
# A            C            G            T             # no. opt  
# +============+============+============+============ # ==+===+==
  0.889655     0.744828     0.813793     1             #   1   T  
  1            0.363415     0.85122      0.22439       #   2   A  
  0.00607287   0.00101215   0.00506073   1             #   3   T  
  0.00506073   0            0.00708502   1             #   4   T  
  1            0.00117786   0.162544     0.0141343     #   5   A  
  0.00900901   1            0.030888     0.247104      #   6   C  
  1            0.033871     0.574194     0.00483871    #   7   A  
  0.00990099   0.0869087    0.00330033   1             #   8   T  
  1            0.00202634   0            0.0111449     #   9   A  
  1            0.00100301   0            0.00200602    #  10   A  
  0.297297     1            0.410811     0.994595      #  11   C  
  1            0.905537     0.661238     0.690554      #  12   A  
</psam>
</matrix_reduce>
