<?xml version="1.0" encoding="ISO-8859-1"?>
<matrix_reduce>
<meta>
	<time>04-09-2018 09:53:26</time>
	<source>curated_db.meme</source>
	<comment>meme2psam.py</comment>
	<nsites>1000</nsites>
	<e-value>0.0</e-value>
</meta>

<directionality>forward</directionality>
<psam_length>12</psam_length>
<optimal_sequence>TATTACGTAACA</optimal_sequence>

<psam>
# A            C            G            T             # no. opt  
# +============+============+============+============ # ==+===+==
  0.46875      0.9125       0.740625     1             #   1   T  
  1            0.187879     0.826263     0.0040404     #   2   A  
  0.0247423    0.00515464   0.00103093   1             #   3   T  
  0.0301142    0            0.00830737   1             #   4   T  
  1            0            0.0298661    0             #   5   A  
  0.00451467   1            0            0.124153      #   6   C  
  0.582278     0            1            0             #   7   G  
  0            0.0367261    0.0115425    1             #   8   T  
  1            0.0203209    0.00213904   0.0438503     #   9   A  
  1            0            0.00504032   0.00302419    #  10   A  
  0            1            0.126143     0.698355      #  11   C  
  1            0.825521     0.401042     0.377604      #  12   A  
</psam>
</matrix_reduce>
