<?xml version="1.0" encoding="ISO-8859-1"?>
<matrix_reduce>
<meta>
	<time>04-09-2018 09:53:26</time>
	<source>curated_db.meme</source>
	<comment>meme2psam.py</comment>
	<nsites>1000</nsites>
	<e-value>0.0</e-value>
</meta>

<directionality>forward</directionality>
<psam_length>10</psam_length>
<optimal_sequence>AACAGCTGAT</optimal_sequence>

<psam>
# A            C            G            T             # no. opt  
# +============+============+============+============ # ==+===+==
  1            0.145478     0.0982962    0.0668414     #   1   A  
  1            0.251866     0.0279851    0.585821      #   2   A  
  0            1            0            0             #   3   C  
  1            0.001001     0            0             #   4   A  
  0.00102987   0.0247168    1            0.00411946    #   5   G  
  0.00613497   1            0.0143149    0.00204499    #   6   C  
  0            0            0            1             #   7   T  
  0            0            1            0             #   8   G  
  1            0.0619658    0.183761     0.891026      #   9   A  
  0.0862801    0.19802      0.125884     1             #  10   T  
</psam>
</matrix_reduce>
