<?xml version="1.0" encoding="ISO-8859-1"?>
<matrix_reduce>
<meta>
	<time>04-09-2018 09:53:26</time>
	<source>curated_db.meme</source>
	<comment>meme2psam.py</comment>
	<nsites>1000</nsites>
	<e-value>0.0</e-value>
</meta>

<directionality>forward</directionality>
<psam_length>15</psam_length>
<optimal_sequence>ATTGCCTGAGGCGAT</optimal_sequence>

<psam>
# A            C            G            T             # no. opt  
# +============+============+============+============ # ==+===+==
  1            0.466125     0.439024     0.796748      #   1   A  
  0.783784     0.636637     0.582583     1             #   2   T  
  0.830028     0.796034     0.206799     1             #   3   T  
  0.0172166    0.391679     1            0.025825      #   4   G  
  0.0050813    1            0.00609756   0.0050813     #   5   C  
  0.00208333   1            0.00625      0.0333333     #   6   C  
  0.00679117   0.480475     0.210526     1             #   7   T  
  0.0441989    0.699816     1            0.0976059     #   8   G  
  1            0.210526     0.480475     0.00679117    #   9   A  
  0.0333333    0.00625      1            0.00208333    #  10   G  
  0.0050813    0.00609756   1            0.0050813     #  11   G  
  0.025825     1            0.391679     0.0172166     #  12   C  
  0.982036     0.278443     1            0.730539      #  13   G  
  1            0.257092     0.248227     0.26773       #  14   A  
  0.966912     0.816176     0.889706     1             #  15   T  
</psam>
</matrix_reduce>
