<?xml version="1.0" encoding="ISO-8859-1"?>
<matrix_reduce>
<meta>
	<time>04-09-2018 09:53:26</time>
	<source>curated_db.meme</source>
	<comment>meme2psam.py</comment>
	<nsites>1000</nsites>
	<e-value>0.0</e-value>
</meta>

<directionality>forward</directionality>
<psam_length>12</psam_length>
<optimal_sequence>TGCCCCCGGGCA</optimal_sequence>

<psam>
# A            C            G            T             # no. opt  
# +============+============+============+============ # ==+===+==
  0.252669     0.469751     0.0569395    1             #   1   T  
  0.0979866    0.242953     1            0.00134228    #   2   G  
  0.00531915   1            0.0585106    0             #   3   C  
  0.00915565   1            0            0.00813835    #   4   C  
  0.0027933    1            0.0712291    0.321229      #   5   C  
  0.077951     1            0.412027     0.737194      #   6   C  
  0.877493     1            0.854701     0.116809      #   7   C  
  0.869565     0.192547     1            0.00828157    #   8   G  
  0.0072314    0.0196281    1            0.00619835    #   9   G  
  0            0.176471     1            0             #  10   G  
  0.00225225   1            0.0844595    0.0394144     #  11   C  
  1            0.161228     0.416507     0.335893      #  12   A  
</psam>
</matrix_reduce>
