<?xml version="1.0" encoding="ISO-8859-1"?>
<matrix_reduce>
<meta>
	<time>04-09-2018 09:53:26</time>
	<source>curated_db.meme</source>
	<comment>meme2psam.py</comment>
	<nsites>1000</nsites>
	<e-value>0.0</e-value>
</meta>

<directionality>forward</directionality>
<psam_length>11</psam_length>
<optimal_sequence>AGCCTCAGGCA</optimal_sequence>

<psam>
# A            C            G            T             # no. opt  
# +============+============+============+============ # ==+===+==
  1            0.642473     0.322581     0.723118      #   1   A  
  0            0.32349      1            0.0161074     #   2   G  
  0            1            0.017294     0             #   3   C  
  0.0105152    1            0.00525762   0.0357518     #   4   C  
  0.0744681    0.468085     0.225177     1             #   5   T  
  0.384793     1            0.714286     0.198157      #   6   C  
  1            0.148199     0.18144      0.0554017     #   7   A  
  0.102639     0.205279     1            0.158358      #   8   G  
  0            0.214103     1            0.0666667     #   9   G  
  0.0220264    1            0.0770925    0.00220264    #  10   C  
  1            0.22739      0.534884     0.813953      #  11   A  
</psam>
</matrix_reduce>
