<?xml version="1.0" encoding="ISO-8859-1"?>
<matrix_reduce>
<meta>
	<time>04-09-2018 09:53:26</time>
	<source>curated_db.meme</source>
	<comment>meme2psam.py</comment>
	<nsites>1000</nsites>
	<e-value>0.0</e-value>
</meta>

<directionality>forward</directionality>
<psam_length>11</psam_length>
<optimal_sequence>CGCCTCAGGCA</optimal_sequence>

<psam>
# A            C            G            T             # no. opt  
# +============+============+============+============ # ==+===+==
  0.946667     1            0.186667     0.533333      #   1   C  
  0            0.165279     1            0.0237812     #   2   G  
  0            1            0.0362694    0             #   3   C  
  0            1            0.0321543    0.039657      #   4   C  
  0            0.552817     0.207746     1             #   5   T  
  0.113462     1            0.717308     0.0923077     #   6   C  
  1            0.214794     0.197724     0.00995733    #   7   A  
  0.0399137    0.038835     1            0             #   8   G  
  0            0.0672359    1            0             #   9   G  
  0            1            0.0604454    0             #  10   C  
  1            0.219585     0.747774     0.997033      #  11   A  
</psam>
</matrix_reduce>
