<?xml version="1.0" encoding="ISO-8859-1"?>
<matrix_reduce>
<meta>
	<time>04-09-2018 09:53:26</time>
	<source>curated_db.meme</source>
	<comment>meme2psam.py</comment>
	<nsites>17</nsites>
	<e-value>0.0</e-value>
</meta>

<directionality>forward</directionality>
<psam_length>10</psam_length>
<optimal_sequence>GGTCATGTGG</optimal_sequence>

<psam>
# A            C            G            T             # no. opt  
# +============+============+============+============ # ==+===+==
  1            0.142857     1            0             #   1   G  
  0.454545     0            1            0.0909091     #   2   G  
  0.272727     0.0909091    0            1             #   3   T  
  0            1            0            0             #   4   C  
  1            0            0            0             #   5   A  
  0.142857     1            0.142857     1             #   6   T  
  0            0.230769     1            0             #   7   G  
  0.0666667    0            0            1             #   8   T  
  0            0            1            0             #   9   G  
  0.6          0.6          1            0.6           #  10   G  
</psam>
</matrix_reduce>
