<?xml version="1.0" encoding="ISO-8859-1"?>
<matrix_reduce>
<meta>
	<time>04-09-2018 09:53:26</time>
	<source>curated_db.meme</source>
	<comment>meme2psam.py</comment>
	<nsites>1000</nsites>
	<e-value>0.0</e-value>
</meta>

<directionality>forward</directionality>
<psam_length>10</psam_length>
<optimal_sequence>ATCACGTGAC</optimal_sequence>

<psam>
# A            C            G            T             # no. opt  
# +============+============+============+============ # ==+===+==
  1            0.517647     0.628235     0.207059      #   1   A  
  0.431937     0.696335     0.486911     1             #   2   T  
  0            1            0.001001     0             #   3   C  
  1            0.086185     0.0633714    0.117871      #   4   A  
  0            1            0.0111483    0.103679      #   5   C  
  0.195787     0.0433705    1            0             #   6   G  
  0.150702     0.0881226    0.0383142    1             #   7   T  
  0            0.00303644   1            0.00910931    #   8   G  
  1            0.366057     0.173045     0.123128      #   9   A  
  0.205029     1            0.195358     0.533849      #  10   C  
</psam>
</matrix_reduce>
