<?xml version="1.0" encoding="ISO-8859-1"?>
<matrix_reduce>
<meta>
	<time>04-09-2018 09:53:26</time>
	<source>curated_db.meme</source>
	<comment>meme2psam.py</comment>
	<nsites>259</nsites>
	<e-value>0.0</e-value>
</meta>

<directionality>forward</directionality>
<psam_length>9</psam_length>
<optimal_sequence>GGTCACGTG</optimal_sequence>

<psam>
# A            C            G            T             # no. opt  
# +============+============+============+============ # ==+===+==
  0.817391     0.0695652    1            0.330435      #   1   G  
  0.387097     0            1            0             #   2   G  
  0            0            0            1             #   3   T  
  0            1            0            0             #   4   C  
  1            0            0            0             #   5   A  
  0            1            0            0             #   6   C  
  0            0            1            0             #   7   G  
  0            0            0            1             #   8   T  
  0.00793651   0.00396825   1            0.00396825    #   9   G  
</psam>
</matrix_reduce>
