<?xml version="1.0" encoding="ISO-8859-1"?>
<matrix_reduce>
<meta>
	<time>04-09-2018 09:53:26</time>
	<source>curated_db.meme</source>
	<comment>meme2psam.py</comment>
	<nsites>1000</nsites>
	<e-value>0.0</e-value>
</meta>

<directionality>forward</directionality>
<psam_length>10</psam_length>
<optimal_sequence>ATCACGTGAC</optimal_sequence>

<psam>
# A            C            G            T             # no. opt  
# +============+============+============+============ # ==+===+==
  1            0.311966     0.754274     0.0683761     #   1   A  
  0.291304     0.567391     0.313043     1             #   2   T  
  0.00200401   1            0            0             #   3   C  
  1            0.0332262    0.00750268   0.0310825     #   4   A  
  0            1            0.00913242   0.13242       #   5   C  
  0.317568     0.0324324    1            0             #   6   G  
  0.0511983    0.0185185    0.0163399    1             #   7   T  
  0.00100301   0.00100301   1            0.00100301    #   8   G  
  1            0.269006     0.0994152    0.0921053     #   9   A  
  0.0487013    1            0.0941558    0.480519      #  10   C  
</psam>
</matrix_reduce>
