<?xml version="1.0" encoding="ISO-8859-1"?>
<matrix_reduce>
<meta>
	<time>04-09-2018 09:53:26</time>
	<source>curated_db.meme</source>
	<comment>meme2psam.py</comment>
	<nsites>1000</nsites>
	<e-value>0.0</e-value>
</meta>

<directionality>forward</directionality>
<psam_length>10</psam_length>
<optimal_sequence>ATCACGTGAC</optimal_sequence>

<psam>
# A            C            G            T             # no. opt  
# +============+============+============+============ # ==+===+==
  1            0.267686     0.644359     0             #   1   A  
  0.33758      0.324841     0.460722     1             #   2   T  
  0.0131712    1            0            0             #   3   C  
  1            0            0            0.0131712     #   4   A  
  0.0129702    1            0.107652     0.175097      #   5   C  
  0.527216     0.0264386    1            0             #   6   G  
  0.108005     0.108005     0.0546379    1             #   7   T  
  0            0            1            0             #   8   G  
  1            0.202312     0.202312     0.0404624     #   9   A  
  0            1            0.596401     0.974293      #  10   C  
</psam>
</matrix_reduce>
