<?xml version="1.0" encoding="ISO-8859-1"?>
<matrix_reduce>
<meta>
	<time>04-09-2018 09:53:26</time>
	<source>curated_db.meme</source>
	<comment>meme2psam.py</comment>
	<nsites>669</nsites>
	<e-value>0.0</e-value>
</meta>

<directionality>forward</directionality>
<psam_length>12</psam_length>
<optimal_sequence>TGACAGCTGTCA</optimal_sequence>

<psam>
# A            C            G            T             # no. opt  
# +============+============+============+============ # ==+===+==
  0            0.0152672    0.00458015   1             #   1   T  
  0.0121951    0.00609756   1            0             #   2   G  
  1            0.00766871   0.00153374   0.0138037     #   3   A  
  0.00460123   1            0.00460123   0.0153374     #   4   C  
  1            0.00776398   0.0186335    0.00776398    #   5   A  
  0            0.00662252   1            0.0976821     #   6   G  
  0.121884     1            0.714681     0.0110803     #   7   C  
  0.0182927    0            0            1             #   8   T  
  0.0121766    0.00304414   1            0             #   9   G  
  0.0108025    0.00617284   0.0108025    1             #  10   T  
  0.0138249    1            0.00460829   0.00614439    #  11   C  
  1            0.0171073    0.0202177    0             #  12   A  
</psam>
</matrix_reduce>
