<?xml version="1.0" encoding="ISO-8859-1"?>
<matrix_reduce>
<meta>
	<time>04-09-2018 09:53:26</time>
	<source>curated_db.meme</source>
	<comment>meme2psam.py</comment>
	<nsites>100</nsites>
	<e-value>0.0</e-value>
</meta>

<directionality>forward</directionality>
<psam_length>16</psam_length>
<optimal_sequence>AACTAGCTGTCAATAC</optimal_sequence>

<psam>
# A            C            G            T             # no. opt  
# +============+============+============+============ # ==+===+==
  1            0.269231     0.211538     0.442308      #   1   A  
  1            0.131148     0.229508     0.278689      #   2   A  
  0.575758     1            0.757576     0.69697       #   3   C  
  0.297297     0.810811     0.594595     1             #   4   T  
  1            0.010989     0.0549451    0.032967      #   5   A  
  0.101449     0.231884     1            0.115942      #   6   G  
  0.0206186    1            0            0.0103093     #   7   C  
  0            0.0204082    0            1             #   8   T  
  0.010101     0            1            0             #   9   G  
  0.0204082    0            0            1             #  10   T  
  0            1            0            0.010101      #  11   C  
  1            0            0            0.010101      #  12   A  
  1            0.0769231    0.0512821    0.153846      #  13   A  
  0.863636     0.204545     0.204545     1             #  14   T  
  1            0.608696     0.326087     0.217391      #  15   A  
  0.5          1            0.5          0.272727      #  16   C  
</psam>
</matrix_reduce>
