<?xml version="1.0" encoding="ISO-8859-1"?>
<matrix_reduce>
<meta>
	<time>04-09-2018 09:53:26</time>
	<source>curated_db.meme</source>
	<comment>meme2psam.py</comment>
	<nsites>12707</nsites>
	<e-value>0.0</e-value>
</meta>

<directionality>forward</directionality>
<psam_length>12</psam_length>
<optimal_sequence>TGACAGCTGTCA</optimal_sequence>

<psam>
# A            C            G            T             # no. opt  
# +============+============+============+============ # ==+===+==
  0.0403703    0.0356561    0.0129425    1             #   1   T  
  0.00816131   0.00400064   1            0.0044007     #   2   G  
  1            0.00280852   0.0335371    0.013134      #   3   A  
  0.0106822    1            0.00428907   0.0131909     #   4   C  
  1            0.00210441   0.0228248    0.00339943    #   5   A  
  0.027451     0.0221217    1            0.227954      #   6   G  
  0.201215     1            0.581885     0.012152      #   7   C  
  0.00600724   0.0347268    0.00477288   1             #   8   T  
  0.0126807    0.00646151   1            0.0070269     #   9   G  
  0.0508504    0.0526039    0.0103454    1             #  10   T  
  0.00590042   1            0.0114775    0.00953767    #  11   C  
  1            0.0144977    0.03343      0.035562      #  12   A  
</psam>
</matrix_reduce>
