<?xml version="1.0" encoding="ISO-8859-1"?>
<matrix_reduce>
<meta>
	<time>04-09-2018 09:53:26</time>
	<source>curated_db.meme</source>
	<comment>meme2psam.py</comment>
	<nsites>74</nsites>
	<e-value>0.0</e-value>
</meta>

<directionality>forward</directionality>
<psam_length>17</psam_length>
<optimal_sequence>GGGTCACTTCAGGTCAG</optimal_sequence>

<psam>
# A            C            G            T             # no. opt  
# +============+============+============+============ # ==+===+==
  0.935484     0.16129      1            0.225806      #   1   G  
  0.134615     0.0961538    1            0.173077      #   2   G  
  0.145833     0.104167     1            0.270833      #   3   G  
  0.309524     0.214286     0.214286     1             #   4   T  
  0.225        1            0.475        0.125         #   5   C  
  1            0.119048     0.309524     0.261905      #   6   A  
  0.44         1            0.6          0.84          #   7   C  
  0.419355     0.548387     0.354839     1             #   8   T  
  0.166667     0.357143     0.166667     1             #   9   T  
  0.454545     1            0.575758     0.151515      #  10   C  
  1            0            0.112903     0.0483871     #  11   A  
  0.016129     0.0806452    1            0.0483871     #  12   G  
  0            0.155172     1            0.12069       #  13   G  
  0.477273     0.0227273    0.159091     1             #  14   T  
  0.06         1            0.3          0.1           #  15   C  
  1            0.166667     0.0925926    0.0555556     #  16   A  
  0.272727     0.393939     1            0.575758      #  17   G  
</psam>
</matrix_reduce>
