<?xml version="1.0" encoding="ISO-8859-1"?>
<matrix_reduce>
<meta>
	<time>04-09-2018 09:53:26</time>
	<source>curated_db.meme</source>
	<comment>meme2psam.py</comment>
	<nsites>74</nsites>
	<e-value>0.0</e-value>
</meta>

<directionality>forward</directionality>
<psam_length>10</psam_length>
<optimal_sequence>TTCAGGTCAG</optimal_sequence>

<psam>
# A            C            G            T             # no. opt  
# +============+============+============+============ # ==+===+==
  0.28         1            0.52         1             #   1   T  
  0.1          0.22         0.1          1             #   2   T  
  0.243243     1            0.567568     0.135135      #   3   C  
  1            0.0517241    0.189655     0.0172414     #   4   A  
  0            0.0151515    1            0.0757576     #   5   G  
  0            0            1            0.0735294     #   6   G  
  0.0735294    0            0.0147059    1             #   7   T  
  0.0147059    1            0.0735294    0             #   8   C  
  1            0.0441176    0.0147059    0             #   9   A  
  0.37931      0.724138     1            0.37931       #  10   G  
</psam>
</matrix_reduce>
