<?xml version="1.0" encoding="ISO-8859-1"?>
<matrix_reduce>
<meta>
	<time>04-09-2018 09:53:26</time>
	<source>curated_db.meme</source>
	<comment>meme2psam.py</comment>
	<nsites>1000</nsites>
	<e-value>0.0</e-value>
</meta>

<directionality>forward</directionality>
<psam_length>18</psam_length>
<optimal_sequence>GTGACCTTATGAGGTCAC</optimal_sequence>

<psam>
# A            C            G            T             # no. opt  
# +============+============+============+============ # ==+===+==
  0.635165     0.136264     1            0.426374      #   1   G  
  0.00315457   0.0452156    0.00315457   1             #   2   T  
  0.02         0.0242105    1            0.00736842    #   3   G  
  1            0.0163934    0.0189155    0.224464      #   4   A  
  0.00301508   1            0.00100503   0.00100503    #   5   C  
  0.00200401   1            0            0             #   6   C  
  0            0.120904     0.00903955   1             #   7   T  
  0.028866     0.668041     0.364948     1             #   8   T  
  1            0.0166453    0.261204     0.00256082    #   9   A  
  0.00586854   0.146714     0.0199531    1             #  10   T  
  1            0.127155     1            0.0280172     #  11   G  
  1            0.00220507   0.100331     0             #  12   A  
  0            0.001002     1            0             #  13   G  
  0            0            1            0.00704935    #  14   G  
  0.285151     0.0118265    0.0170828    1             #  15   T  
  0.00549451   1            0.0637363    0.0285714     #  16   C  
  1            0.0140845    0.0650054    0.00108342    #  17   A  
  0.596206     1            0.317073     0.796748      #  18   C  
</psam>
</matrix_reduce>
