<?xml version="1.0" encoding="ISO-8859-1"?>
<matrix_reduce>
<meta>
	<time>04-09-2018 09:53:26</time>
	<source>curated_db.meme</source>
	<comment>meme2psam.py</comment>
	<nsites>16</nsites>
	<e-value>0.0</e-value>
</meta>

<directionality>forward</directionality>
<psam_length>14</psam_length>
<optimal_sequence>TGGCACCATGCCAA</optimal_sequence>

<psam>
# A            C            G            T             # no. opt  
# +============+============+============+============ # ==+===+==
  0            0            0            1             #   1   T  
  0            0            1            0             #   2   G  
  0            0            1            0             #   3   G  
  0            1            0            0             #   4   C  
  1            0.0714286    0            0.0714286     #   5   A  
  0.25         1            0.625        0.125         #   6   C  
  0.25         1            0.5          0.25          #   7   C  
  1            0.142857     0.714286     0.428571      #   8   A  
  0.571429     0.428571     0.285714     1             #   9   T  
  0            0            1            0             #  10   G  
  0            1            0            0             #  11   C  
  0            1            0            0             #  12   C  
  1            0            0            0             #  13   A  
  1            0            0.0714286    0.0714286     #  14   A  
</psam>
</matrix_reduce>
