<?xml version="1.0" encoding="ISO-8859-1"?>
<matrix_reduce>
<meta>
	<time>04-09-2018 09:53:26</time>
	<source>curated_db.meme</source>
	<comment>meme2psam.py</comment>
	<nsites>1000</nsites>
	<e-value>0.0</e-value>
</meta>

<directionality>forward</directionality>
<psam_length>17</psam_length>
<optimal_sequence>ACATGTCTATGACATGT</optimal_sequence>

<psam>
# A            C            G            T             # no. opt  
# +============+============+============+============ # ==+===+==
  1            0.0011325    0.10419      0.0271801     #   1   A  
  0            1            0            0.001001      #   2   C  
  1            0.00608519   0.00811359   0             #   3   A  
  0.874016     0.011811     0.0826772    1             #   4   T  
  0.0020429    0.0020429    1            0.0163432     #   5   G  
  0.0114416    0.130435     0.00228833   1             #   6   T  
  0.0461347    1            0.0698254    0.129676      #   7   C  
  0.617571     0.488372     0.478036     1             #   8   T  
  1            0.446429     0.711735     0.392857      #   9   A  
  0.965625     0.34375      0.815625     1             #  10   T  
  0.344828     0.0089955    1            0.14093       #  11   G  
  1            0.00362319   0.18599      0.0181159     #  12   A  
  0.00200401   1            0            0             #  13   C  
  1            0.00203252   0.00711382   0.00406504    #  14   A  
  0.35814      0.0217054    0.170543     1             #  15   T  
  0.00203874   0.00917431   1            0.00815494    #  16   G  
  0.031355     0.0817469    0.0055991    1             #  17   T  
</psam>
</matrix_reduce>
