<?xml version="1.0" encoding="ISO-8859-1"?>
<matrix_reduce>
<meta>
	<time>04-09-2018 09:53:26</time>
	<source>curated_db.meme</source>
	<comment>meme2psam.py</comment>
	<nsites>1609</nsites>
	<e-value>0.0</e-value>
</meta>

<directionality>forward</directionality>
<psam_length>20</psam_length>
<optimal_sequence>GGACATGCCCGGGCATGTCT</optimal_sequence>

<psam>
# A            C            G            T             # no. opt  
# +============+============+============+============ # ==+===+==
  0.551087     0.0554348    1            0.13913       #   1   G  
  0.236931     0.0311973    1            0.0868465     #   2   G  
  1            0.0267753    0.826542     0.0197905     #   3   A  
  0.00575816   1            0.0211132    0.000639795   #   4   C  
  1            0.0121951    0.0337159    0.107604      #   5   A  
  0.272194     0.00753769   0.0661642    1             #   6   T  
  0.00312305   0.00062461   1            0.00062461    #   7   G  
  0.0624204    1            0.0394904    0.945223      #   8   C  
  0.0712644    1            0.0498084    0.110345      #   9   C  
  0.179697     1            0.050175     0.645274      #  10   C  
  0.281971     0.234801     1            0.167715      #  11   G  
  0.33975      0.06641      1            0.14052       #  12   G  
  0.679864     0.0554299    1            0.0825792     #  13   G  
  0.0408587    1            0.0630194    0.00900277    #  14   C  
  1            0.0748355    0.0600329    0.1875        #  15   A  
  0.226064     0.0824468    0.117021     1             #  16   T  
  0.0958801    0.0681648    1            0.0397004     #  17   G  
  0.178468     0.295829     0.0843841    1             #  18   T  
  0.368421     1            0.263158     0.856037      #  19   C  
  0.409807     0.922942     0.481611     1             #  20   T  
</psam>
</matrix_reduce>
