<?xml version="1.0" encoding="ISO-8859-1"?>
<matrix_reduce>
<meta>
	<time>04-09-2018 09:53:26</time>
	<source>curated_db.meme</source>
	<comment>meme2psam.py</comment>
	<nsites>1000</nsites>
	<e-value>0.0</e-value>
</meta>

<directionality>forward</directionality>
<psam_length>18</psam_length>
<optimal_sequence>AACATGCCCGGGCATGTC</optimal_sequence>

<psam>
# A            C            G            T             # no. opt  
# +============+============+============+============ # ==+===+==
  1            0.138568     0.87067      0.300231      #   1   A  
  1            0.0104987    0.230971     0.0695538     #   2   A  
  0.00104603   1            0            0.041841      #   3   C  
  1            0.0170068    0.0544218    0.0623583     #   4   A  
  0.0905028    0.0201117    0.00670391   1             #   5   T  
  0            0            1            0             #   6   G  
  0.0194805    1            0.00811688   0.590909      #   7   C  
  0.071161     1            0.0237203    0.15231       #   8   C  
  0.0956938    1            0.181818     0.317384      #   9   C  
  0.386364     0.148601     1            0.213287      #  10   G  
  0.200798     0.0425532    1            0.0864362     #  11   G  
  0.805861     0.003663     1            0.021978      #  12   G  
  0            1            0            0             #  13   C  
  1            0.0190583    0.0123318    0.0896861     #  14   A  
  0.10245      0.00668151   0.00445434   1             #  15   T  
  0.0153218    0.00102145   1            0.0020429     #  16   G  
  0.0496894    0.186335     0.00621118   1             #  17   T  
  0.159193     1            0.0896861    0.993274      #  18   C  
</psam>
</matrix_reduce>
