<?xml version="1.0" encoding="ISO-8859-1"?>
<matrix_reduce>
<meta>
	<time>04-09-2018 09:53:26</time>
	<source>curated_db.meme</source>
	<comment>meme2psam.py</comment>
	<nsites>1000</nsites>
	<e-value>0.0</e-value>
</meta>

<directionality>forward</directionality>
<psam_length>18</psam_length>
<optimal_sequence>ACATGTCCATGGACATGT</optimal_sequence>

<psam>
# A            C            G            T             # no. opt  
# +============+============+============+============ # ==+===+==
  1            0.00618812   0.163366     0.0680693     #   1   A  
  0            1            0            0.001001      #   2   C  
  1            0            0.00301811   0.00201207    #   3   A  
  0.791398     0.00215054   0.356989     1             #   4   T  
  0.0030303    0            1            0.00707071    #   5   G  
  0.04375      0.19375      0.00875      1             #   6   T  
  0.176672     1            0.35506      0.183533      #   7   C  
  0.684971     1            0.346821     0.855491      #   8   C  
  1            0.203125     0.901042     0.5           #   9   A  
  0.748619     0.162983     0.850829     1             #  10   T  
  0.78012      0.379518     1            0.85241       #  11   G  
  0.744275     0.0267176    1            0.137405      #  12   G  
  1            0.00431655   0.333813     0.100719      #  13   A  
  0.00101112   1            0.00101112   0.0091001     #  14   C  
  1            0.00203666   0.00407332   0.01222       #  15   A  
  0.699411     0.00196464   0.263261     1             #  16   T  
  0.00307692   0.0215385    1            0.00102564    #  17   G  
  0.0482204    0.0884041    0.0114811    1             #  18   T  
</psam>
</matrix_reduce>
