<?xml version="1.0" encoding="ISO-8859-1"?>
<matrix_reduce>
<meta>
	<time>04-09-2018 09:53:26</time>
	<source>curated_db.meme</source>
	<comment>meme2psam.py</comment>
	<nsites>1231</nsites>
	<e-value>0.0</e-value>
</meta>

<directionality>forward</directionality>
<psam_length>15</psam_length>
<optimal_sequence>ACATGCCCAGACATG</optimal_sequence>

<psam>
# A            C            G            T             # no. opt  
# +============+============+============+============ # ==+===+==
  1            0            0.63587      0.0339674     #   1   A  
  0.00168067   1            0.00420168   0.0260504     #   2   C  
  1            0.046729     0.0290758    0.200415      #   3   A  
  0.293348     0.0119956    0.0348964    1             #   4   T  
  0            0            1            0             #   5   G  
  0.120603     1            0            0.938023      #   6   C  
  0.214198     1            0.0563035    0.232558      #   7   C  
  0.0870511    1            0.0554951    0.195865      #   8   C  
  1            0.198765     0.106173     0.212346      #   9   A  
  0.425316     0.056962     1            0.0746835     #  10   G  
  1            0            0.449761     0.0203349     #  11   A  
  0            1            0.00163265   0.00163265    #  12   C  
  1            0.0247036    0.0108696    0.177866      #  13   A  
  0.180894     0.0436992    0.0254065    1             #  14   T  
  0.0303797    0.00421941   1            0.00168776    #  15   G  
</psam>
</matrix_reduce>
