<?xml version="1.0" encoding="ISO-8859-1"?>
<matrix_reduce>
<meta>
	<time>04-09-2018 09:53:26</time>
	<source>curated_db.meme</source>
	<comment>meme2psam.py</comment>
	<nsites>17</nsites>
	<e-value>0.0</e-value>
</meta>

<directionality>forward</directionality>
<psam_length>20</psam_length>
<optimal_sequence>CCGGACATGCCCGGGCATGT</optimal_sequence>

<psam>
# A            C            G            T             # no. opt  
# +============+============+============+============ # ==+===+==
  0.714286     1            0.142857     0.142857      #   1   C  
  0.428571     1            0.714286     0.142857      #   2   C  
  0.230769     0            1            0             #   3   G  
  0.454545     0            1            0             #   4   G  
  1            0            0.230769     0             #   5   A  
  0            1            0            0             #   6   C  
  1            0            0            0             #   7   A  
  0            0            0            1             #   8   T  
  0            0            1            0             #   9   G  
  0            1            0            0.454545      #  10   C  
  0            1            0            0.0666667     #  11   C  
  0            1            0            0.0666667     #  12   C  
  0.0666667    0            1            0.0666667     #  13   G  
  0.0769231    0            1            0.0769231     #  14   G  
  0.230769     0            1            0             #  15   G  
  0.0769231    1            0.0769231    0             #  16   C  
  1            0            0            0.0666667     #  17   A  
  0.0666667    0            0            1             #  18   T  
  0.0769231    0.0769231    1            0.0769231     #  19   G  
  0.0769231    0.0769231    0.0769231    1             #  20   T  
</psam>
</matrix_reduce>
