<?xml version="1.0" encoding="ISO-8859-1"?>
<matrix_reduce>
<meta>
	<time>04-09-2018 09:53:26</time>
	<source>curated_db.meme</source>
	<comment>meme2psam.py</comment>
	<nsites>119</nsites>
	<e-value>0.0</e-value>
</meta>

<directionality>forward</directionality>
<psam_length>11</psam_length>
<optimal_sequence>GTCACGTGGGC</optimal_sequence>

<psam>
# A            C            G            T             # no. opt  
# +============+============+============+============ # ==+===+==
  0.225352     0.225352     1            0.197183      #   1   G  
  0.116667     0.35         0.5          1             #   2   T  
  0            1            0            0.0173913     #   3   C  
  1            0.0185185    0.0185185    0.0462963     #   4   A  
  0            1            0.2625       0.2           #   5   C  
  0.114583     0.0729167    1            0.0208333     #   6   G  
  0            0            0            1             #   7   T  
  0            0            1            0.0172414     #   8   G  
  0.546875     0.046875     1            0.203125      #   9   G  
  0.243902     0.878049     1            0.731707      #  10   G  
  0.307692     1            0.461538     0.480769      #  11   C  
</psam>
</matrix_reduce>
