<?xml version="1.0" encoding="ISO-8859-1"?>
<matrix_reduce>
<meta>
	<time>04-09-2018 09:53:26</time>
	<source>curated_db.meme</source>
	<comment>meme2psam.py</comment>
	<nsites>13819</nsites>
	<e-value>0.0</e-value>
</meta>

<directionality>forward</directionality>
<psam_length>11</psam_length>
<optimal_sequence>GTCATGTGACC</optimal_sequence>

<psam>
# A            C            G            T             # no. opt  
# +============+============+============+============ # ==+===+==
  0.558113     0.290988     1            0.090539      #   1   G  
  0.252152     0.757806     0.322025     1             #   2   T  
  0            1            0            0             #   3   C  
  1            0            0            0             #   4   A  
  0            0.641134     0.18062      1             #   5   T  
  0            0            1            0             #   6   G  
  0            0            0            1             #   7   T  
  0            0            1            0             #   8   G  
  1            0.0711825    0.245599     0.00497512    #   9   A  
  0            1            0.0733206    0.31826       #  10   C  
  0.329162     1            0.0686068    0.685615      #  11   C  
</psam>
</matrix_reduce>
