<?xml version="1.0" encoding="ISO-8859-1"?>
<matrix_reduce>
<meta>
	<time>04-09-2018 09:53:26</time>
	<source>curated_db.meme</source>
	<comment>meme2psam.py</comment>
	<nsites>1000</nsites>
	<e-value>0.0</e-value>
</meta>

<directionality>forward</directionality>
<psam_length>9</psam_length>
<optimal_sequence>ACCGATTAG</optimal_sequence>

<psam>
# A            C            G            T             # no. opt  
# +============+============+============+============ # ==+===+==
  1            0.0565517    0.111724     0.211034      #   1   A  
  0.71504      1            0.498681     0.424802      #   2   C  
  0.0237812    1            0            0.165279      #   3   C  
  0.483146     0.350187     1            0.0393258     #   4   G  
  1            0.00808898   0            0.00303337    #   5   A  
  0            0            0            1             #   6   T  
  0            0            0            1             #   7   T  
  1            0            0            0             #   8   A  
  0.584369     0.0461812    1            0.145648      #   9   G  
</psam>
</matrix_reduce>
