<?xml version="1.0" encoding="ISO-8859-1"?>
<matrix_reduce>
<meta>
	<time>04-09-2018 09:53:26</time>
	<source>curated_db.meme</source>
	<comment>meme2psam.py</comment>
	<nsites>1000</nsites>
	<e-value>0.0</e-value>
</meta>

<directionality>forward</directionality>
<psam_length>21</psam_length>
<optimal_sequence>CGCTAATCGGAAAACGATTAG</optimal_sequence>

<psam>
# A            C            G            T             # no. opt  
# +============+============+============+============ # ==+===+==
  0.265233     1            0.344086     0.177419      #   1   C  
  0.257009     0.96729      1            0.11215       #   2   G  
  0.0875912    1            0.0656934    0.671533      #   3   C  
  0.00504541   0            0.00100908   1             #   4   T  
  1            0.00303337   0.00707786   0.00101112    #   5   A  
  1            0.00608519   0.00709939   0.0010142     #   6   A  
  0            0.00201816   0.00403633   1             #   7   T  
  0.00992063   1            0.740079     0.228175      #   8   C  
  0.040884     0.0453039    1            0.0187845     #   9   G  
  0.46463      0.107717     1            0.0353698     #  10   G  
  1            0.00423131   0.0183357    0.38787       #  11   A  
  1            0.00225989   0.00225989   0.122034      #  12   A  
  1            0.0193402    0.00341297   0.113766      #  13   A  
  1            0.386935     0.257956     0.0301508     #  14   A  
  0.00607287   1            0.00303644   0.00303644    #  15   C  
  0.0755149    0.0675057    1            0.00114416    #  16   G  
  1            0.00606673   0            0.00202224    #  17   A  
  0.00100301   0            0.00200602   1             #  18   T  
  0            0.00100402   0            1             #  19   T  
  1            0.0010101    0.0010101    0.00707071    #  20   A  
  0.229404     0.0253485    1            0.0126743     #  21   G  
</psam>
</matrix_reduce>
