<?xml version="1.0" encoding="ISO-8859-1"?>
<matrix_reduce>
<meta>
	<time>04-09-2018 09:53:26</time>
	<source>curated_db.meme</source>
	<comment>meme2psam.py</comment>
	<nsites>1577</nsites>
	<e-value>0.0</e-value>
</meta>

<directionality>forward</directionality>
<psam_length>12</psam_length>
<optimal_sequence>GACGTGTCATTA</optimal_sequence>

<psam>
# A            C            G            T             # no. opt  
# +============+============+============+============ # ==+===+==
  0            0            1            0.0240729     #   1   G  
  1            0            0            0             #   2   A  
  0            1            0            0             #   3   C  
  0            0            1            0             #   4   G  
  0            0            0            1             #   5   T  
  0            0            1            0.000635324   #   6   G  
  0            0            0.769663     1             #   7   T  
  0.214585     1            0.0284996    0.078793      #   8   C  
  1            0.677465     0.259155     0.280282      #   9   A  
  0.493225     0.468835     0.172087     1             #  10   T  
  0.551509     0.0509886    0.0353798    1             #  11   T  
  1            0.287356     0.394089     0.904762      #  12   A  
</psam>
</matrix_reduce>
