<?xml version="1.0" encoding="ISO-8859-1"?>
<matrix_reduce>
<meta>
	<time>04-09-2018 09:53:26</time>
	<source>curated_db.meme</source>
	<comment>meme2psam.py</comment>
	<nsites>62</nsites>
	<e-value>0.0</e-value>
</meta>

<directionality>forward</directionality>
<psam_length>11</psam_length>
<optimal_sequence>GGGGATTGGCC</optimal_sequence>

<psam>
# A            C            G            T             # no. opt  
# +============+============+============+============ # ==+===+==
  0.318182     0.5          1            0.909091      #   1   G  
  0.09375      0.625        1            0.125         #   2   G  
  0.2          0.28         1            0.92          #   3   G  
  0.146341     0.268293     1            0             #   4   G  
  1            0.2          0.0222222    0.0666667     #   5   A  
  0            0.109091     0            1             #   6   T  
  0            0.0384615    0.115385     1             #   7   T  
  0            0.65625      1            0.21875       #   8   G  
  0            0.65625      1            0.1875        #   9   G  
  0.139535     1            0            0.209302      #  10   C  
  0.133333     1            0.0666667    0.8           #  11   C  
</psam>
</matrix_reduce>
