<?xml version="1.0" encoding="ISO-8859-1"?>
<matrix_reduce>
<meta>
	<time>04-09-2018 09:53:26</time>
	<source>curated_db.meme</source>
	<comment>meme2psam.py</comment>
	<nsites>17</nsites>
	<e-value>0.0</e-value>
</meta>

<directionality>forward</directionality>
<psam_length>6</psam_length>
<optimal_sequence>GCCATC</optimal_sequence>

<psam>
# A            C            G            T             # no. opt  
# +============+============+============+============ # ==+===+==
  0.714286     0.142857     1            0.428571      #   1   G  
  0            1            0            0.0666667     #   2   C  
  0            1            0            0             #   3   C  
  1            0            0            0             #   4   A  
  0            0            0            1             #   5   T  
  0.428571     1            0.428571     0.428571      #   6   C  
</psam>
</matrix_reduce>
