<?xml version="1.0" encoding="ISO-8859-1"?>
<matrix_reduce>
<meta>
	<time>04-09-2018 09:53:26</time>
	<source>curated_db.meme</source>
	<comment>meme2psam.py</comment>
	<nsites>1600</nsites>
	<e-value>0.0</e-value>
</meta>

<directionality>forward</directionality>
<psam_length>12</psam_length>
<optimal_sequence>CAAGATGGCGGC</optimal_sequence>

<psam>
# A            C            G            T             # no. opt  
# +============+============+============+============ # ==+===+==
  0.406644     1            0.262314     0.163803      #   1   C  
  1            0.0275103    0.0419532    0.0309491     #   2   A  
  1            0.0410578    0.0292276    0.0431454     #   3   A  
  0.599734     0.351064     1            0.175532      #   4   G  
  1            0.00314465   0            0.00314465    #   5   A  
  0.0018797    0            0.000626566  1             #   6   T  
  0.00125156   0            1            0             #   7   G  
  0.0302035    0.000656599  1            0.019698      #   8   G  
  0.167488     1            0.0172414    0.128079      #   9   C  
  0.174518     0.335118     1            0.203426      #  10   G  
  0.215431     0.187375     1            0.200401      #  11   G  
  0.207854     1            0.15613      0.168582      #  12   C  
</psam>
</matrix_reduce>
