<?xml version="1.0" encoding="ISO-8859-1"?>
<matrix_reduce>
<meta>
	<time>04-09-2018 09:53:26</time>
	<source>curated_db.meme</source>
	<comment>meme2psam.py</comment>
	<nsites>1000</nsites>
	<e-value>0.0</e-value>
</meta>

<directionality>forward</directionality>
<psam_length>11</psam_length>
<optimal_sequence>GCCGCCATTAT</optimal_sequence>

<psam>
# A            C            G            T             # no. opt  
# +============+============+============+============ # ==+===+==
  0.93662      0.647887     1            0.926056      #   1   G  
  0.464435     1            0.368201     0.257322      #   2   C  
  0.216693     1            0.306581     0.081862      #   3   C  
  0.319018     0.0383436    1            0.171779      #   4   G  
  0.0304942    1            0.0042061    0.0136698     #   5   C  
  0.00404449   1            0            0.00707786    #   6   C  
  1            0.0122951    0.00614754   0.00614754    #   7   A  
  0.0124095    0.016546     0.00517063   1             #   8   T  
  0.22604      0.301989     0.280289     1             #   9   T  
  1            0.184211     0.526316     0.482456      #  10   A  
  0.614173     0.766404     0.244094     1             #  11   T  
</psam>
</matrix_reduce>
