<?xml version="1.0" encoding="ISO-8859-1"?>
<matrix_reduce>
<meta>
	<time>04-09-2018 09:53:26</time>
	<source>curated_db.meme</source>
	<comment>meme2psam.py</comment>
	<nsites>7171</nsites>
	<e-value>0.0</e-value>
</meta>

<directionality>forward</directionality>
<psam_length>12</psam_length>
<optimal_sequence>CAAGATGGCGGC</optimal_sequence>

<psam>
# A            C            G            T             # no. opt  
# +============+============+============+============ # ==+===+==
  0.245472     1            0.174776     0.144229      #   1   C  
  1            0            0.0259498    0.00215054    #   2   A  
  1            0.0146884    0.0397626    0.00919881    #   3   A  
  0.763254     0.340037     1            0.0810481     #   4   G  
  1            0            0            0             #   5   A  
  0            0.00153653   0            1             #   6   T  
  0.00153653   0            1            0             #   7   G  
  0.0018164    0            1            0             #   8   G  
  0.144048     1            0.00656378   0.121164      #   9   C  
  0.313562     0.607595     1            0.671609      #  10   G  
  0.192952     0.187795     1            0.159218      #  11   G  
  0.291439     1            0.0853952    0.192468      #  12   C  
</psam>
</matrix_reduce>
