<?xml version="1.0" encoding="ISO-8859-1"?>
<matrix_reduce>
<meta>
	<time>04-09-2018 09:53:26</time>
	<source>curated_db.meme</source>
	<comment>meme2psam.py</comment>
	<nsites>2010</nsites>
	<e-value>0.0</e-value>
</meta>

<directionality>forward</directionality>
<psam_length>12</psam_length>
<optimal_sequence>CTCGCAGGAAGA</optimal_sequence>

<psam>
# A            C            G            T             # no. opt  
# +============+============+============+============ # ==+===+==
  0.285873     1            0.235818     0.711902      #   1   C  
  0.00252016   0.000504032  0.00957661   1             #   2   T  
  0.27762      1            0.531634     0.0859301     #   3   C  
  0.0128403    0.0190036    1            0             #   4   G  
  0.00150451   1            0.00451354   0.000501505   #   5   C  
  1            0.0024077    0.609149     0             #   6   A  
  0.460624     0            1            0.0312036     #   7   G  
  0.00619021   0.00393922   1            0.120428      #   8   G  
  1            0.119353     0.000557724  0.000557724   #   9   A  
  1            0.134872     0.838396     0.469016      #  10   A  
  0.433373     0.289316     1            0.687875      #  11   G  
  1            0.5171       0.488372     0.738714      #  12   A  
</psam>
</matrix_reduce>
