<?xml version="1.0" encoding="ISO-8859-1"?>
<matrix_reduce>
<meta>
	<time>04-09-2018 09:53:26</time>
	<source>curated_db.meme</source>
	<comment>meme2psam.py</comment>
	<nsites>1000</nsites>
	<e-value>0.0</e-value>
</meta>

<directionality>forward</directionality>
<psam_length>17</psam_length>
<optimal_sequence>TTTCGCCTGGCACGTCA</optimal_sequence>

<psam>
# A            C            G            T             # no. opt  
# +============+============+============+============ # ==+===+==
  0            0.0548523    0            1             #   1   T  
  0            0            0            1             #   2   T  
  0.15847      0.466302     0.191257     1             #   3   T  
  0.00137931   1            0.00551724   0.372414      #   4   C  
  0.0123967    0.00619835   1            0.0144628     #   5   G  
  0            1            0            0             #   6   C  
  0.00811359   1            0.259635     0.760649      #   7   C  
  0.0140998    0.00542299   0.0650759    1             #   8   T  
  0.0153061    0.00102041   1            0.00408163    #   9   G  
  0.314327     0.0570175    1            0.0862573     #  10   G  
  0.0824373    1            0.0489845    0.0621266     #  11   C  
  1            0.713969     0.492239     0.00443459    #  12   A  
  0            1            0.964539     0.397163      #  13   C  
  0.00200401   0            1            0             #  14   G  
  0            0.0417537    0.00208768   1             #  15   T  
  0            1            0            0             #  16   C  
  1            0.00127226   0.0941476    0.176845      #  17   A  
</psam>
</matrix_reduce>
