<?xml version="1.0" encoding="ISO-8859-1"?>
<matrix_reduce>
<meta>
	<time>04-09-2018 09:53:26</time>
	<source>curated_db.meme</source>
	<comment>meme2psam.py</comment>
	<nsites>33</nsites>
	<e-value>0.0</e-value>
</meta>

<directionality>forward</directionality>
<psam_length>13</psam_length>
<optimal_sequence>AGATGATAGAGCC</optimal_sequence>

<psam>
# A            C            G            T             # no. opt  
# +============+============+============+============ # ==+===+==
  1            0.538462     0.692308     0             #   1   A  
  0.0740741    0            1            0.0740741     #   2   G  
  1            0            0.6          0             #   3   A  
  0.0833333    0.208333     0            1             #   4   T  
  0.130435     0.173913     1            0             #   5   G  
  1            0.318182     0.0909091    0             #   6   A  
  0            0            0            1             #   7   T  
  1            0            0.8          0.133333      #   8   A  
  0            0            1            0             #   9   G  
  1            0            0            0             #  10   A  
  0            0            1            0             #  11   G  
  0.0714286    1            0            0             #  12   C  
  0            1            0.217391     0.0869565     #  13   C  
</psam>
</matrix_reduce>
