<?xml version="1.0" encoding="ISO-8859-1"?>
<matrix_reduce>
<meta>
	<time>04-09-2018 09:53:26</time>
	<source>curated_db.meme</source>
	<comment>meme2psam.py</comment>
	<nsites>705</nsites>
	<e-value>0.0</e-value>
</meta>

<directionality>forward</directionality>
<psam_length>15</psam_length>
<optimal_sequence>CTCTCGCGAGATCTG</optimal_sequence>

<psam>
# A            C            G            T             # no. opt  
# +============+============+============+============ # ==+===+==
  0.316406     1            0.566406     0.859375      #   1   C  
  0.01         0.108333     0.0516667    1             #   2   T  
  0.0409712    1            0.016692     0.0091047     #   3   C  
  0.015        0.146667     0.00666667   1             #   4   T  
  0            1            0            0             #   5   C  
  0.0510511    0            1            0.003003      #   6   G  
  0.00299401   1            0            0.0508982     #   7   C  
  0            0            1            0             #   8   G  
  1            0.171367     0.255965     0.0976139     #   9   A  
  0.0177778    0.124444     1            0.422222      #  10   G  
  1            0.223558     0.338942     0.129808      #  11   A  
  0.333333     0.916667     0.539683     1             #  12   T  
  0.0550459    1            0.131498     0.963303      #  13   C  
  0.212366     0.389785     0.293011     1             #  14   T  
  0.338346     0.87218      1            0.432331      #  15   G  
</psam>
</matrix_reduce>
