<?xml version="1.0" encoding="ISO-8859-1"?>
<matrix_reduce>
<meta>
	<time>04-09-2018 09:53:26</time>
	<source>curated_db.meme</source>
	<comment>meme2psam.py</comment>
	<nsites>3555</nsites>
	<e-value>0.0</e-value>
</meta>

<directionality>forward</directionality>
<psam_length>9</psam_length>
<optimal_sequence>CCTCACCTG</optimal_sequence>

<psam>
# A            C            G            T             # no. opt  
# +============+============+============+============ # ==+===+==
  0.588316     1            0.570447     0.284536      #   1   C  
  0            1            0            0.188629      #   2   C  
  0.750941     0.208908     0.270389     1             #   3   T  
  0            1            0            0.121136      #   4   C  
  1            0            0            0             #   5   A  
  0            1            0            0             #   6   C  
  0            1            0            0             #   7   C  
  0            0            0            1             #   8   T  
  0            0            1            0             #   9   G  
</psam>
</matrix_reduce>
