<?xml version="1.0" encoding="ISO-8859-1"?>
<matrix_reduce>
<meta>
	<time>04-09-2018 09:53:26</time>
	<source>curated_db.meme</source>
	<comment>meme2psam.py</comment>
	<nsites>127</nsites>
	<e-value>0.0</e-value>
</meta>

<directionality>forward</directionality>
<psam_length>7</psam_length>
<optimal_sequence>ACAGGTG</optimal_sequence>

<psam>
# A            C            G            T             # no. opt  
# +============+============+============+============ # ==+===+==
  1            0.6          0.525        1             #   1   A  
  0.324675     1            0.0779221    0.194805      #   2   C  
  1            0            0            0             #   3   A  
  0            0.0247934    1            0.00826446    #   4   G  
  0            0            1            0             #   5   G  
  0.008        0            0            1             #   6   T  
  0.158879     0            1            0             #   7   G  
</psam>
</matrix_reduce>
