<?xml version="1.0" encoding="ISO-8859-1"?>
<matrix_reduce>
<meta>
	<time>04-09-2018 09:53:26</time>
	<source>curated_db.meme</source>
	<comment>meme2psam.py</comment>
	<nsites>41</nsites>
	<e-value>0.0</e-value>
</meta>

<directionality>forward</directionality>
<psam_length>6</psam_length>
<optimal_sequence>CACCTG</optimal_sequence>

<psam>
# A            C            G            T             # no. opt  
# +============+============+============+============ # ==+===+==
  0            1            0            0.121212      #   1   C  
  1            0            0.027027     0             #   2   A  
  0            1            0            0             #   3   C  
  0            1            0.0810811    0             #   4   C  
  0            0            0            1             #   5   T  
  0.5625       0            1            0.8125        #   6   G  
</psam>
</matrix_reduce>
