<?xml version="1.0" encoding="ISO-8859-1"?>
<matrix_reduce>
<meta>
	<time>04-09-2018 09:53:26</time>
	<source>curated_db.meme</source>
	<comment>meme2psam.py</comment>
	<nsites>480</nsites>
	<e-value>0.0</e-value>
</meta>

<directionality>forward</directionality>
<psam_length>14</psam_length>
<optimal_sequence>GGGGCCGAGGCCTG</optimal_sequence>

<psam>
# A            C            G            T             # no. opt  
# +============+============+============+============ # ==+===+==
  0.277778     0.988889     1            0.388889      #   1   G  
  0.346821     0.988439     1            0.433526      #   2   G  
  0.457286     0.758794     1            0.18593       #   3   G  
  0.241611     0.16443      1            0.201342      #   4   G  
  0.0304054    1            0.483108     0.097973      #   5   C  
  0.0138504    1            0.00277008   0.304709      #   6   C  
  0.160221     0.685083     1            0.790055      #   7   G  
  1            0.805263     0.631579     0.0736842     #   8   A  
  0.017094     0.00213675   1            0             #   9   G  
  0            0.00420168   1            0             #  10   G  
  0            1            0            0             #  11   C  
  0            1            0            0             #  12   C  
  0            0.00209205   0            1             #  13   T  
  0.380734     0.555046     1            0.252294      #  14   G  
</psam>
</matrix_reduce>
