<?xml version="1.0" encoding="ISO-8859-1"?>
<matrix_reduce>
<meta>
	<time>04-09-2018 09:53:26</time>
	<source>curated_db.meme</source>
	<comment>meme2psam.py</comment>
	<nsites>480</nsites>
	<e-value>0.0</e-value>
</meta>

<directionality>forward</directionality>
<psam_length>14</psam_length>
<optimal_sequence>GGGGCCGAGGCCTG</optimal_sequence>

<psam>
# A            C            G            T             # no. opt  
# +============+============+============+============ # ==+===+==
  0.277778     0.994444     1            0.388889      #   1   G  
  0.33908      0.982759     1            0.431034      #   2   G  
  0.457286     0.758794     1            0.18593       #   3   G  
  0.242424     0.164983     1            0.205387      #   4   G  
  0.0304054    1            0.483108     0.097973      #   5   C  
  0.0138889    1            0.00277778   0.308333      #   6   C  
  0.159341     0.675824     1            0.785714      #   7   G  
  1            0.8          0.636842     0.0736842     #   8   A  
  0.0149254    0.0021322    1            0             #   9   G  
  0            0.00420168   1            0             #  10   G  
  0            1            0            0             #  11   C  
  0            1            0            0             #  12   C  
  0            0            0            1             #  13   T  
  0.385321     0.559633     1            0.256881      #  14   G  
</psam>
</matrix_reduce>
