<?xml version="1.0" encoding="ISO-8859-1"?>
<matrix_reduce>
<meta>
	<time>04-09-2018 09:53:26</time>
	<source>curated_db.meme</source>
	<comment>meme2psam.py</comment>
	<nsites>480</nsites>
	<e-value>0.0</e-value>
</meta>

<directionality>forward</directionality>
<psam_length>19</psam_length>
<optimal_sequence>GGGGGCCCCAGGCCTCGGC</optimal_sequence>

<psam>
# A            C            G            T             # no. opt  
# +============+============+============+============ # ==+===+==
  0.363128     0.988827     1            0.329609      #   1   G  
  0.986301     0.958904     1            0.328767      #   2   G  
  0.177778     0.444444     1            0.151852      #   3   G  
  0.361502     0.704225     1            0.183099      #   4   G  
  0.216327     0.546939     1            0.191837      #   5   G  
  0.318436     1            0.905028     0.452514      #   6   C  
  0.315556     1            0.502222     0.315556      #   7   C  
  0.222222     1            0.857143     0.444444      #   8   C  
  0.125448     1            0.344086     0.247312      #   9   C  
  1            0.00420168   0            0             #  10   A  
  0.00420168   0.00420168   1            0             #  11   G  
  0            0            1            0             #  12   G  
  0            1            0.00628931   0             #  13   C  
  0            1            0.0988235    0.0282353     #  14   C  
  0.0483871    0.83871      0.688172     1             #  15   T  
  0.548223     1            0.730964     0.152284      #  16   C  
  0.258065     0.00806452   1            0.016129      #  17   G  
  0.278481     0.696203     1            0.0379747     #  18   G  
  0.238095     1            0.234127     0.428571      #  19   C  
</psam>
</matrix_reduce>
