<?xml version="1.0" encoding="ISO-8859-1"?>
<matrix_reduce>
<meta>
	<time>04-09-2018 09:53:26</time>
	<source>curated_db.meme</source>
	<comment>meme2psam.py</comment>
	<nsites>1000</nsites>
	<e-value>0.0</e-value>
</meta>

<directionality>forward</directionality>
<psam_length>15</psam_length>
<optimal_sequence>CCCCCCCGGGGGGGT</optimal_sequence>

<psam>
# A            C            G            T             # no. opt  
# +============+============+============+============ # ==+===+==
  0.568106     1            0.916944     0.837209      #   1   C  
  0.55668      1            0.184211     0.283401      #   2   C  
  0.189679     1            0.0460251    0.158996      #   3   C  
  0.150065     1            0.0595084    0.084088      #   4   C  
  0.124551     1            0.0383234    0.0347305     #   5   C  
  0.0701107    1            0.0873309    0.0725707     #   6   C  
  0.0744125    1            0.204961     0.0248042     #   7   C  
  0.113924     0.174051     1            0.294304      #   8   G  
  0.0725707    0.0873309    1            0.0701107     #   9   G  
  0.0347305    0.0383234    1            0.124551      #  10   G  
  0.084088     0.0595084    1            0.150065      #  11   G  
  0.158996     0.0460251    1            0.189679      #  12   G  
  0.197044     0.111658     1            0.333333      #  13   G  
  0.117229     0.381883     1            0.277087      #  14   G  
  0.425837     0.4689       0.490431     1             #  15   T  
</psam>
</matrix_reduce>
