<?xml version="1.0" encoding="ISO-8859-1"?>
<matrix_reduce>
<meta>
	<time>04-09-2018 09:53:26</time>
	<source>curated_db.meme</source>
	<comment>meme2psam.py</comment>
	<nsites>36</nsites>
	<e-value>0.0</e-value>
</meta>

<directionality>forward</directionality>
<psam_length>9</psam_length>
<optimal_sequence>GGGGTGGTC</optimal_sequence>

<psam>
# A            C            G            T             # no. opt  
# +============+============+============+============ # ==+===+==
  0.4375       0.125        1            0.5625        #   1   G  
  0.0714286    0.0714286    1            0.107143      #   2   G  
  0.0344828    0.0689655    1            0.0689655     #   3   G  
  0.0689655    0.0689655    1            0.0689655     #   4   G  
  0.3          0.1          0.3          1             #   5   T  
  0.172414     0.0344828    1            0.0344828     #   6   G  
  0.08         0.12         1            0.12          #   7   G  
  0.08         0            0.28         1             #   8   T  
  0.277778     1            0.388889     0.277778      #   9   C  
</psam>
</matrix_reduce>
