<?xml version="1.0" encoding="ISO-8859-1"?>
<matrix_reduce>
<meta>
	<time>04-09-2018 09:53:26</time>
	<source>curated_db.meme</source>
	<comment>meme2psam.py</comment>
	<nsites>33</nsites>
	<e-value>0.0</e-value>
</meta>

<directionality>forward</directionality>
<psam_length>9</psam_length>
<optimal_sequence>TGGGTGGTC</optimal_sequence>

<psam>
# A            C            G            T             # no. opt  
# +============+============+============+============ # ==+===+==
  0.166667     0.75         0.5          1             #   1   T  
  0.103448     0            1            0             #   2   G  
  0            0            1            0.0689655     #   3   G  
  0            0            1            0.0714286     #   4   G  
  0.25         0            0.3          1             #   5   T  
  0.173913     0.130435     1            0             #   6   G  
  0.2          0.2          1            0.1           #   7   G  
  0.05         0.5          0            1             #   8   T  
  0.117647     1            0.294118     0.352941      #   9   C  
</psam>
</matrix_reduce>
