<?xml version="1.0" encoding="ISO-8859-1"?>
<matrix_reduce>
<meta>
	<time>04-09-2018 09:53:26</time>
	<source>curated_db.meme</source>
	<comment>meme2psam.py</comment>
	<nsites>1000</nsites>
	<e-value>0.0</e-value>
</meta>

<directionality>forward</directionality>
<psam_length>15</psam_length>
<optimal_sequence>GACCCCCCGCTGTGC</optimal_sequence>

<psam>
# A            C            G            T             # no. opt  
# +============+============+============+============ # ==+===+==
  0.0760331    0.166942     1            0.404959      #   1   G  
  1            0.182104     0.384615     0.00313972    #   2   A  
  0.0344108    1            0.00104275   0.00729927    #   3   C  
  0.0391534    1            0.00952381   0.00952381    #   4   C  
  0.0723026    1            0.00778643   0.0311457     #   5   C  
  0            1            0            0             #   6   C  
  0.00603622   1            0            0             #   7   C  
  0.00152672   1            0            0.525191      #   8   C  
  0.0708915    0.00214823   1            0.00107411    #   9   G  
  0            1            0.0180505    0.185319      #  10   C  
  0.0597403    0.0623377    0.176623     1             #  11   T  
  0.0040201    0            1            0.00100503    #  12   G  
  0.203883     0.543689     0.18835      1             #  13   T  
  0            0.0201342    1            0.0950783     #  14   G  
  0.739336     1            0.0995261    0.530806      #  15   C  
</psam>
</matrix_reduce>
