<?xml version="1.0" encoding="ISO-8859-1"?>
<matrix_reduce>
<meta>
	<time>04-09-2018 09:53:26</time>
	<source>curated_db.meme</source>
	<comment>meme2psam.py</comment>
	<nsites>1000</nsites>
	<e-value>0.0</e-value>
</meta>

<directionality>forward</directionality>
<psam_length>15</psam_length>
<optimal_sequence>CCCCCCCGGGGGGGT</optimal_sequence>

<psam>
# A            C            G            T             # no. opt  
# +============+============+============+============ # ==+===+==
  0.354667     1            0.674667     0.637333      #   1   C  
  0.676275     1            0.208426     0.332594      #   2   C  
  0.172652     1            0.038674     0.16989       #   3   C  
  0.170861     1            0.0596026    0.0927152     #   4   C  
  0.144623     1            0.0444994    0.0432633     #   5   C  
  0.0575275    1            0.0942472    0.0722154     #   6   C  
  0.0582278    1            0.181013     0.0227848     #   7   C  
  0.0902256    0.132331     1            0.281203      #   8   G  
  0.0722154    0.0942472    1            0.0575275     #   9   G  
  0.0432633    0.0444994    1            0.144623      #  10   G  
  0.0927152    0.0596026    1            0.170861      #  11   G  
  0.16989      0.038674     1            0.172652      #  12   G  
  0.163522     0.108491     1            0.300314      #  13   G  
  0.122203     0.340792     1            0.258176      #  14   G  
  0.378866     0.60567      0.592784     1             #  15   T  
</psam>
</matrix_reduce>
