<?xml version="1.0" encoding="ISO-8859-1"?>
<matrix_reduce>
<meta>
	<time>04-09-2018 09:53:26</time>
	<source>curated_db.meme</source>
	<comment>meme2psam.py</comment>
	<nsites>1000</nsites>
	<e-value>0.0</e-value>
</meta>

<directionality>forward</directionality>
<psam_length>15</psam_length>
<optimal_sequence>GACCCCCCGCTGCGC</optimal_sequence>

<psam>
# A            C            G            T             # no. opt  
# +============+============+============+============ # ==+===+==
  0.122222     0.307407     1            0.422222      #   1   G  
  1            0.19562      0.264234     0             #   2   A  
  0.0337553    1            0            0.0189873     #   3   C  
  0.0336226    1            0.0140998    0.0336226     #   4   C  
  0.116931     1            0            0.101096      #   5   C  
  0            1            0            0             #   6   C  
  0            1            0            0             #   7   C  
  0            1            0            0.428571      #   8   C  
  0.100907     0.0226757    1            0.00907029    #   9   G  
  0.0219512    1            0.0341463    0.163415      #  10   C  
  0.110048     0.15949      0.325359     1             #  11   T  
  0.013347     0            1            0.013347      #  12   G  
  0.269663     1            0.146067     0.831461      #  13   C  
  0.0135747    0.00904977   1            0.107466      #  14   G  
  0.709184     1            0.163265     0.670918      #  15   C  
</psam>
</matrix_reduce>
