<?xml version="1.0" encoding="ISO-8859-1"?>
<matrix_reduce>
<meta>
	<time>04-09-2018 09:53:26</time>
	<source>curated_db.meme</source>
	<comment>meme2psam.py</comment>
	<nsites>1000</nsites>
	<e-value>0.0</e-value>
</meta>

<directionality>forward</directionality>
<psam_length>15</psam_length>
<optimal_sequence>AACAAACAACAAGAG</optimal_sequence>

<psam>
# A            C            G            T             # no. opt  
# +============+============+============+============ # ==+===+==
  1            0.504132     0.399449     0.85124       #   1   A  
  1            0.317422     0.529833     0.53222       #   2   A  
  0.392344     1            0.124402     0.873206      #   3   C  
  1            0.163636     0.0895105    0.141259      #   4   A  
  1            0.0294451    0.0362401    0.0634202     #   5   A  
  1            0.270125     0.059034     0.45975       #   6   A  
  0.662531     1            0.0669975    0.751861      #   7   C  
  1            0.0138445    0.0362087    0.0117146     #   8   A  
  1            0.0111483    0.0401338    0.0635452     #   9   A  
  0.593023     1            0.106589     0.238372      #  10   C  
  1            0.0317821    0.0544835    0.0488082     #  11   A  
  1            0.0732394    0.056338     0.277465      #  12   A  
  0.773585     0.389937     1            0.971698      #  13   G  
  1            0.421911     0.410256     0.491841      #  14   A  
  0.957746     0.273239     1            0.585915      #  15   G  
</psam>
</matrix_reduce>
