<?xml version="1.0" encoding="ISO-8859-1"?>
<matrix_reduce>
<meta>
	<time>04-09-2018 09:53:26</time>
	<source>curated_db.meme</source>
	<comment>meme2psam.py</comment>
	<nsites>34</nsites>
	<e-value>0.0</e-value>
</meta>

<directionality>forward</directionality>
<psam_length>15</psam_length>
<optimal_sequence>GGGGTGGGGGAGGGG</optimal_sequence>

<psam>
# A            C            G            T             # no. opt  
# +============+============+============+============ # ==+===+==
  0.333333     0.2          1            0.6           #   1   G  
  0.105263     0.315789     1            0.157895      #   2   G  
  0.5          0.428571     1            0.214286      #   3   G  
  0.157895     0.105263     1            0.315789      #   4   G  
  0.461538     0.461538     0.692308     1             #   5   T  
  0.0357143    0.0714286    1            0.0357143     #   6   G  
  0.0645161    0            1            0             #   7   G  
  0            0            1            0             #   8   G  
  0.0666667    0            1            0.0666667     #   9   G  
  0            0            1            0             #  10   G  
  1            0.4          0.333333     0.4           #  11   A  
  0.230769     0            1            0.0384615     #  12   G  
  0.0322581    0.0322581    1            0             #  13   G  
  0.230769     0            1            0.0384615     #  14   G  
  0.125        0.0833333    1            0.0833333     #  15   G  
</psam>
</matrix_reduce>
