<?xml version="1.0" encoding="ISO-8859-1"?>
<matrix_reduce>
<meta>
	<time>04-09-2018 09:53:26</time>
	<source>curated_db.meme</source>
	<comment>meme2psam.py</comment>
	<nsites>26</nsites>
	<e-value>0.0</e-value>
</meta>

<directionality>forward</directionality>
<psam_length>12</psam_length>
<optimal_sequence>GAGGGGGGCGGA</optimal_sequence>

<psam>
# A            C            G            T             # no. opt  
# +============+============+============+============ # ==+===+==
  0.230769     0.230769     1            0.384615      #   1   G  
  1            0.0909091    0.636364     0.454545      #   2   A  
  0.0454545    0            1            0.0454545     #   3   G  
  0            0.0454545    1            0.0454545     #   4   G  
  0            0            1            0.25          #   5   G  
  0            0.0416667    1            0.0416667     #   6   G  
  0.0416667    0            1            0             #   7   G  
  0            0            1            0             #   8   G  
  0.0909091    1            0.272727     0.818182      #   9   C  
  0.0555556    0.277778     1            0.0555556     #  10   G  
  0            0.0416667    1            0.0416667     #  11   G  
  1            0.214286     0.0714286    0.357143      #  12   A  
</psam>
</matrix_reduce>
