<?xml version="1.0" encoding="ISO-8859-1"?>
<matrix_reduce>
<meta>
	<time>04-09-2018 09:53:26</time>
	<source>curated_db.meme</source>
	<comment>meme2psam.py</comment>
	<nsites>15235</nsites>
	<e-value>0.0</e-value>
</meta>

<directionality>forward</directionality>
<psam_length>21</psam_length>
<optimal_sequence>GGAGGAGGAGGGGGAGGAGGA</optimal_sequence>

<psam>
# A            C            G            T             # no. opt  
# +============+============+============+============ # ==+===+==
  0.213505     0.0263609    1            0.135145      #   1   G  
  0.432036     0            1            0             #   2   G  
  1            0            0.252024     0.118187      #   3   A  
  0.032711     0            1            0.0696917     #   4   G  
  0.0811701    0.139597     1            0.00337539    #   5   G  
  1            0.0395862    0.00301746   0.0518715     #   6   A  
  0.139442     0.0750089    1            0.139442      #   7   G  
  0.135534     0.124618     1            0.0702995     #   8   G  
  1            0.119315     0.679403     0.0788857     #   9   A  
  0.728874     0.219145     1            0.215594      #  10   G  
  0.326787     0.112765     1            0.168831      #  11   G  
  0.980386     0.0876672    1            0.195691      #  12   G  
  0.468883     0.0696473    1            0.172545      #  13   G  
  0.454103     0.178943     1            0.0517585     #  14   G  
  1            0.119491     0.601738     0.19655       #  15   A  
  0.395693     0.00010353   1            0.181282      #  16   G  
  0.273617     0            1            0.0575898     #  17   G  
  1            0            0.709417     0.125         #  18   A  
  0.585677     0.0245433    1            0.0970526     #  19   G  
  0.414095     0.0661982    1            0.0710867     #  20   G  
  1            0.124862     0.845264     0.126927      #  21   A  
</psam>
</matrix_reduce>
