<?xml version="1.0" encoding="ISO-8859-1"?>
<matrix_reduce>
<meta>
	<time>04-09-2018 09:53:26</time>
	<source>curated_db.meme</source>
	<comment>meme2psam.py</comment>
	<nsites>39</nsites>
	<e-value>0.0</e-value>
</meta>

<directionality>forward</directionality>
<psam_length>12</psam_length>
<optimal_sequence>GGAAAAAGTCGG</optimal_sequence>

<psam>
# A            C            G            T             # no. opt  
# +============+============+============+============ # ==+===+==
  0.153846     0.153846     1            0.0769231     #   1   G  
  0            0.652174     1            0             #   2   G  
  1            0            0            0             #   3   A  
  1            0            0            0             #   4   A  
  1            0            0            0             #   5   A  
  1            0            0            0             #   6   A  
  1            0            0            0             #   7   A  
  1            0.692308     1            0             #   8   G  
  0.266667     0.733333     0.333333     1             #   9   T  
  0.533333     1            0.4          0.4           #  10   C  
  0.1875       0.4375       1            0.5625        #  11   G  
  0.357143     0.857143     1            0.285714      #  12   G  
</psam>
</matrix_reduce>
