<?xml version="1.0" encoding="ISO-8859-1"?>
<matrix_reduce>
<meta>
	<time>04-09-2018 09:53:26</time>
	<source>curated_db.meme</source>
	<comment>meme2psam.py</comment>
	<nsites>1000</nsites>
	<e-value>0.0</e-value>
</meta>

<directionality>forward</directionality>
<psam_length>17</psam_length>
<optimal_sequence>TATTATGGGATGGATAA</optimal_sequence>

<psam>
# A            C            G            T             # no. opt  
# +============+============+============+============ # ==+===+==
  0.964968     0.423567     0.796178     1             #   1   T  
  1            0.490765     0.662269     0.485488      #   2   A  
  0.453431     0.352941     0.644608     1             #   3   T  
  0.742169     0.0939759    0.566265     1             #   4   T  
  1            0.133252     0.0403423    0.0488998     #   5   A  
  0.0197917    0.00833333   0.0135417    1             #   6   T  
  0.00924025   0.00205339   1            0.0143737     #   7   G  
  0.0050813    0.00203252   1            0.00609756    #   8   G  
  0.00614125   0.00409417   1            0.013306      #   9   G  
  1            0.0126183    0.0241851    0.0147213     #  10   A  
  0.00508647   0.00406918   0.00508647   1             #  11   T  
  0.173603     0.00356718   1            0.0118906     #  12   G  
  0.00369686   0.0813309    1            0.757856      #  13   G  
  1            0.926108     0.330049     0.206897      #  14   A  
  0.823718     0.512821     0.86859      1             #  15   T  
  1            0.365979     0.554124     0.657216      #  16   A  
  1            0.803519     0.604106     0.524927      #  17   A  
</psam>
</matrix_reduce>
