<?xml version="1.0" encoding="ISO-8859-1"?>
<matrix_reduce>
<meta>
	<time>04-09-2018 09:53:26</time>
	<source>curated_db.meme</source>
	<comment>meme2psam.py</comment>
	<nsites>1000</nsites>
	<e-value>0.0</e-value>
</meta>

<directionality>forward</directionality>
<psam_length>17</psam_length>
<optimal_sequence>TCCATCCCATAATACTC</optimal_sequence>

<psam>
# A            C            G            T             # no. opt  
# +============+============+============+============ # ==+===+==
  0.392857     0.416667     0.564286     1             #   1   T  
  0.916844     1            0.21322      0.0021322     #   2   C  
  0            1            0            0.101322      #   3   C  
  1            0.001002     0            0.001002      #   4   A  
  0.0126449    0.00842993   0.032666     1             #   5   T  
  0.0173116    1            0            0.00101833    #   6   C  
  0.00300903   1            0            0             #   7   C  
  0            1            0            0             #   8   C  
  1            0.001002     0            0.001002      #   9   A  
  0            0.00200401   0            1             #  10   T  
  1            0.00200401   0            0             #  11   A  
  1            0.001002     0.001002     0             #  12   A  
  0.00100301   0.00200602   0            1             #  13   T  
  1            0.0040858    0.011236     0.0061287     #  14   A  
  0.832298     1            0.481366     0.791925      #  15   C  
  0.0748663    0.360071     0.345811     1             #  16   T  
  0.303077     1            0.0338462    0.196923      #  17   C  
</psam>
</matrix_reduce>
