<?xml version="1.0" encoding="ISO-8859-1"?>
<matrix_reduce>
<meta>
	<time>04-09-2018 09:53:26</time>
	<source>curated_db.meme</source>
	<comment>meme2psam.py</comment>
	<nsites>1000</nsites>
	<e-value>0.0</e-value>
</meta>

<directionality>forward</directionality>
<psam_length>14</psam_length>
<optimal_sequence>CTCGAACCCGTGCC</optimal_sequence>

<psam>
# A            C            G            T             # no. opt  
# +============+============+============+============ # ==+===+==
  0.130303     1            0.224242     0.160606      #   1   C  
  0.00825593   0.0175439    0.00309598   1             #   2   T  
  0.0155502    1            0.0191388    0.160287      #   3   C  
  0.0355277    0.00417973   1            0.00208986    #   4   G  
  1            0.145161     0.469534     0.177419      #   5   A  
  1            0.00303951   0.00202634   0.00810537    #   6   A  
  0            1            0            0             #   7   C  
  0.001001     1            0            0             #   8   C  
  0            1            0            0.00603622    #   9   C  
  0.155056     0.146067     1            0.939326      #  10   G  
  0.306324     0.300395     0.369565     1             #  11   T  
  0.434095     0.161687     1            0.161687      #  12   G  
  0.666667     1            0.35641      0.538462      #  13   C  
  0.490946     1            0.289738     0.229376      #  14   C  
</psam>
</matrix_reduce>
