<?xml version="1.0" encoding="ISO-8859-1"?>
<matrix_reduce>
<meta>
	<time>04-09-2018 09:53:26</time>
	<source>curated_db.meme</source>
	<comment>meme2psam.py</comment>
	<nsites>1000</nsites>
	<e-value>0.0</e-value>
</meta>

<directionality>forward</directionality>
<psam_length>12</psam_length>
<optimal_sequence>ACCCTCGAACCC</optimal_sequence>

<psam>
# A            C            G            T             # no. opt  
# +============+============+============+============ # ==+===+==
  1            0.0654971    0.0467836    0.0561404     #   1   A  
  0.0407041    1            0.0286029    0.029703      #   2   C  
  0.0528684    1            0.0314961    0.0404949     #   3   C  
  0.0117899    1            0.0375134    0.0192926     #   4   C  
  0.0166493    0.0176899    0.0062435    1             #   5   T  
  0.0369775    1            0.0434084    0.527331      #   6   C  
  0.058127     0.00861141   1            0.00968784    #   7   G  
  1            0.137427     0.214912     0.109649      #   8   A  
  1            0.00201613   0.00100806   0.00201613    #   9   A  
  0.00100806   1            0.00100806   0.00504032    #  10   C  
  0.00913706   1            0.00304569   0.00304569    #  11   C  
  0.0145682    1            0.0114464    0.0114464     #  12   C  
</psam>
</matrix_reduce>
