<?xml version="1.0" encoding="ISO-8859-1"?>
<matrix_reduce>
<meta>
	<time>04-09-2018 09:53:26</time>
	<source>curated_db.meme</source>
	<comment>meme2psam.py</comment>
	<nsites>1000</nsites>
	<e-value>0.0</e-value>
</meta>

<directionality>forward</directionality>
<psam_length>17</psam_length>
<optimal_sequence>CGAACAGTGCTCACTAT</optimal_sequence>

<psam>
# A            C            G            T             # no. opt  
# +============+============+============+============ # ==+===+==
  0.226244     1            0.441176     0.595023      #   1   C  
  0.736527     0.434132     1            0.823353      #   2   G  
  1            0.833866     0.517572     0.84345       #   3   A  
  1            0.452489     0.479638     0.330317      #   4   A  
  0.181009     1            0.117211     0.18546       #   5   C  
  1            0.00958466   0.0521832    0.00319489    #   6   A  
  0.0040568    0.0020284    1            0.00811359    #   7   G  
  0.00606673   0.00101112   0.00101112   1             #   8   T  
  0.0142712    0.00101937   1            0.00407747    #   9   G  
  0.00404449   1            0            0.00404449    #  10   C  
  0.00101112   0.00808898   0.00202224   1             #  11   T  
  0.00201613   1            0.00302419   0.00302419    #  12   C  
  1            0.773256     0.112403     0.0523256     #  13   A  
  0.305128     1            0.374359     0.884615      #  14   C  
  0.774684     0.420253     0.334177     1             #  15   T  
  1            0.332474     0.742268     0.5           #  16   A  
  0.812665     0.401055     0.424802     1             #  17   T  
</psam>
</matrix_reduce>
