<?xml version="1.0" encoding="ISO-8859-1"?>
<matrix_reduce>
<meta>
	<time>04-09-2018 09:53:26</time>
	<source>curated_db.meme</source>
	<comment>meme2psam.py</comment>
	<nsites>1000</nsites>
	<e-value>0.0</e-value>
</meta>

<directionality>forward</directionality>
<psam_length>13</psam_length>
<optimal_sequence>AGAAAGGGTTAAT</optimal_sequence>

<psam>
# A            C            G            T             # no. opt  
# +============+============+============+============ # ==+===+==
  1            0.635514     0.638629     0.841121      #   1   A  
  0.0478589    0.657431     1            0.813602      #   2   G  
  1            0.0615385    0.115385     0.105128      #   3   A  
  1            0.00930714   0.0134436    0.0113754     #   4   A  
  1            0.014218     0.13981      0.0296209     #   5   A  
  0.00102041   0.00102041   1            0.0183673     #   6   G  
  0.0395421    0            1            0.00104058    #   7   G  
  0.00200401   0            1            0             #   8   G  
  0.00200803   0.00100402   0.00100402   1             #   9   T  
  0.001002     0            0.001002     1             #  10   T  
  1            0            0            0             #  11   A  
  1            0.00200602   0            0.00100301    #  12   A  
  0.950521     0.533854     0.117188     1             #  13   T  
</psam>
</matrix_reduce>
