<?xml version="1.0" encoding="ISO-8859-1"?>
<matrix_reduce>
<meta>
	<time>04-09-2018 09:53:26</time>
	<source>curated_db.meme</source>
	<comment>meme2psam.py</comment>
	<nsites>1001</nsites>
	<e-value>0.0</e-value>
</meta>

<directionality>forward</directionality>
<psam_length>10</psam_length>
<optimal_sequence>CCCCCCCCAC</optimal_sequence>

<psam>
# A            C            G            T             # no. opt  
# +============+============+============+============ # ==+===+==
  0.590909     1            0.383117     0.183983      #   1   C  
  0.0901639    1            0.0117096    0.0667447     #   2   C  
  0.0678337    1            0.00328228   0.0229759     #   3   C  
  0.00925926   1            0.00411523   0.0154321     #   4   C  
  0.0092688    1            0.00514933   0.015448      #   5   C  
  0.00308325   1            0.00924974   0.0133607     #   6   C  
  0.0242105    1            0.0178947    0.0105263     #   7   C  
  0.0487805    1            0.00997783   0.0476718     #   8   C  
  1            0.273529     0.0529412    0.144118      #   9   A  
  0.200323     1            0.0840065    0.327948      #  10   C  
</psam>
</matrix_reduce>
