<?xml version="1.0" encoding="ISO-8859-1"?>
<matrix_reduce>
<meta>
	<time>04-09-2018 09:53:26</time>
	<source>curated_db.meme</source>
	<comment>meme2psam.py</comment>
	<nsites>1000</nsites>
	<e-value>0.0</e-value>
</meta>

<directionality>forward</directionality>
<psam_length>10</psam_length>
<optimal_sequence>CCCCCCCCAC</optimal_sequence>

<psam>
# A            C            G            T             # no. opt  
# +============+============+============+============ # ==+===+==
  0.345614     1            0.280702     0.122807      #   1   C  
  0.0229406    1            0.00312826   0.0135558     #   2   C  
  0.0114345    1            0.010395     0.016632      #   3   C  
  0.0134995    1            0.0103842    0.0114226     #   4   C  
  0.0561167    1            0.0325477    0.03367       #   5   C  
  0.00612245   1            0.00816327   0.00612245    #   6   C  
  0.00920245   1            0.00102249   0.0122699     #   7   C  
  0.0174482    1            0.0130862    0.0599782     #   8   C  
  1            0.0962861    0.0976616    0.181568      #   9   A  
  0.110619     1            0.0501475    0.314159      #  10   C  
</psam>
</matrix_reduce>
