<?xml version="1.0" encoding="ISO-8859-1"?>
<matrix_reduce>
<meta>
	<time>04-09-2018 09:53:26</time>
	<source>curated_db.meme</source>
	<comment>meme2psam.py</comment>
	<nsites>1000</nsites>
	<e-value>0.0</e-value>
</meta>

<directionality>forward</directionality>
<psam_length>12</psam_length>
<optimal_sequence>GCTTTTCCCACA</optimal_sequence>

<psam>
# A            C            G            T             # no. opt  
# +============+============+============+============ # ==+===+==
  0.0900621    0.104037     1            0.358696      #   1   G  
  0.155698     1            0.385233     0.0642055     #   2   C  
  0.015873     0.0941043    0.0238095    1             #   3   T  
  0            0.0239085    0.0155925    1             #   4   T  
  0.0167891    0.00839454   0.0241343    1             #   5   T  
  0            0.00838574   0.0398323    1             #   6   T  
  0            1            0            0             #   7   C  
  0.039657     1            0            0.0321543     #   8   C  
  0            1            0            0.0245902     #   9   C  
  1            0            0.0615551    0.0172786     #  10   A  
  0.0245902    1            0            0             #  11   C  
  1            0.0885287    0.0985037    0.0598504     #  12   A  
</psam>
</matrix_reduce>
