<?xml version="1.0" encoding="ISO-8859-1"?>
<matrix_reduce>
<meta>
	<time>04-09-2018 09:53:26</time>
	<source>curated_db.meme</source>
	<comment>meme2psam.py</comment>
	<nsites>1000</nsites>
	<e-value>0.0</e-value>
</meta>

<directionality>forward</directionality>
<psam_length>10</psam_length>
<optimal_sequence>CCCCCCCCAC</optimal_sequence>

<psam>
# A            C            G            T             # no. opt  
# +============+============+============+============ # ==+===+==
  0.885965     1            0.649123     0.388889      #   1   C  
  0.263083     1            0.039604     0.11174       #   2   C  
  0.219355     1            0.00903226   0.0619355     #   3   C  
  0.0511425    1            0.00870511   0.0282916     #   4   C  
  0.0409924    1            0.00323625   0.03452       #   5   C  
  0.0719178    1            0.0159817    0.053653      #   6   C  
  0.088968     1            0.0450771    0.0521945     #   7   C  
  0.147287     1            0.0400517    0.104651      #   8   C  
  1            0.156483     0.104322     0.229508      #   9   A  
  0.30394      1            0.131332     0.435272      #  10   C  
</psam>
</matrix_reduce>
