<?xml version="1.0" encoding="ISO-8859-1"?>
<matrix_reduce>
<meta>
	<time>04-09-2018 09:53:26</time>
	<source>curated_db.meme</source>
	<comment>meme2psam.py</comment>
	<nsites>1000</nsites>
	<e-value>0.0</e-value>
</meta>

<directionality>forward</directionality>
<psam_length>16</psam_length>
<optimal_sequence>CCCCCCCCCCCACTTG</optimal_sequence>

<psam>
# A            C            G            T             # no. opt  
# +============+============+============+============ # ==+===+==
  0.345088     1            0.34005      0.833753      #   1   C  
  0.443645     1            0.513189     0.434053      #   2   C  
  0.5          1            0.505848     0.918129      #   3   C  
  0.247039     1            0.247039     0.19797       #   4   C  
  0.209091     1            0.172727     0.133333      #   5   C  
  0.296        1            0.00933333   0.024         #   6   C  
  0.0259605    1            0.00207684   0.0103842     #   7   C  
  0.00919305   1            0            0.00919305    #   8   C  
  0.0102354    1            0.00102354   0.0122825     #   9   C  
  0.0271682    1            0.00208986   0.015674      #  10   C  
  0.259259     1            0.0145503    0.0489418     #  11   C  
  1            0.743381     0.0529532    0.240326      #  12   A  
  0.766332     1            0.180905     0.565327      #  13   C  
  0.840532     0.774086     0.707641     1             #  14   T  
  0.3925       0.745        0.3625       1             #  15   T  
  0.564263     0.918495     1            0.652038      #  16   G  
</psam>
</matrix_reduce>
